Incident Number;Date;Time;Police District;Offense 1;Offense 2;Offense 3;Location;Address
151510134;05/31/2015;09:15 PM;4.0;THEFT FROM BUILDING;;;[43.11278961226844, -87.95154161757722];5241 N 31ST ST
151490123;05/29/2015;04:46 PM;7.0;THEFT FROM MOTOR VEHICLE;;;[43.11157423113474, -87.94999586359404];5191 N TEUTONIA AV
151470077;05/27/2015;11:57 AM;4.0;THEFT FROM BUILDING;;;[43.12747469871535, -87.96729493714079];6046 N HOPKINS ST
151470106;05/27/2015;03:35 PM;7.0;THEFT FROM MOTOR VEHICLE;;;[43.10472185780042, -87.95918112745089];3700 W HAMPTON AV
151470149;05/27/2015;07:38 PM;5.0;THEFT OF MOTOR VEHICLE PARTS/ACCESSORIES;;;[43.09144009668941, -87.94687433372182];4110 N 27TH ST
151460006;05/26/2015;12:24 AM;5.0;THEFT FROM MOTOR VEHICLE;;;[43.09232363336028, -87.92938493738835];4140 N 15TH ST
151460124;05/26/2015;03:09 PM;7.0;THEFT FROM BUILDING;;;[43.10473150822298, -87.97507297446477];4948 W HAMPTON AV #1
151450073;05/25/2015;12:16 PM;7.0;THEFT FROM MOTOR VEHICLE;;;[43.1082254787926, -87.95388264210284];3230 W FAIRMOUNT AV
151450076;05/25/2015;11:30 AM;4.0;THEFT FROM BUILDING;;;[43.11318482653357, -87.94764593738836];5260 N 28TH ST
151440006;05/24/2015;12:44 AM;7.0;THEFT FROM MOTOR VEHICLE;;;[43.107229089647404, -87.93694911368208];4929 N 20TH ST
151440137;05/24/2015;09:44 PM;7.0;THEFT FROM BUILDING;;;[43.10768808964741, -87.93693013921731];4955 N 20TH ST #LWR
151430038;05/23/2015;08:41 AM;7.0;THEFT FROM BUILDING;;;[43.11157423113474, -87.94999586359404];5191 N TEUTONIA AV
151430112;05/23/2015;08:42 PM;4.0;THEFT OF MOTOR VEHICLE PARTS/ACCESSORIES;;;[43.115641187118875, -87.96008978217675];3804 W CUSTER AV
151420040;05/22/2015;09:27 AM;5.0;THEFT FROM MOTOR VEHICLE;;;[43.093485785734885, -87.93819057372015];4179 N 21ST ST
151420044;05/22/2015;08:34 AM;5.0;THEFT FROM MOTOR VEHICLE;;;[43.09563474271454, -87.92927243738835];4332 N 15TH ST
151420045;05/22/2015;08:34 AM;5.0;THEFT FROM MOTOR VEHICLE;;;[43.09563474271454, -87.92927243738835];4332 N 15TH ST
151420055;05/22/2015;11:02 AM;5.0;THEFT OF MOTOR VEHICLE PARTS/ACCESSORIES;;;[43.09533888481735, -87.93418488242277];4304 N 19TH ST
151420103;05/22/2015;03:38 PM;5.0;THEFT OF MOTOR VEHICLE PARTS/ACCESSORIES;;;[43.09075777990651, -87.9409081392173];4045 N 23RD ST
151420113;05/22/2015;09:55 AM;4.0;THEFT FROM BUILDING;;;[43.11811794754459, -87.95265162479058];5533 N 32ND ST
151410015;05/21/2015;05:32 AM;7.0;THEFT OF MOTOR VEHICLE PARTS/ACCESSORIES;;;[43.109662972366635, -87.93796384320046];5068 N 21ST ST
151410146;05/21/2015;08:27 PM;4.0;THEFT FROM MOTOR VEHICLE;;;[43.12649631793427, -87.951803718335];6000 N TEUTONIA AV
151400076;05/20/2015;03:08 PM;4.0;THEFT FROM MOTOR VEHICLE;;;[43.127916389109856, -87.95213925315838];6081 N TEUTONIA AV
151390040;05/19/2015;10:44 AM;7.0;THEFT FROM BUILDING;;;[43.10473049321934, -87.9733935];4818 W HAMPTON AV
151360044;05/16/2015;06:53 AM;4.0;THEFT OF MOTOR VEHICLE PARTS/ACCESSORIES;;;[43.12459927077263, -87.94731145498056];2800 W BOBOLINK AV
151360099;05/16/2015;01:54 PM;7.0;THEFT OF MOTOR VEHICLE PARTS/ACCESSORIES;;;[43.1063375115412, -87.94713247446477];2714 W STARK ST
151370007;05/16/2015;09:51 PM;4.0;THEFT FROM MOTOR VEHICLE;;;[43.120007622540236, -87.95051563662116];5630 N TEUTONIA AV
151350026;05/15/2015;07:08 AM;5.0;THEFT FROM MOTOR VEHICLE;;;[43.090927994171636, -87.92821591185313];4066 N 14TH ST
151350143;05/15/2015;09:47 PM;7.0;THEFT FROM MOTOR VEHICLE;;;[43.107270539529246, -87.95194127699232];3101 W CAMERON AV
151330159;05/13/2015;01:59 PM;7.0;THEFT FROM BUILDING;;;[43.107851567574635, -87.94838117211013];4971-A N TEUTONIA AV
151320078;05/12/2015;01:11 PM;4.0;THEFT OF MOTOR VEHICLE PARTS/ACCESSORIES;;;[43.14483529526601, -87.95598973151677];3535 W KILEY AV
151320198;05/12/2015;11:28 PM;5.0;THEFT OF MOTOR VEHICLE PARTS/ACCESSORIES;;;[43.09663597446479, -87.93663234246083];4362 N 20TH ST
151310026;05/11/2015;06:42 AM;4.0;THEFT OF MOTOR VEHICLE PARTS/ACCESSORIES;;;[43.12814419900167, -87.95852059925535];6067 N 37TH ST
151310120;05/11/2015;06:14 PM;7.0;THEFT OF MOTOR VEHICLE PARTS/ACCESSORIES;;;[43.108354525152784, -87.93856311806472];2112 W FAIRMOUNT AV
151310174;05/11/2015;10:50 PM;4.0;THEFT FROM BUILDING;;;[43.11186948268775, -87.9523512485429];3120 W VILLARD AV
151300059;05/10/2015;12:31 PM;4.0;THEFT FROM BUILDING;;;[43.14250336272948, -87.95859124042458];3809 W CHEYENNE ST
151300083;05/10/2015;04:16 PM;7.0;THEFT OF MOTOR VEHICLE PARTS/ACCESSORIES;;;[43.08998124668125, -87.95581374668126];3400 W CAPITOL DR
151280101;05/08/2015;02:09 PM;4.0;THEFT FROM MOTOR VEHICLE;;;[43.14201254954125, -87.96558434909727];6820 N 43RD ST
151280120;05/08/2015;01:55 PM;4.0;THEFT FROM MOTOR VEHICLE;;;[43.137458549541236, -87.96205234852034];6580 N 40TH ST
151280159;05/08/2015;08:17 PM;4.0;THEFT OF MOTOR VEHICLE PARTS/ACCESSORIES;;;[43.151750488458816, -87.96086083236193];3901 W TUPELO ST
151280174;05/08/2015;08:06 PM;4.0;THEFT FROM BUILDING;;;[43.14491248600598, -87.96040263918864];3908 W KILEY AV
151270044;05/07/2015;10:57 AM;5.0;THEFT OF MOTOR VEHICLE PARTS/ACCESSORIES;;;[43.09594154954124, -87.93298493738835];4334 N 18TH ST
151270053;05/07/2015;11:42 AM;4.0;THEFT FROM MOTOR VEHICLE;;;[43.11194652264969, -87.96592333236194];4224 W VILLARD AV
151270132;05/07/2015;03:02 PM;7.0;THEFT FROM BUILDING;;;[43.10823545325738, -87.95331016763807];3210 W FAIRMOUNT AV
151280022;05/07/2015;08:58 PM;7.0;THEFT FROM BUILDING;;;[43.10595512236817, -87.94092913376599];2338 W LINWAL LA
151250041;05/05/2015;08:48 AM;7.0;THEFT OF MOTOR VEHICLE PARTS/ACCESSORIES;;;[43.106523525967916, -87.97788016763806];5206 W STARK ST
151250079;05/05/2015;11:29 AM;4.0;THEFT FROM MOTOR VEHICLE;;;[43.11562711053676, -87.93387802143947];5400 N GREEN BAY AV
151240056;05/04/2015;10:26 AM;4.0;THEFT FROM BUILDING;;;[43.114023586733225, -87.94883112479059];5309 N 29TH ST
151240070;05/04/2015;11:53 AM;4.0;THEFT FROM MOTOR VEHICLE;;;[43.12932358673322, -87.96093110646872];6115 N 39TH ST
151230089;05/03/2015;01:54 PM;4.0;THEFT FROM BUILDING;;;[43.11186948268775, -87.9523512485429];3120 W VILLARD AV
151230090;05/03/2015;02:05 PM;7.0;THEFT OF MOTOR VEHICLE PARTS/ACCESSORIES;;;[43.10456216020192, -87.94054885082586];2300 W HAMPTON AV
151210050;05/01/2015;12:27 PM;7.0;THEFT OF MOTOR VEHICLE PARTS/ACCESSORIES;;;[43.10837783546858, -87.97519019705024];5000 W FAIRMOUNT AV
151510035;05/31/2015;09:05 AM;7.0;THEFT FROM MOTOR VEHICLE;;;[43.070825460470736, -87.99143391618097];6324 W RICHMOND AV
151500094;05/30/2015;03:18 PM;3.0;THEFT FROM BUILDING;;;[43.06765667583237, -87.98496770578234];5758 W APPLETON AV
151500100;05/30/2015;04:04 PM;3.0;THEFT FROM BUILDING;;;[43.04200000000003, -87.90686999999997];1 S BREWERS WA
151480107;05/28/2015;05:27 PM;7.0;THEFT FROM MOTOR VEHICLE;;;[43.071174450458756, -87.97979160257358];2869 N 53RD ST
151470089;05/27/2015;01:02 PM;7.0;THEFT OF MOTOR VEHICLE PARTS/ACCESSORIES;;;[43.088755692148354, -88.00710437802434];3936 N 76TH ST
151460055;05/26/2015;09:18 AM;7.0;THEFT OF MOTOR VEHICLE PARTS/ACCESSORIES;;;[43.08769912980943, -88.00213952278747];7236 W APPLETON AV
151460137;05/26/2015;04:58 PM;3.0;THEFT OF MOTOR VEHICLE PARTS/ACCESSORIES;;;[43.025228999999996, -87.98990394460172];632 S 62ND ST
151460158;05/26/2015;05:41 PM;7.0;THEFT FROM MOTOR VEHICLE;;;[43.08440849913744, -88.00438193363932];7301 W NASH ST
151440134;05/24/2015;03:12 PM;7.0;THEFT FROM MOTOR VEHICLE;;;[43.072973968636404, -87.97732389353128];2962 N 51ST ST
151420047;05/22/2015;09:56 AM;7.0;THEFT OF MOTOR VEHICLE PARTS/ACCESSORIES;;;[43.08205332361936, -87.98334958814687];3455 N 56TH ST
151410145;05/21/2015;08:45 PM;7.0;THEFT FROM MOTOR VEHICLE;;;[43.08128832361936, -87.9833195809335];3419 N 56TH ST
151400049;05/20/2015;09:51 AM;3.0;THEFT FROM MOTOR VEHICLE;;;[43.061561832361946, -87.97867236020578];2360 N 52ND ST
151400153;05/20/2015;09:30 PM;7.0;THEFT FROM MOTOR VEHICLE;;;[43.073474483841586, -87.9761812590745];5000 W CHAMBERS ST
151410007;05/20/2015;10:43 PM;3.0;THEFT FROM BUILDING;;;[43.03601974854291, -87.96283008482864];455 N 39TH ST #12
151390051;05/19/2015;08:53 AM;3.0;THEFT OF MOTOR VEHICLE PARTS/ACCESSORIES;;;[43.029342136274465, -87.98503053375819];201 S HAWLEY CT
151360071;05/16/2015;09:45 AM;3.0;THEFT FROM MOTOR VEHICLE;;;[43.03774422195039, -88.02357712229423];640 N 89TH ST
151350085;05/15/2015;03:28 PM;3.0;THEFT FROM MOTOR VEHICLE;;;[43.034166838190316, -87.9613910809335];317 N 38TH ST
151340029;05/14/2015;08:15 AM;7.0;THEFT OF MOTOR VEHICLE PARTS/ACCESSORIES;;;[43.073474483841586, -87.9761812590745];5000 W CHAMBERS ST
151320029;05/12/2015;07:23 AM;3.0;THEFT OF MOTOR VEHICLE PARTS/ACCESSORIES;;;[43.02654198499637, -88.0194514926424];447 S 86TH ST
151320031;05/12/2015;08:02 AM;3.0;THEFT FROM MOTOR VEHICLE;;;[43.02385947879261, -88.02307383527612];8858 W SCHLINGER AV
151320130;05/12/2015;05:29 PM;3.0;THEFT FROM MOTOR VEHICLE;;;[43.04367631943577, -87.98285080875995];5539 W STATE ST
151310184;05/11/2015;11:50 PM;3.0;THEFT FROM BUILDING;;;[43.03564061915262, -87.98754262650588];423 N 60TH ST
152050035;05/11/2015;09:45 AM;7.0;THEFT FROM BUILDING;;;[43.07164949495009, -87.97800319747245];5110 W LOCUST ST
151280078;05/08/2015;11:07 AM;7.0;THEFT OF MOTOR VEHICLE PARTS/ACCESSORIES;;;[43.08699541326678, -87.98823338631792];3828 N 61ST ST
151270031;05/07/2015;08:30 AM;3.0;THEFT FROM MOTOR VEHICLE;;;[43.03984218293956, -87.98015664944286];5300 W WELLS ST
151240030;05/04/2015;07:42 AM;3.0;THEFT FROM MOTOR VEHICLE;;;[43.037689590599705, -87.97412868720068];4807 W WOODLAWN CT
151240038;05/04/2015;09:01 AM;3.0;THEFT FROM MOTOR VEHICLE;;;[43.03692148600598, -87.97397394754458];4732 W BLUE MOUND RD
151240123;05/04/2015;03:56 PM;3.0;THEFT OF MOTOR VEHICLE PARTS/ACCESSORIES;;;[43.06392072191116, -87.97938657395129];5230 W LISBON AV
151230057;05/03/2015;09:50 AM;7.0;THEFT OF MOTOR VEHICLE PARTS/ACCESSORIES;;;[43.07911389757064, -87.98301614611356];5551 W BROOKLYN PL
151230096;05/03/2015;02:57 PM;3.0;THEFT OF MOTOR VEHICLE PARTS/ACCESSORIES;;;[43.03601974854291, -87.96283008482864];455 N 39TH ST
151220063;05/02/2015;08:45 AM;3.0;THEFT FROM BUILDING;;;[43.05692602553523, -87.98310007703836];2043 N 56TH ST
151220070;05/02/2015;11:14 AM;7.0;THEFT OF MOTOR VEHICLE PARTS/ACCESSORIES;;;[43.06892138106646, -87.98592819360597];5835 W APPLETON AV
151510090;05/31/2015;04:52 PM;6.0;THEFT FROM MOTOR VEHICLE;;;[42.98453499599454, -87.95229865136133];3330 S 30TH ST
151490136;05/29/2015;05:41 PM;2.0;THEFT OF MOTOR VEHICLE PARTS/ACCESSORIES;;;[43.0030254884588, -87.95693102262103];3401 W LINCOLN AV
151490173;05/29/2015;10:04 PM;6.0;THEFT FROM MOTOR VEHICLE;;;[42.9772934246089, -87.94859075166657];3701 S 27TH ST
151450066;05/25/2015;11:36 AM;6.0;THEFT FROM MOTOR VEHICLE;;;[42.9781059769998, -87.98778607279384];3650 S 60TH ST
151450083;05/25/2015;01:33 PM;6.0;THEFT OF MOTOR VEHICLE PARTS/ACCESSORIES;;;[42.975485488458816, -88.02464383236193];8919 W CRAWFORD AV
151440084;05/24/2015;12:54 PM;6.0;THEFT FROM BUILDING;;;[42.97730529892086, -87.99342735988772];3725 S 63RD ST
151430063;05/23/2015;10:52 AM;6.0;THEFT FROM BUILDING;;;[42.98815153895233, -88.0165035];8307 W OKLAHOMA AV #9
151410037;05/21/2015;08:58 AM;6.0;THEFT FROM MOTOR VEHICLE;;;[42.97681786372556, -88.03265907372014];3717 S 96TH ST
151380026;05/18/2015;05:05 AM;6.0;THEFT OF MOTOR VEHICLE PARTS/ACCESSORIES;;;[42.96959285264569, -87.97817447735031];4100 S 51ST ST
151380112;05/18/2015;04:47 PM;6.0;THEFT OF MOTOR VEHICLE PARTS/ACCESSORIES;;;[42.999440057891825, -87.96965132124878];2461 S 43RD ST
151370106;05/17/2015;04:43 PM;6.0;THEFT FROM MOTOR VEHICLE;;;[42.98453499599454, -87.95229865136133];3330 S 30TH ST
151360131;05/16/2015;06:06 PM;6.0;THEFT FROM BUILDING;;;[42.98012898499637, -87.9485415289958];3545 S 27TH ST
151350028;05/15/2015;07:29 AM;6.0;THEFT FROM MOTOR VEHICLE;;;[42.986026486005954, -88.01448291618097];8120 W BURDICK AV
151350029;05/15/2015;07:30 AM;6.0;THEFT FROM MOTOR VEHICLE;;;[42.986026486005954, -88.01448291618097];8120 W BURDICK AV
151340063;05/14/2015;11:55 AM;6.0;THEFT FROM MOTOR VEHICLE;;;[42.992820922009344, -87.98781101543632];2845 S 60TH ST
151350003;05/14/2015;08:57 PM;6.0;THEFT FROM BUILDING;;;[42.97431150678067, -88.00638258090484];7413 W TRIPOLI AV #4
151320116;05/12/2015;04:21 PM;6.0;THEFT FROM MOTOR VEHICLE;THEFT OF MOTOR VEHICLE PARTS/ACCESSORIES;;[42.980390123222406, -87.94856134868154];3555 S 27TH ST
151300045;05/10/2015;11:14 AM;6.0;THEFT OF MOTOR VEHICLE PARTS/ACCESSORIES;;;[42.98835152842075, -87.97461227699232];4815 W OKLAHOMA AV
151240025;05/04/2015;05:24 AM;6.0;THEFT FROM MOTOR VEHICLE;;;[42.98696688842404, -87.95936539935965];3164 S 36TH ST
151240032;05/04/2015;08:09 AM;6.0;THEFT FROM MOTOR VEHICLE;;;[42.98362345683542, -87.95964155026238];3363 S PRINCETON AV
151230080;05/03/2015;09:48 AM;6.0;THEFT FROM MOTOR VEHICLE;;;[42.97476651154119, -87.99686983236194];6710 W TRIPOLI AV
151220002;05/02/2015;12:16 AM;2.0;THEFT OF MOTOR VEHICLE PARTS/ACCESSORIES;;;[43.0028815160561, -87.96191645572411];3811 W LINCOLN AV
151510077;05/31/2015;02:47 PM;2.0;THEFT FROM BUILDING;;;[43.01237119640127, -87.9245759739686];1030 W HISTORIC MITCHELL ST
151500097;05/30/2015;03:47 PM;2.0;THEFT FROM MOTOR VEHICLE;;;[43.02009054674261, -87.928713];1323 W WASHINGTON ST
151480173;05/28/2015;06:28 PM;2.0;THEFT FROM BUILDING;;;[43.02116449711447, -87.924951];1030 W MINERAL ST #UPR
151470037;05/27/2015;07:24 AM;2.0;THEFT OF MOTOR VEHICLE PARTS/ACCESSORIES;;;[43.000056670552254, -87.92610807372014];2453 S 11TH ST
151470078;05/27/2015;11:58 AM;2.0;THEFT FROM MOTOR VEHICLE;;;[43.0222021306118, -87.90711142535162];818 S WATER ST
151470092;05/27/2015;12:22 PM;1.0;THEFT OF MOTOR VEHICLE PARTS/ACCESSORIES;;;[43.02736551875456, -87.9149930553696];326 W FLORIDA ST
151460047;05/26/2015;08:08 AM;2.0;THEFT OF MOTOR VEHICLE PARTS/ACCESSORIES;;;[43.01977500000001, -87.93809005929342];1113 S 20TH ST
151460064;05/26/2015;09:46 AM;2.0;THEFT FROM MOTOR VEHICLE;;;[43.02842848860762, -87.91371706937906];710 W OREGON ST
151450043;05/25/2015;09:41 AM;2.0;THEFT FROM MOTOR VEHICLE;;;[43.00974033527612, -87.91999856650678];1915 S 7TH ST
151450057;05/25/2015;10:59 AM;2.0;THEFT FROM MOTOR VEHICLE;;;[43.01971317346644, -87.91116394070657];1112 S 1ST ST
151450071;05/25/2015;11:51 AM;2.0;THEFT FROM MOTOR VEHICLE;;;[43.00993926638953, -87.92142572202282];1909 S 8TH ST
151450095;05/25/2015;02:57 PM;2.0;THEFT OF MOTOR VEHICLE PARTS/ACCESSORIES;;;[43.00744499999999, -87.935326430175];2040 S 18TH ST
151450112;05/25/2015;04:39 PM;2.0;THEFT OF MOTOR VEHICLE PARTS/ACCESSORIES;;;[43.01705647489748, -87.93839266763806];2010 W GREENFIELD AV
151430104;05/23/2015;07:53 PM;2.0;THEFT FROM BUILDING;;;[43.02122227588488, -87.91089038713305];126 E MINERAL ST
151420112;05/22/2015;04:43 PM;2.0;THEFT OF MOTOR VEHICLE PARTS/ACCESSORIES;;;[43.022879512695035, -87.93621351985107];1818 W NATIONAL AV
151420127;05/22/2015;07:02 PM;2.0;THEFT FROM MOTOR VEHICLE;;;[43.02087367055225, -87.91399539353127];1002 S 3RD ST #206
151420143;05/22/2015;09:39 PM;2.0;THEFT FROM MOTOR VEHICLE;;;[42.99570938773155, -87.9313024773503];2690 S 15TH ST
151400063;05/20/2015;01:40 PM;2.0;THEFT FROM BUILDING;;;[43.02296317050911, -87.93557630570855];1800 W NATIONAL AV
151390026;05/19/2015;07:16 AM;2.0;THEFT OF MOTOR VEHICLE PARTS/ACCESSORIES;;;[43.02153955536963, -87.91544958482864];925 S 4TH ST
151380065;05/18/2015;10:04 AM;2.0;THEFT FROM MOTOR VEHICLE;;;[43.02205074271453, -87.92253154818492];903 S 9TH ST
151380092;05/18/2015;01:06 PM;2.0;THEFT FROM BUILDING;;;[43.00282748845882, -87.924672];983 W LINCOLN AV
151380108;05/18/2015;04:02 PM;2.0;THEFT OF MOTOR VEHICLE PARTS/ACCESSORIES;;;[43.020962999999995, -87.93301645902845];1000 S CESAR E CHAVEZ DR
151370013;05/17/2015;01:35 AM;2.0;THEFT FROM MOTOR VEHICLE;;;[43.02002984200437, -87.92448619497843];1037 W WASHINGTON ST
151360045;05/16/2015;07:01 AM;2.0;THEFT OF MOTOR VEHICLE PARTS/ACCESSORIES;;;[43.01099948845882, -87.92617402553522];1117 W MAPLE ST
151360088;05/16/2015;12:28 PM;2.0;THEFT OF MOTOR VEHICLE PARTS/ACCESSORIES;;;[43.01563536663974, -87.92684001875456];1513 S 12TH ST
151360116;05/16/2015;04:40 PM;2.0;THEFT FROM MOTOR VEHICLE;;;[43.026235255101284, -87.91332661019469];251 W VIRGINIA ST
151350047;05/15/2015;09:19 AM;1.0;THEFT OF MOTOR VEHICLE PARTS/ACCESSORIES;;;[43.02831047013695, -87.91172417485141];133 W OREGON ST #503
151350082;05/15/2015;02:38 PM;2.0;THEFT FROM MOTOR VEHICLE;;;[43.009488052455424, -87.91530342512603];1930 S 4TH ST
151350115;05/15/2015;06:25 PM;2.0;THEFT FROM BUILDING;;;[43.01413484948038, -87.93110372491338];1515 W LAPHAM BL
151330016;05/13/2015;01:31 AM;2.0;THEFT FROM MOTOR VEHICLE;;;[43.0222021306118, -87.90711142535162];818 S WATER ST
151330151;05/13/2015;10:12 PM;2.0;THEFT OF MOTOR VEHICLE PARTS/ACCESSORIES;;;[43.01958633527613, -87.936809592042];1123 S 19TH ST
151320054;05/12/2015;10:39 AM;2.0;THEFT OF MOTOR VEHICLE PARTS/ACCESSORIES;;;[43.01574283236195, -87.9111564551333];1500 S 1ST ST
151320162;05/12/2015;06:35 PM;2.0;THEFT FROM MOTOR VEHICLE;;;[43.012018005828395, -87.93211101154118];1709 S 15TH PL
151240098;05/11/2015;03:44 PM;2.0;THEFT FROM BUILDING;;;[43.00296013615611, -87.92867931245078];1310 W LINCOLN AV
151250076;05/11/2015;04:18 PM;2.0;THEFT OF MOTOR VEHICLE PARTS/ACCESSORIES;;;[43.01370481592378, -87.91842150753479];1620 S 6TH ST
151310040;05/11/2015;08:49 AM;2.0;THEFT OF MOTOR VEHICLE PARTS/ACCESSORIES;;;[43.02291892339432, -87.92928055208006];807 S 14TH ST
151310064;05/11/2015;11:58 AM;2.0;THEFT FROM MOTOR VEHICLE;;;[43.02217049956731, -87.93112122300768];1517 W WALKER ST
151300096;05/10/2015;04:03 PM;2.0;THEFT FROM MOTOR VEHICLE;;;[43.025651884817364, -87.91257244070657];524 S 2ND ST
151300103;05/10/2015;06:01 PM;2.0;THEFT FROM BUILDING;;;[43.00990141326679, -87.91857593738835];1906 S 6TH ST
151290014;05/09/2015;02:34 AM;2.0;THEFT FROM MOTOR VEHICLE;;;[43.0264236889688, -87.91695113627357];500 W VIRGINIA ST
151290091;05/09/2015;02:34 PM;2.0;THEFT OF MOTOR VEHICLE PARTS/ACCESSORIES;;;[43.005906167638074, -87.93442911368207];2127 S 17TH ST
151280062;05/08/2015;09:20 AM;2.0;THEFT OF MOTOR VEHICLE PARTS/ACCESSORIES;;;[43.01971317346644, -87.91116394070657];1112 S 1ST ST
151280132;05/08/2015;05:17 PM;2.0;THEFT FROM MOTOR VEHICLE;;;[43.02233966472389, -87.912615407958];838 S 2ND ST
151270046;05/07/2015;11:12 AM;2.0;THEFT FROM MOTOR VEHICLE;;;[43.00290451485941, -87.92697082944774];1138 W LINCOLN AV
151270046;05/07/2015;11:12 AM;2.0;THEFT OF MOTOR VEHICLE PARTS/ACCESSORIES;;;[43.00290451485941, -87.92697082944774];1138 W LINCOLN AV
151260035;05/06/2015;08:23 AM;2.0;THEFT FROM MOTOR VEHICLE;;;[43.02391696551768, -87.91257963859572];724 S 2ND ST
151260084;05/06/2015;01:52 PM;2.0;THEFT FROM MOTOR VEHICLE;;;[43.00784558502283, -87.92445489806802];1015 W WINDLAKE AV
151250024;05/05/2015;05:50 AM;2.0;THEFT FROM BUILDING;;;[43.00005549708581, -87.93120347735031];2456 S 15TH ST #UPR
151250105;05/05/2015;03:13 PM;2.0;THEFT OF MOTOR VEHICLE PARTS/ACCESSORIES;;;[43.00850892783774, -87.91680852264969];1975 S 5TH ST
151250163;05/05/2015;09:01 PM;2.0;THEFT FROM BUILDING;;;[43.02459058673321, -87.91688906650677];625 S 5TH ST
151230078;05/03/2015;01:07 PM;2.0;THEFT FROM BUILDING;;;[43.01020514533914, -87.92847934187475];1320 W BURNHAM ST
151230079;05/03/2015;01:09 PM;2.0;THEFT OF MOTOR VEHICLE PARTS/ACCESSORIES;;;[43.01698554674263, -87.92613352553522];1123 W GREENFIELD AV
151230083;05/03/2015;11:29 AM;2.0;THEFT OF MOTOR VEHICLE PARTS/ACCESSORIES;;;[42.995673670552264, -87.92619904818491];2691 S 11TH ST
151220108;05/02/2015;04:55 PM;2.0;THEFT OF MOTOR VEHICLE PARTS/ACCESSORIES;;;[43.01370481592378, -87.91842150753479];1620 S 6TH ST
151210054;05/01/2015;12:10 PM;2.0;THEFT FROM BUILDING;;;[43.01168734836635, -87.92701084836635];1725 S 12TH ST
151210140;05/01/2015;09:51 PM;2.0;THEFT OF MOTOR VEHICLE PARTS/ACCESSORIES;;;[43.00041738219165, -87.93305078908176];1580 W WINDLAKE AV
151210153;05/01/2015;11:14 PM;2.0;THEFT FROM MOTOR VEHICLE;;;[43.002108670552246, -87.92243059925535];2331 S 9TH ST
151510045;05/31/2015;10:35 AM;6.0;THEFT FROM MOTOR VEHICLE;;;[42.95233758090484, -87.936040569825];5069 S 18TH ST
151510053;05/31/2015;11:49 AM;6.0;THEFT FROM MOTOR VEHICLE;;;[42.9492242200935, -87.93809887220831];5241 S 19TH ST
151510059;05/31/2015;12:18 PM;6.0;THEFT OF MOTOR VEHICLE PARTS/ACCESSORIES;;;[42.95001205423411, -87.90988834899144];5211 S HOWELL AV
151510137;05/31/2015;10:49 PM;6.0;THEFT FROM MOTOR VEHICLE;;;[42.9798864970858, -87.92893547735031];3552 S 13TH ST
151500003;05/30/2015;12:04 AM;6.0;THEFT OF MOTOR VEHICLE PARTS/ACCESSORIES;;;[42.97841916180968, -87.93874593349322];3632 S 20TH ST
151470058;05/27/2015;09:41 AM;6.0;THEFT FROM BUILDING;;;[42.93130554674261, -87.94480083527613];2311 W ALVINA AV
151470074;05/27/2015;08:50 AM;6.0;THEFT OF MOTOR VEHICLE PARTS/ACCESSORIES;;;[42.94651150288554, -87.92789416763806];1213 W MALLORY AV
151470075;05/27/2015;08:50 AM;6.0;THEFT OF MOTOR VEHICLE PARTS/ACCESSORIES;;;[42.94651150288554, -87.92789416763806];1213 W MALLORY AV
151470137;05/27/2015;06:06 PM;6.0;THEFT OF MOTOR VEHICLE PARTS/ACCESSORIES;;;[42.947395994171615, -87.94881648009161];5354 S 27TH ST
151460022;05/26/2015;02:21 AM;6.0;THEFT FROM MOTOR VEHICLE;;;[42.94782900000001, -87.90955399624909];5300 S HOWELL AV
151460063;05/26/2015;09:23 AM;6.0;THEFT FROM MOTOR VEHICLE;;;[42.93032450331729, -87.92542969747245];950 W COLLEGE AV
151450077;05/25/2015;12:28 PM;6.0;THEFT OF MOTOR VEHICLE PARTS/ACCESSORIES;;;[42.94350550358915, -87.94888910811768];5560 S 27TH ST
151430068;05/23/2015;12:17 PM;6.0;THEFT FROM BUILDING;;;[42.98105754674262, -87.93047177699232];1403 W MORGAN AV
151410046;05/21/2015;11:12 AM;6.0;THEFT OF MOTOR VEHICLE PARTS/ACCESSORIES;;;[42.931335352761266, -87.90997724955251];6231 S HOWELL AV
151410065;05/21/2015;11:34 AM;6.0;THEFT OF MOTOR VEHICLE PARTS/ACCESSORIES;;;[42.94360333804609, -87.94890606448756];5556 S 27TH ST
151390062;05/19/2015;01:06 PM;6.0;THEFT OF MOTOR VEHICLE PARTS/ACCESSORIES;;;[42.94980259235912, -87.92938853563226];5131 S 13TH ST
151380038;05/18/2015;08:03 AM;6.0;THEFT FROM MOTOR VEHICLE;;;[42.980354664723876, -87.91436491185313];3526 S 3RD ST
151370108;05/17/2015;04:46 PM;6.0;THEFT FROM BUILDING;;;[42.93101994503442, -87.92965749798077];6262 S 13TH ST
151350004;05/15/2015;12:22 AM;6.0;THEFT FROM BUILDING;;;[42.97106738773155, -87.94833245340254];4040 S 27TH ST
151350030;05/15/2015;08:14 AM;6.0;THEFT OF MOTOR VEHICLE PARTS/ACCESSORIES;;;[42.97398446436589, -87.94394983236194];2228 W HOWARD AV
151350043;05/15/2015;09:33 AM;6.0;THEFT FROM MOTOR VEHICLE;;;[42.95488792339433, -87.9098505670837];4925 S HOWELL AV
151350087;05/15/2015;03:12 PM;6.0;THEFT FROM BUILDING;;;[42.93894524562873, -87.94902498903572];5790 S 27TH ST #208
151350116;05/15/2015;06:28 PM;6.0;THEFT OF MOTOR VEHICLE PARTS/ACCESSORIES;;;[42.942157655583955, -87.94931087755842];5659 S 27TH ST
151350118;05/15/2015;06:54 PM;6.0;THEFT OF MOTOR VEHICLE PARTS/ACCESSORIES;;;[42.95926854674261, -87.94106116763805];2125 W LAYTON AV
151340065;05/14/2015;12:02 PM;6.0;THEFT OF MOTOR VEHICLE PARTS/ACCESSORIES;;;[42.94782900000001, -87.90955399624909];5300 S HOWELL AV
151340085;05/14/2015;02:30 PM;6.0;THEFT FROM MOTOR VEHICLE;;;[42.989012696087485, -87.93382851601325];3027 S 16TH ST
151340108;05/14/2015;05:19 PM;6.0;THEFT FROM BUILDING;;;[42.98747369608748, -87.93610151543632];3135 S 18TH ST
151350001;05/14/2015;11:11 PM;6.0;THEFT FROM BUILDING;;;[42.95930546436589, -87.9179625];530 W LAYTON AV
151330051;05/13/2015;09:02 AM;6.0;THEFT FROM BUILDING;;;[42.951943480523376, -87.91162280682671];130 W EDGERTON AV #200
151330063;05/13/2015;12:10 PM;6.0;THEFT OF MOTOR VEHICLE PARTS/ACCESSORIES;;;[42.98019266472389, -87.909508092042];3535 S CHASE AV
151330070;05/13/2015;12:44 PM;6.0;THEFT FROM BUILDING;;;[42.98480750158654, -87.93791122009348];1910 W OHIO AV #228
151330099;05/13/2015;04:21 PM;6.0;THEFT FROM MOTOR VEHICLE;;;[42.947263005828376, -87.94642849711447];5355 S 25TH ST
151310051;05/11/2015;09:51 AM;6.0;THEFT FROM BUILDING;;;[42.952517276992324, -87.90987007876912];5037 S HOWELL AV #251
151300048;05/10/2015;09:22 AM;6.0;THEFT OF MOTOR VEHICLE PARTS/ACCESSORIES;;;[42.955400754659735, -87.93063276273848];4873 S 14TH ST
151300067;05/10/2015;01:48 PM;6.0;THEFT FROM MOTOR VEHICLE;;;[42.9308004657222, -87.94920600952197];6292 S 27TH ST
151300071;05/10/2015;02:20 PM;6.0;THEFT FROM MOTOR VEHICLE;;;[42.955758, -87.90985056434239];4901 S HOWELL AV
151290109;05/09/2015;06:05 PM;6.0;THEFT OF MOTOR VEHICLE PARTS/ACCESSORIES;;;[42.95206247013696, -87.94360375145709];2267 W EDGERTON AV
151280048;05/08/2015;06:52 AM;6.0;THEFT FROM MOTOR VEHICLE;;;[42.92695878573488, -87.93676255395599];6440 S 17TH ST
151270022;05/07/2015;05:13 AM;6.0;THEFT FROM MOTOR VEHICLE;;;[42.987095413266786, -87.93603593738835];3154 S 18TH ST
151270084;05/07/2015;02:19 PM;6.0;THEFT OF MOTOR VEHICLE PARTS/ACCESSORIES;;;[42.94596849567217, -87.94264377407814];2231 W MALLORY AV
151260015;05/06/2015;02:39 AM;6.0;THEFT FROM BUILDING;;;[42.961983504327826, -87.9307197485429];1404 W ARMOUR AV
151250068;05/05/2015;11:26 AM;6.0;THEFT FROM BUILDING;;;[42.9376455310169, -87.95061327407812];2730 W RAMSEY AV
151240140;05/04/2015;05:53 PM;6.0;THEFT FROM BUILDING;;;[42.976600883761364, -87.94818565128116];3750 S 27TH ST
151230055;05/03/2015;09:04 AM;6.0;THEFT OF MOTOR VEHICLE PARTS/ACCESSORIES;;;[42.94121247619646, -87.95132079531417];2827 W PARNELL AV
151230088;05/03/2015;01:05 PM;6.0;THEFT OF MOTOR VEHICLE PARTS/ACCESSORIES;DESTRUCTION/DAMAGE/VANDALISM OF PROPERTY;;[42.96196833527614, -87.90952397013695];4532 S HOWELL AV
151230105;05/03/2015;12:58 PM;6.0;THEFT FROM MOTOR VEHICLE;;;[42.93628151543633, -87.94524141618096];2330 W HENRY AV
151230111;05/03/2015;04:23 PM;6.0;THEFT FROM MOTOR VEHICLE;;;[42.9362914899011, -87.9454313068267];2334 W HENRY AV
151220072;05/02/2015;11:26 AM;6.0;THEFT FROM MOTOR VEHICLE;;;[42.9290959550464, -87.93032762790632];6331 S 13TH ST
151490108;05/29/2015;03:09 PM;6.0;THEFT OF MOTOR VEHICLE PARTS/ACCESSORIES;;;[42.98142650291419, -87.91197154097155];3445 S 1ST PL
151490127;05/29/2015;04:30 PM;6.0;THEFT FROM BUILDING;;;[42.988974076605665, -87.90436759925535];3047 S HOWELL AV #8
151480064;05/28/2015;09:59 AM;6.0;THEFT FROM BUILDING;;;[42.9792215115412, -87.90807133236193];216 E WARNIMONT AV
151470024;05/27/2015;06:02 AM;6.0;THEFT FROM MOTOR VEHICLE;;;[43.00454627699233, -87.90416105539828];2165 S ALLIS ST
151470051;05/27/2015;09:26 AM;6.0;THEFT FROM MOTOR VEHICLE;;;[42.99587254010618, -87.90707043883066];2637 S AUSTIN ST
151460192;05/26/2015;06:38 PM;6.0;THEFT FROM BUILDING;;;[42.98591577627116, -87.87393466544502];2839 E RHODE ISLAND AV
151470013;05/26/2015;11:27 PM;2.0;THEFT OF MOTOR VEHICLE PARTS/ACCESSORIES;;;[43.007940115182635, -87.91124003318127];2011 S 1ST ST
151430060;05/23/2015;11:50 AM;6.0;THEFT OF MOTOR VEHICLE PARTS/ACCESSORIES;;;[42.98025465889549, -87.90558502063047];3528 S WHITNALL AV
151420032;05/22/2015;06:35 AM;6.0;THEFT FROM MOTOR VEHICLE;;;[43.0063916128167, -87.90734340091753];2121 S KINNICKINNIC AV #3
151420089;05/22/2015;02:00 PM;2.0;THEFT OF MOTOR VEHICLE PARTS/ACCESSORIES;;;[42.997564499567304, -87.9162705];417 W HARRISON AV
151420147;05/22/2015;05:53 PM;6.0;THEFT FROM BUILDING;;;[42.99482249760541, -87.91151005063682];2701 S CHASE AV
151390047;05/19/2015;11:38 AM;6.0;THEFT OF MOTOR VEHICLE PARTS/ACCESSORIES;;;[42.989255245628726, -87.92747243738836];3036 S 12TH ST
151390126;05/19/2015;06:50 PM;6.0;THEFT FROM MOTOR VEHICLE;THEFT OF MOTOR VEHICLE PARTS/ACCESSORIES;;[42.982317502914185, -87.92162951543632];3425 S 8TH ST
151380018;05/18/2015;02:21 AM;2.0;THEFT FROM MOTOR VEHICLE;;;[42.99882367055227, -87.92007904818492];2515 S 7TH ST
151380136;05/18/2015;07:11 PM;6.0;THEFT FROM MOTOR VEHICLE;;;[42.98502675437129, -87.90408057372014];3271 S GRIFFIN AV
151380147;05/18/2015;08:26 PM;6.0;THEFT FROM MOTOR VEHICLE;;;[42.9853597543713, -87.9040775259679];3249 S GRIFFIN AV
151360138;05/16/2015;06:49 PM;6.0;THEFT OF MOTOR VEHICLE PARTS/ACCESSORIES;;;[42.98259603136361, -87.91907344791994];3420 S 6TH ST
151360140;05/16/2015;07:11 PM;6.0;THEFT FROM BUILDING;;;[42.993237048848755, -87.91663683484343];2842 S 5TH CT
151390053;05/16/2015;11:01 AM;6.0;THEFT FROM MOTOR VEHICLE;;;[42.98249411023394, -87.91137282108511];150 W HOLT AV
151340121;05/14/2015;04:31 PM;6.0;THEFT FROM BUILDING;;;[42.975044497085804, -87.90948396956001];3814 S HOWELL AV
151340152;05/14/2015;09:54 PM;6.0;THEFT FROM MOTOR VEHICLE;;;[42.982445522649684, -87.91377299999999];270 W HOLT AV
151320063;05/12/2015;11:48 AM;6.0;THEFT OF MOTOR VEHICLE PARTS/ACCESSORIES;;;[43.00455897631215, -87.90539931070555];375 E WARD ST
151320105;05/12/2015;03:02 PM;6.0;THEFT OF MOTOR VEHICLE PARTS/ACCESSORIES;;;[42.98244949654798, -87.91530356717998];474 W HOLT AV
151320121;05/12/2015;03:27 PM;6.0;THEFT FROM MOTOR VEHICLE;;;[42.990801042039884, -87.90933995246552];2968 S CHASE AV
151310147;05/11/2015;08:30 PM;6.0;THEFT FROM MOTOR VEHICLE;;;[43.00191439104979, -87.90345682933217];2353 S KINNICKINNIC AV
151300143;05/10/2015;11:02 PM;6.0;THEFT FROM COIN-OPPERATED MACHINES;;;[42.992132404956905, -87.88702599151722];2900 S KINNICKINNIC AV
151290102;05/09/2015;05:18 PM;6.0;THEFT FROM BUILDING;;;[42.97281050432783, -87.90616333236193];328 E VAN BECK AV #LWR
151270131;05/07/2015;08:14 PM;6.0;THEFT FROM MOTOR VEHICLE;;;[42.990704365064445, -87.90931196702526];2974 S CHASE AV
151270134;05/07/2015;08:20 PM;2.0;THEFT FROM BUILDING;;;[42.997686129473486, -87.91925534120291];628 W HARRISON AV
151260030;05/06/2015;07:29 AM;2.0;THEFT FROM MOTOR VEHICLE;;;[42.99816558090484, -87.92122291185314];2546 S 8TH ST
151240109;05/04/2015;02:38 PM;2.0;THEFT OF MOTOR VEHICLE PARTS/ACCESSORIES;;;[43.00493282653355, -87.91776442296164];2170 S 5TH PL
151210116;05/01/2015;07:13 PM;6.0;THEFT FROM BUILDING;;;[42.98829651327194, -87.92575394892954];1016 W OKLAHOMA AV
151510144;05/31/2015;10:44 PM;3.0;THEFT FROM MOTOR VEHICLE;;;[43.038835457152516, -87.958521];3522 W WISCONSIN AV
151510145;05/31/2015;10:44 PM;3.0;THEFT FROM MOTOR VEHICLE;;;[43.038835457152516, -87.958521];3522 W WISCONSIN AV
151500045;05/30/2015;08:24 AM;3.0;THEFT FROM MOTOR VEHICLE;;;[43.0534805029142, -87.94272806650677];1733 N 24TH ST
151500048;05/30/2015;08:06 AM;3.0;THEFT FROM MOTOR VEHICLE;;;[43.05369650291419, -87.94272912479057];1741 N 24TH ST
151490030;05/29/2015;03:55 AM;5.0;THEFT OF MOTOR VEHICLE PARTS/ACCESSORIES;;;[43.067739456575595, -87.9305307485429];1420 W CENTER ST
151480105;05/28/2015;11:02 AM;3.0;THEFT FROM BUILDING;;;[43.055184845403694, -87.94995110646872];1907 N 29TH ST
151470053;05/27/2015;09:39 AM;3.0;THEFT OF MOTOR VEHICLE PARTS/ACCESSORIES;;;[43.046839312482206, -87.96528536785276];4212 W HIGHLAND BL
151460151;05/26/2015;06:08 PM;5.0;THEFT OF MOTOR VEHICLE PARTS/ACCESSORIES;;;[43.06951551788919, -87.93293361226844];1557 W HADLEY ST
151430044;05/23/2015;09:22 AM;3.0;THEFT OF MOTOR VEHICLE PARTS/ACCESSORIES;;;[43.06560266472388, -87.95620634635597];2560 N 34TH ST
151430055;05/23/2015;11:01 AM;3.0;THEFT OF MOTOR VEHICLE PARTS/ACCESSORIES;;;[43.04993048124546, -87.92903266763805];1311 W CHERRY ST
151430058;05/23/2015;11:27 AM;3.0;THEFT OF MOTOR VEHICLE PARTS/ACCESSORIES;;;[43.05841275437129, -87.93011006650677];2121 N 14TH ST
151420102;05/22/2015;03:33 PM;3.0;THEFT OF MOTOR VEHICLE PARTS/ACCESSORIES;;;[43.06143621039449, -87.9450432029281];2345 N 25TH ST
151390042;05/19/2015;11:12 AM;3.0;THEFT FROM MOTOR VEHICLE;;;[43.05379399417163, -87.94385587910455];1830 N 24TH PL
151390063;05/19/2015;01:08 PM;3.0;THEFT FROM MOTOR VEHICLE;;;[43.0604395199084, -87.92925372300768];1350 W NORTH AV
151390090;05/19/2015;04:39 PM;3.0;THEFT OF MOTOR VEHICLE PARTS/ACCESSORIES;;;[43.06409045325739, -87.93367297446477];1632 W WRIGHT ST
151380062;05/18/2015;11:39 AM;3.0;THEFT FROM BUILDING;;;[43.0535474094003, -87.9477900663339];2700 W LISBON AV
151380137;05/18/2015;03:21 PM;3.0;THEFT FROM BUILDING;;;[43.0604395199084, -87.92925372300768];1350 W NORTH AV
151370081;05/17/2015;01:47 PM;3.0;THEFT FROM MOTOR VEHICLE;;;[43.05482648124546, -87.94215041909516];2323 W VINE ST
151360053;05/16/2015;08:47 AM;3.0;THEFT FROM MOTOR VEHICLE;;;[43.064468664723876, -87.92993236078269];2516 N 14TH ST
151360091;05/16/2015;11:42 AM;3.0;THEFT OF MOTOR VEHICLE PARTS/ACCESSORIES;;;[43.06015788481736, -87.96589104039464];2245 N 42ND ST
151360096;05/16/2015;01:20 PM;3.0;THEFT OF MOTOR VEHICLE PARTS/ACCESSORIES;;;[43.06032163146101, -87.92740298312141];1203 W NORTH AV
151360132;05/16/2015;06:11 PM;3.0;THEFT OF MOTOR VEHICLE PARTS/ACCESSORIES;;;[43.067746521207404, -87.93451051791783];1723 W CENTER ST
151370004;05/16/2015;11:58 PM;3.0;THEFT FROM BUILDING;;;[43.063884, -87.9761934190665];2466 N 50TH ST
151350036;05/15/2015;08:47 AM;3.0;THEFT FROM MOTOR VEHICLE;;;[43.052516497085804, -87.94872487910455];1646 N 28TH ST
151350131;05/15/2015;08:32 PM;3.0;THEFT OF MOTOR VEHICLE PARTS/ACCESSORIES;;;[43.065757089647406, -87.95749055539827];2567 N 35TH ST
151340035;05/14/2015;08:50 AM;3.0;THEFT OF MOTOR VEHICLE PARTS/ACCESSORIES;;;[43.066556413266795, -87.93867488631791];2622 N 21ST ST
151340038;05/14/2015;09:03 AM;3.0;THEFT FROM MOTOR VEHICLE;;;[43.05631448845881, -87.94335166763805];2419 W BROWN ST
151340046;05/14/2015;09:51 AM;3.0;THEFT OF MOTOR VEHICLE PARTS/ACCESSORIES;;;[43.05275453231589, -87.95073166763807];2921 W WALNUT ST
151330044;05/13/2015;09:16 AM;3.0;THEFT FROM MOTOR VEHICLE;;;[43.04165549956731, -87.960501];3725 W KILBOURN AV
151330078;05/13/2015;01:55 PM;3.0;THEFT FROM MOTOR VEHICLE;;;[43.053998648883514, -87.95210583833455];3033 W LISBON AV
151320050;05/12/2015;10:36 AM;3.0;THEFT FROM MOTOR VEHICLE;;;[43.058438612268446, -87.93269059925535];2121 N 16TH ST
151320126;05/12/2015;05:05 PM;3.0;THEFT OF MOTOR VEHICLE PARTS/ACCESSORIES;;;[43.058556754371295, -87.930109092042];2127 N 14TH ST
151310093;05/11/2015;03:06 PM;3.0;THEFT OF MOTOR VEHICLE PARTS/ACCESSORIES;;;[43.05869974854292, -87.95628241185312];2134 N 34TH ST
151280040;05/08/2015;05:31 AM;3.0;THEFT FROM MOTOR VEHICLE;;;[43.06258741326678, -87.97242586078269];2402 N 47TH ST
151280051;05/08/2015;07:43 AM;3.0;THEFT OF MOTOR VEHICLE PARTS/ACCESSORIES;;;[43.062337068911646, -87.96249317749438];3915 W MEINECKE AV
151280138;05/08/2015;06:22 PM;3.0;THEFT FROM BUILDING;;;[43.06055852842077, -87.950133];2911 W NORTH AV
151280154;05/08/2015;07:55 PM;3.0;THEFT OF MOTOR VEHICLE PARTS/ACCESSORIES;;;[43.05857441909515, -87.96350863200395];2153 N 40TH ST
151270041;05/07/2015;10:08 AM;3.0;THEFT FROM MOTOR VEHICLE;;;[43.06273099417163, -87.96222639353127];2408 N 39TH ST
151270058;05/07/2015;12:11 PM;3.0;THEFT FROM BUILDING;;;[43.064064, -87.9762716281088];2477 N 50TH ST
151270138;05/07/2015;08:29 PM;3.0;THEFT OF MOTOR VEHICLE PARTS/ACCESSORIES;;;[43.060560520630474, -87.94816102553523];2727 W NORTH AV
151260024;05/06/2015;05:24 AM;3.0;THEFT FROM MOTOR VEHICLE;;;[43.05145746047075, -87.95063208090484];2918 W GALENA ST
151260049;05/06/2015;10:09 AM;5.0;THEFT FROM BUILDING;;;[43.068779444630394, -87.94119912479059];2741 N 23RD ST
151260132;05/06/2015;07:36 PM;3.0;THEFT FROM MOTOR VEHICLE;;;[43.0555684715506, -87.94627538631792];1926 N 26TH ST
151270010;05/06/2015;04:23 PM;3.0;THEFT OF MOTOR VEHICLE PARTS/ACCESSORIES;;;[43.06461266472388, -87.96334291185313];2512 N 40TH ST
151230069;05/03/2015;12:23 PM;3.0;THEFT FROM MOTOR VEHICLE;;;[43.038835457152516, -87.958521];3522 W WISCONSIN AV
151230104;05/03/2015;04:12 PM;3.0;THEFT FROM MOTOR VEHICLE;;;[43.05687224562871, -87.96345394070657];2022 N 40TH ST
151220062;05/02/2015;09:17 AM;3.0;THEFT FROM MOTOR VEHICLE;;;[43.05198794947781, -87.94135463915998];1620 N 23RD ST
151220105;05/02/2015;04:17 PM;3.0;THEFT FROM MOTOR VEHICLE;;;[43.0518867485429, -87.95406339353127];1618 N 32ND ST
151220121;05/02/2015;06:18 PM;3.0;THEFT OF MOTOR VEHICLE PARTS/ACCESSORIES;;;[43.05914648124544, -87.94578023703038];2523 W GARFIELD AV
151210021;05/01/2015;07:22 AM;3.0;THEFT OF MOTOR VEHICLE PARTS/ACCESSORIES;;;[43.05442449708582, -87.94871243738835];1834 N 28TH ST
151210051;05/01/2015;12:35 PM;5.0;THEFT OF MOTOR VEHICLE PARTS/ACCESSORIES;;;[43.06981105952659, -87.94868235125973];2700 W ELDER WALLACE DR
151210119;05/01/2015;05:43 PM;3.0;THEFT FROM BUILDING;;;[43.05137453318127, -87.93437047446477];1714 W GALENA ST
151510108;05/31/2015;07:13 PM;7.0;THEFT OF MOTOR VEHICLE PARTS/ACCESSORIES;;;[43.093126005828395, -87.98945809925536];4159 N 62ND ST
151500067;05/30/2015;10:49 AM;7.0;THEFT FROM BUILDING;;;[43.09007451154119, -87.98357950429916];5610 W CAPITOL DR
151490068;05/29/2015;11:17 AM;4.0;THEFT FROM BUILDING;;;[43.123405492671075, -88.0244866443532];8948 W CARMEN AV #1
151480151;05/28/2015;09:00 PM;7.0;THEFT FROM BUILDING;;;[43.09000045441122, -87.98010002983439];5310 W CAPITOL DR
151470091;05/27/2015;12:03 PM;7.0;THEFT FROM MOTOR VEHICLE;;;[43.100483677505814, -87.98952088868384];6222 W FOND DU LAC AV
151460159;05/26/2015;06:47 PM;4.0;THEFT OF MOTOR VEHICLE PARTS/ACCESSORIES;;;[43.13287870999461, -88.02396044367809];8936 W WINFIELD AV
151450059;05/25/2015;11:03 AM;4.0;THEFT OF MOTOR VEHICLE PARTS/ACCESSORIES;;;[43.11558997446477, -88.01529489353128];5346 N 83RD ST #5
151440072;05/24/2015;12:26 PM;7.0;THEFT FROM MOTOR VEHICLE;;;[43.10688482653356, -88.00192539353127];4902 N 72ND ST
151420074;05/22/2015;01:05 PM;7.0;THEFT OF MOTOR VEHICLE PARTS/ACCESSORIES;;;[43.098836845143886, -87.989381807779];6204 W MEDFORD AV
151410008;05/21/2015;02:24 AM;7.0;THEFT FROM MOTOR VEHICLE;;;[43.093898214265124, -87.9794524773503];4212 N 53RD ST
151410020;05/21/2015;07:40 AM;4.0;THEFT FROM MOTOR VEHICLE;;;[43.11928452452563, -87.99831016763807];6929 W SILVER SPRING DR
151400053;05/20/2015;12:37 PM;7.0;THEFT FROM BUILDING;;;[43.09346551399403, -87.98505325145709];5825 W HOPE AV
151400084;05/20/2015;03:50 PM;7.0;THEFT FROM MOTOR VEHICLE;;;[43.09090447936953, -88.00665148831457];7550 W PERKINS PL
151390079;05/19/2015;03:33 PM;4.0;THEFT FROM BUILDING;;;[43.11848891617267, -87.99131945729181];6420 W SHERIDAN AV
151380093;05/18/2015;02:46 PM;7.0;THEFT OF MOTOR VEHICLE PARTS/ACCESSORIES;;;[43.10385227699231, -87.99942912479058];4741 N 70TH ST
151380094;05/18/2015;02:48 PM;7.0;THEFT OF MOTOR VEHICLE PARTS/ACCESSORIES;;;[43.10385227699231, -87.99942912479058];4741 N 70TH ST
151380105;05/18/2015;03:48 PM;4.0;THEFT OF MOTOR VEHICLE PARTS/ACCESSORIES;;;[43.11362363959606, -88.00617569166842];7600 W FOND DU LAC AV
151380115;05/18/2015;04:54 PM;4.0;THEFT FROM MOTOR VEHICLE;;;[43.133979234912665, -88.00229933402325];7301 W MILL RD
151360089;05/16/2015;12:37 PM;7.0;THEFT OF MOTOR VEHICLE PARTS/ACCESSORIES;;;[43.106925644757226, -87.9995918048648];7014 W MEDFORD AV
151340141;05/14/2015;08:47 PM;7.0;THEFT FROM BUILDING;;;[43.09078866804211, -88.00492691996052];7451 W APPLETON AV
151460108;05/14/2015;11:50 AM;4.0;THEFT FROM BUILDING;;;[43.1176090124355, -88.00177138098728];5496 N 72ND ST
151320025;05/12/2015;06:54 AM;7.0;THEFT OF MOTOR VEHICLE PARTS/ACCESSORIES;;;[43.110486533181266, -88.00656358673322];7606 W GRANTOSA DR
151320087;05/12/2015;01:50 PM;7.0;THEFT OF MOTOR VEHICLE PARTS/ACCESSORIES;;;[43.092378, -88.00184863200396];4125 N 72ND ST
151320099;05/12/2015;02:39 PM;4.0;THEFT FROM BUILDING;;;[43.11752798003336, -88.03199264305512];9632 W APPLETON AV
151320179;05/12/2015;06:14 PM;7.0;THEFT FROM BUILDING;;;[43.09702107799066, -87.97811641185314];4380 N 52ND ST
151330091;05/12/2015;08:31 PM;4.0;THEFT FROM BUILDING;;;[43.126794546742616, -88.00364266763806];7401 W FLORIST AV
151650113;05/12/2015;08:49 PM;4.0;THEFT FROM MOTOR VEHICLE;;;[43.11958746047075, -88.03247047446477];9612 W SILVER SPRING DR #9
151300097;05/10/2015;05:18 PM;4.0;THEFT OF MOTOR VEHICLE PARTS/ACCESSORIES;;;[43.11941552120741, -88.02867133236194];9307 W SILVER SPRING DR
151300129;05/10/2015;09:37 PM;7.0;THEFT OF MOTOR VEHICLE PARTS/ACCESSORIES;;;[43.09110591594984, -87.98070014368938];4061 N 54TH ST
151290042;05/09/2015;08:31 AM;7.0;THEFT OF MOTOR VEHICLE PARTS/ACCESSORIES;;;[43.09583433527612, -87.996979092042];4315 N 68TH ST
151290088;05/09/2015;12:56 PM;7.0;THEFT FROM BUILDING;;;[43.093211454247324, -87.98302072436056];4184 N 56TH ST
151290149;05/09/2015;10:55 PM;4.0;THEFT FROM BUILDING;;;[43.11626450291419, -88.02722815422094];5401 N 92ND ST
151280068;05/08/2015;08:28 AM;7.0;THEFT OF MOTOR VEHICLE PARTS/ACCESSORIES;;;[43.109067560938186, -88.0004115278725];7124 W FOND DU LAC AV
151280094;05/08/2015;01:32 PM;4.0;THEFT FROM MOTOR VEHICLE;;;[43.11258358673322, -87.976328592042];5229 N 51ST BL
151260031;05/06/2015;07:34 AM;4.0;THEFT FROM MOTOR VEHICLE;;;[43.11316587480538, -87.99839981585774];6937 W TALLMADGE PL
151260087;05/06/2015;03:13 PM;7.0;THEFT OF MOTOR VEHICLE PARTS/ACCESSORIES;;;[43.112085539529254, -87.99642058673322];6801 W VILLARD AV
151250112;05/05/2015;04:00 PM;4.0;THEFT FROM BUILDING;;;[43.11752798003336, -88.03199264305512];9632 W APPLETON AV
151240058;05/04/2015;10:35 AM;4.0;THEFT OF MOTOR VEHICLE PARTS/ACCESSORIES;;;[43.11709166472389, -88.02714536410092];5458 N 92ND ST
151240068;05/04/2015;11:39 AM;7.0;THEFT OF MOTOR VEHICLE PARTS/ACCESSORIES;;;[43.09341432038652, -87.98517521631177];5829 W HOPE AV
151240084;05/04/2015;12:55 PM;4.0;THEFT OF MOTOR VEHICLE PARTS/ACCESSORIES;;;[43.1225290058284, -88.0259210809335];5755 N 91ST ST
151230067;05/03/2015;12:17 PM;4.0;THEFT OF MOTOR VEHICLE PARTS/ACCESSORIES;;;[43.114129744359296, -87.99926668898968];7029 W GRANTOSA DR
151220013;05/02/2015;12:15 AM;4.0;THEFT FROM BUILDING;;;[43.12253792200934, -88.02709910646873];5757 N 92ND ST
151510007;05/31/2015;01:32 AM;1.0;THEFT FROM MOTOR VEHICLE;;;[43.045773712237256, -87.91272621582205];100 E JUNEAU AV
151510022;05/31/2015;02:43 AM;1.0;THEFT FROM MOTOR VEHICLE;;;[43.045860873550374, -87.91124788647531];158 E JUNEAU AV
151510064;05/31/2015;12:21 PM;5.0;THEFT FROM MOTOR VEHICLE;;;[43.067447510098894, -87.89985016763806];911 E CENTER ST
151490002;05/29/2015;12:07 AM;1.0;THEFT FROM MOTOR VEHICLE;;;[43.06098925867045, -87.89047287852763];2340 N NEWHALL ST
151490004;05/29/2015;12:22 AM;1.0;THEFT FROM MOTOR VEHICLE;;;[43.060132521207386, -87.89016166763805];1609 E NORTH AV
151490018;05/29/2015;01:26 AM;1.0;THEFT FROM MOTOR VEHICLE;;;[43.06065198280331, -87.88497323385639];2303 N FARWELL AV
151490059;05/29/2015;09:52 AM;1.0;THEFT FROM BUILDING;;;[43.06018152986305, -87.88990219747245];1614 E NORTH AV
151490097;05/29/2015;02:35 PM;1.0;THEFT OF MOTOR VEHICLE PARTS/ACCESSORIES;;;[43.050313173466435, -87.90221008814686];1539 N CASS ST
151470103;05/28/2015;10:23 AM;5.0;THEFT OF MOTOR VEHICLE PARTS/ACCESSORIES;;;[43.07583611518265, -87.89781109925535];3149 N HUMBOLDT BL
151480053;05/28/2015;09:13 AM;1.0;THEFT FROM BUILDING;;;[43.07204758673322, -87.88794807372014];2945 N OAKLAND AV
151470060;05/27/2015;10:06 AM;5.0;THEFT OF MOTOR VEHICLE PARTS/ACCESSORIES;;;[43.06575975366865, -87.90517495149365];508 E CLARKE ST
151460111;05/26/2015;02:06 PM;1.0;THEFT OF MOTOR VEHICLE PARTS/ACCESSORIES;;;[43.050313173466435, -87.90221008814686];1541 N CASS ST
151450033;05/25/2015;08:16 AM;5.0;THEFT OF MOTOR VEHICLE PARTS/ACCESSORIES;;;[43.07518900582838, -87.89782812479058];3119 N HUMBOLDT BL
151450037;05/25/2015;08:42 AM;5.0;THEFT OF MOTOR VEHICLE PARTS/ACCESSORIES;;;[43.070803407438405, -87.90148247013695];2868 N FRATNEY ST
151450056;05/25/2015;10:00 AM;1.0;THEFT OF MOTOR VEHICLE PARTS/ACCESSORIES;;;[43.049882654827925, -87.914281963347];1500 N MARTIN L KING JR DR
151450079;05/25/2015;11:34 AM;1.0;THEFT OF MOTOR VEHICLE PARTS/ACCESSORIES;;;[43.07658241326678, -87.89146240074464];3234 N CAMBRIDGE AV #E
151450114;05/25/2015;04:51 PM;5.0;THEFT OF MOTOR VEHICLE PARTS/ACCESSORIES;;;[43.06957138190319, -87.90153342238472];2814 N FRATNEY ST
151440093;05/24/2015;01:46 PM;1.0;THEFT FROM MOTOR VEHICLE;;;[43.053949113129825, -87.90296885291238];1750 N WATER ST
151480034;05/24/2015;01:11 PM;1.0;THEFT FROM MOTOR VEHICLE;;;[43.0542317035893, -87.8881982016274];1830 E KANE PL
151430020;05/23/2015;02:39 AM;1.0;THEFT FROM MOTOR VEHICLE;;;[43.046628610335205, -87.91119957372014];1241 N WATER ST
151430025;05/23/2015;03:49 AM;1.0;THEFT FROM MOTOR VEHICLE;;;[43.04637869608749, -87.9085629190665];1234 N BROADWAY
151430117;05/23/2015;08:43 PM;1.0;THEFT FROM MOTOR VEHICLE;;;[43.045793453257374, -87.91193333819031];134 E JUNEAU AV
151420008;05/22/2015;01:28 AM;1.0;THEFT FROM BUILDING;;;[43.04585637539679, -87.91140363504306];152 E JUNEAU AV
151420011;05/22/2015;01:50 AM;1.0;THEFT FROM BUILDING;;;[43.04585637539679, -87.91140363504306];152 E JUNEAU AV
151420012;05/22/2015;02:05 AM;1.0;THEFT FROM MOTOR VEHICLE;;;[43.05956879036068, -87.88801153478397];2232 N OAKLAND AV
151420069;05/22/2015;11:33 AM;1.0;THEFT FROM MOTOR VEHICLE;;;[43.05371147735032, -87.90142083527613];821 E PEARSON ST
151420118;05/22/2015;05:28 PM;1.0;THEFT FROM BUILDING;;;[43.05488508964743, -87.89251009925536];1819 N CAMBRIDGE AV
151420138;05/22/2015;08:30 PM;1.0;THEFT FROM MOTOR VEHICLE;;;[43.06993065889549, -87.88297490406286];2826 N MARYLAND AV
151410010;05/21/2015;04:08 AM;1.0;THEFT FROM MOTOR VEHICLE;;;[43.059355576116914, -87.88800668900569];2200 N OAKLAND AV
151410011;05/21/2015;04:08 AM;1.0;THEFT FROM MOTOR VEHICLE;;;[43.06299450874258, -87.88315107372014];2469 N MARYLAND AV
151410013;05/21/2015;04:08 AM;1.0;THEFT FROM MOTOR VEHICLE;;;[43.06213774854291, -87.88678337520942];2434 N CRAMER ST
151410082;05/21/2015;04:37 PM;5.0;THEFT OF MOTOR VEHICLE PARTS/ACCESSORIES;;;[43.072469832361946, -87.90025585688754];2966 N BREMEN ST
151400104;05/20/2015;06:02 PM;1.0;THEFT FROM MOTOR VEHICLE;;;[43.05945977130817, -87.88613347030984];2211 N FARWELL AV
151390087;05/19/2015;04:29 PM;1.0;THEFT FROM BUILDING;;;[43.07100549841346, -87.89037351832185];1615 E LOCUST ST
151380053;05/18/2015;10:26 AM;1.0;THEFT OF MOTOR VEHICLE PARTS/ACCESSORIES;;;[43.057247227047064, -87.88826469819361];2019 N FARWELL AV
151380104;05/18/2015;02:18 PM;1.0;THEFT FROM BUILDING;;;[43.062837991084535, -87.88112985270395];2462 N PROSPECT AV
151350092;05/17/2015;03:00 PM;1.0;THEFT FROM MOTOR VEHICLE;;;[43.049706369631025, -87.9079512137048];1541 N WATER ST
151350099;05/17/2015;03:00 PM;1.0;THEFT FROM MOTOR VEHICLE;;;[43.04827666453783, -87.90998927894145];1440 N WATER ST
151370051;05/17/2015;10:06 AM;5.0;THEFT FROM MOTOR VEHICLE;;;[43.070803407438405, -87.90148247013695];2868 N FRATNEY ST
151370078;05/17/2015;01:12 PM;5.0;THEFT FROM MOTOR VEHICLE;;;[43.0669087543713, -87.9041375809335];2657 N BOOTH ST
151370084;05/17/2015;02:06 PM;1.0;THEFT FROM BUILDING;;;[43.05306502553523, -87.89499007703836];1709 N ARLINGTON PL
151360006;05/16/2015;12:24 AM;1.0;THEFT FROM BUILDING;;;[43.060132521207386, -87.89016166763805];1609 E NORTH AV
151350040;05/15/2015;09:20 AM;1.0;THEFT FROM BUILDING;;;[43.059780006386, -87.88742517806737];1815 E KENILWORTH PL
151350086;05/15/2015;02:52 PM;1.0;THEFT FROM MOTOR VEHICLE;;;[43.06021543603204, -87.88372406815157];2311 N PROSPECT AV
151350093;05/15/2015;04:53 PM;1.0;THEFT FROM BUILDING;;;[43.07179402553524, -87.88795159925536];2935 N OAKLAND AV
151350159;05/15/2015;10:53 PM;1.0;THEFT FROM BUILDING;;;[43.05245823149046, -87.90543781406873];1661 N WATER ST
151340018;05/14/2015;03:05 AM;1.0;THEFT FROM MOTOR VEHICLE;;;[43.059680528449434, -87.89054861757722];2209 N NEWHALL ST
151340093;05/14/2015;03:03 PM;1.0;THEFT FROM BUILDING;;;[43.071786586733225, -87.8867315809335];2933 N CRAMER ST
151340107;05/14/2015;05:13 PM;1.0;THEFT FROM BUILDING;;;[43.0493604767734, -87.90469204053886];605 E LYON ST
151330027;05/13/2015;05:22 AM;1.0;THEFT FROM MOTOR VEHICLE;;;[43.051878931732865, -87.89334377381833];1629 N FARWELL AV
151350068;05/13/2015;03:47 PM;1.0;THEFT FROM MOTOR VEHICLE;THEFT OF MOTOR VEHICLE PARTS/ACCESSORIES;;[43.07100549841346, -87.89037351832185];1615 E LOCUST ST
151320010;05/12/2015;12:53 AM;1.0;THEFT FROM BUILDING;;;[43.059472907250544, -87.88599355379];2224 N FARWELL AV
151310112;05/11/2015;05:07 PM;5.0;THEFT FROM MOTOR VEHICLE;;;[43.063568664723874, -87.90531242627985];2470 N HOLTON ST
151300038;05/10/2015;09:58 AM;1.0;THEFT FROM MOTOR VEHICLE;;;[43.05329294967589, -87.8948966520526];1716 N ARLINGTON PL
151300046;05/10/2015;10:04 AM;5.0;THEFT FROM MOTOR VEHICLE;;;[43.0711335310169, -87.89476195498906];1350 E LOCUST ST #703
151300062;05/10/2015;12:57 PM;1.0;THEFT OF MOTOR VEHICLE PARTS/ACCESSORIES;;;[43.052081155144585, -87.89550104154847];1633 N ARLINGTON PL
151300100;05/10/2015;05:43 PM;1.0;THEFT FROM MOTOR VEHICLE;;;[43.046435525939245, -87.9111981025736];1227 N WATER ST
151290066;05/09/2015;11:08 AM;1.0;THEFT FROM BUILDING;;;[43.064432413266786, -87.88312857372014];2531 N MARYLAND AV
151290085;05/09/2015;01:48 PM;1.0;THEFT FROM BUILDING;;;[43.071786586733225, -87.8867315809335];2933 N CRAMER ST
151290094;05/09/2015;02:54 PM;1.0;THEFT FROM MOTOR VEHICLE;;;[43.04769358673323, -87.90864155987033];1305 N BROADWAY
151290103;05/09/2015;04:09 PM;1.0;THEFT FROM MOTOR VEHICLE;;;[43.046165814618405, -87.90358834801775];1233 N VAN BUREN ST
151280010;05/08/2015;12:40 AM;1.0;THEFT FROM MOTOR VEHICLE;;;[43.06454902553523, -87.88064907372015];2535 N PROSPECT AV
151280076;05/08/2015;08:18 AM;1.0;THEFT FROM MOTOR VEHICLE;;;[43.04949211387229, -87.89565131198007];1485 N FARWELL AV
151280118;05/08/2015;04:59 PM;1.0;THEFT FROM BUILDING;;;[43.059780006386, -87.88742517806737];1815 E KENILWORTH PL
151280164;05/08/2015;08:58 PM;1.0;THEFT FROM BUILDING;;;[43.048239988583816, -87.90542250904896];544 E OGDEN AV
151270076;05/07/2015;01:50 PM;1.0;THEFT FROM MOTOR VEHICLE;;;[43.07190241326677, -87.88787590074465];2950 N OAKLAND AV
151250120;05/05/2015;03:04 PM;1.0;THEFT FROM MOTOR VEHICLE;;;[43.05625858192407, -87.8980006824093];1900 N HUMBOLDT AV
151240107;05/04/2015;02:35 PM;5.0;THEFT FROM MOTOR VEHICLE;;;[43.07187616763807, -87.90033912479058];2935 N BREMEN ST
151230032;05/03/2015;03:44 AM;1.0;THEFT OF MOTOR VEHICLE PARTS/ACCESSORIES;;;[43.05298246378897, -87.89399999999999];1344 E BRADY ST
151230034;05/03/2015;04:03 AM;1.0;THEFT OF MOTOR VEHICLE PARTS/ACCESSORIES;;;[43.07544019900166, -87.88790060646872];3129 N OAKLAND AV
151220003;05/02/2015;12:17 AM;1.0;THEFT FROM BUILDING;;;[43.05292553231588, -87.8944635];1329 E BRADY ST
151220091;05/02/2015;01:11 PM;1.0;THEFT FROM MOTOR VEHICLE;;;[43.04949698684863, -87.90751281622713];1531 N MILWAUKEE ST
151220135;05/02/2015;08:26 PM;1.0;THEFT FROM MOTOR VEHICLE;THEFT OF MOTOR VEHICLE PARTS/ACCESSORIES;;[43.04695752264969, -87.90058333236193];914 E KNAPP ST
151210020;05/01/2015;06:18 AM;5.0;THEFT OF MOTOR VEHICLE PARTS/ACCESSORIES;;;[43.063209, -87.8992516392173];2455 N WEIL ST
151210102;05/01/2015;06:15 PM;5.0;THEFT FROM MOTOR VEHICLE;;;[43.07279287983781, -87.89789352977517];2999 N HUMBOLDT BL
151510044;05/31/2015;09:27 AM;3.0;THEFT OF MOTOR VEHICLE PARTS/ACCESSORIES;;;[43.045880486582895, -87.93595232653355];1818 W JUNEAU AV
151510049;05/31/2015;10:58 AM;3.0;THEFT FROM MOTOR VEHICLE;;;[43.04607274854291, -87.93531591574828];1202 N 18TH ST
151510068;05/31/2015;12:45 PM;1.0;THEFT FROM MOTOR VEHICLE;;;[43.037981235356945, -87.90642772401729];625 N MILWAUKEE ST
151510069;05/31/2015;01:46 PM;1.0;THEFT OF MOTOR VEHICLE PARTS/ACCESSORIES;;;[43.04498713509773, -87.90351082771365];1123 N VAN BUREN ST
151500028;05/30/2015;02:34 AM;1.0;THEFT FROM BUILDING;;;[43.0387804800916, -87.9184609228174];509 W WISCONSIN AV
151490071;05/29/2015;11:45 AM;3.0;THEFT OF MOTOR VEHICLE PARTS/ACCESSORIES;;;[43.04027252842077, -87.95468308673323];3209 W WELLS ST
151490112;05/29/2015;01:54 PM;3.0;THEFT FROM MOTOR VEHICLE;;;[43.03774176806973, -87.94154171411829];618 N 23RD ST
151490118;05/29/2015;03:54 PM;3.0;THEFT OF MOTOR VEHICLE PARTS/ACCESSORIES;;;[43.03653350291418, -87.95151641517137];518 N 30TH ST
151490129;05/29/2015;05:06 PM;3.0;THEFT FROM MOTOR VEHICLE;;;[43.038605476773384, -87.943302];2401 W WISCONSIN AV
151500009;05/29/2015;07:46 PM;3.0;THEFT FROM MOTOR VEHICLE;;;[43.04037776118019, -87.94225357491317];2350 W WELLS ST
151480044;05/28/2015;09:42 AM;3.0;THEFT FROM BUILDING;;;[43.03864852784384, -87.952383];3035 W WISCONSIN AV
151480054;05/28/2015;11:21 AM;1.0;THEFT OF MOTOR VEHICLE PARTS/ACCESSORIES;;;[43.0453958731606, -87.8985303294764];1121 N WAVERLY PL
151480113;05/28/2015;05:11 PM;1.0;THEFT FROM MOTOR VEHICLE;;;[43.037332405809806, -87.91213902244678];151 W MICHIGAN ST
151480120;05/28/2015;07:10 PM;1.0;THEFT FROM BUILDING;;;[43.04515498110121, -87.92568696191398];1124 N 11TH ST
151470035;05/27/2015;07:46 AM;1.0;THEFT FROM MOTOR VEHICLE;;;[43.037327820054145, -87.9185574459609];555 W MICHIGAN ST
151460072;05/26/2015;10:13 AM;1.0;THEFT FROM BUILDING;;;[43.0432644970858, -87.91449108482863];1013 N OLD WORLD THIRD ST
151460099;05/26/2015;12:34 PM;1.0;THEFT FROM MOTOR VEHICLE;;;[43.03746646391285, -87.9155514340085];366 W MICHIGAN ST
151460143;05/26/2015;08:47 PM;1.0;THEFT FROM MOTOR VEHICLE;;;[43.03312115098963, -87.90583631926287];212 N MILWAUKEE ST
151450046;05/25/2015;10:04 AM;1.0;THEFT OF MOTOR VEHICLE PARTS/ACCESSORIES;;;[43.04308503412123, -87.90204464860273];907 N CASS ST
151450048;05/25/2015;09:42 AM;1.0;THEFT FROM MOTOR VEHICLE;;;[43.039090688845455, -87.90002942039415];931 E WISCONSIN AV
151450088;05/25/2015;02:25 PM;1.0;THEFT OF MOTOR VEHICLE PARTS/ACCESSORIES;;;[43.043409796006664, -87.90324593640742];930 N VAN BUREN ST
151450153;05/25/2015;09:12 PM;1.0;THEFT OF MOTOR VEHICLE PARTS/ACCESSORIES;;;[43.04289128230109, -87.90275824591717];700 E KILBOURN AV
151460015;05/25/2015;06:33 PM;3.0;THEFT FROM BUILDING;;;[43.03474447403208, -87.95116349999999];2923 W ST PAUL AV
151440074;05/24/2015;11:59 AM;1.0;THEFT FROM MOTOR VEHICLE;;;[43.03868253563413, -87.9222400567546];801 W WISCONSIN AV
151440128;05/24/2015;07:01 PM;1.0;THEFT FROM MOTOR VEHICLE;;;[43.03873746681874, -87.9120407514571];161 W WISCONSIN AV
151440133;05/24/2015;08:27 PM;1.0;THEFT OF MOTOR VEHICLE PARTS/ACCESSORIES;;;[43.04249670968016, -87.92296556709425];950 N 9TH ST
151430122;05/23/2015;08:17 PM;1.0;THEFT FROM MOTOR VEHICLE;;;[43.03939593228113, -87.90780578319607];740 N BROADWAY
151420024;05/22/2015;03:50 AM;3.0;THEFT OF MOTOR VEHICLE PARTS/ACCESSORIES;;;[43.033244283044496, -87.95524428348585];222 N 33RD ST
151420064;05/22/2015;12:06 PM;3.0;THEFT FROM BUILDING;;;[43.03907796305975, -87.93301064330954];717 N 16TH ST
151420141;05/22/2015;09:22 PM;3.0;THEFT FROM MOTOR VEHICLE;;;[43.03613352986306, -87.94010241618096];2120 W CLYBOURN ST
151410052;05/21/2015;10:31 AM;1.0;THEFT FROM BUILDING;;;[43.03737453116205, -87.91821];501 W MICHIGAN ST
151410067;05/21/2015;02:06 PM;3.0;THEFT OF MOTOR VEHICLE PARTS/ACCESSORIES;;;[43.038779529863056, -87.95094397446478];2904 W WISCONSIN AV
151410068;05/21/2015;12:23 PM;1.0;THEFT FROM MOTOR VEHICLE;;;[43.03652283674479, -87.9088946098315];525 N WATER ST
151410128;05/21/2015;08:21 PM;3.0;THEFT OF MOTOR VEHICLE PARTS/ACCESSORIES;;;[43.04129433527612, -87.94636962479058];845 N 26TH ST
151410149;05/21/2015;10:10 PM;1.0;THEFT FROM BUILDING;;;[43.0432644970858, -87.91449108482863];1013 N OLD WORLD THIRD ST
151390058;05/20/2015;01:45 AM;1.0;THEFT FROM MOTOR VEHICLE;;;[43.0460859532916, -87.92565717533365];1210 N 11TH ST
151400035;05/20/2015;10:41 AM;3.0;THEFT OF MOTOR VEHICLE PARTS/ACCESSORIES;;;[43.04912413627446, -87.93896589353128];1422 N 21ST ST
151400044;05/20/2015;11:24 AM;3.0;THEFT OF MOTOR VEHICLE PARTS/ACCESSORIES;;;[43.044822670552264, -87.93538809146509];1133 N 18TH ST
151390046;05/19/2015;10:53 AM;1.0;THEFT FROM MOTOR VEHICLE;;;[43.040673754371284, -87.91299857761528];823 N 2ND ST #809
151390080;05/19/2015;03:38 PM;3.0;THEFT OF MOTOR VEHICLE PARTS/ACCESSORIES;;;[43.04784625145709, -87.95005763532217];1325 N 29TH ST
151390143;05/19/2015;09:44 PM;1.0;THEFT FROM MOTOR VEHICLE;;;[43.03756049905514, -87.90718439995275];314 E MICHIGAN ST
151390163;05/19/2015;10:33 PM;1.0;THEFT FROM MOTOR VEHICLE;;;[43.041242557851135, -87.90591988190317];419 E WELLS ST
151380030;05/18/2015;05:51 AM;1.0;THEFT FROM MOTOR VEHICLE;;;[43.03465953563411, -87.91672445804656];433 W ST PAUL AV
151380081;05/18/2015;12:26 PM;1.0;THEFT FROM MOTOR VEHICLE;;;[43.044776472156165, -87.90926505259965];270 E HIGHLAND AV
151380088;05/18/2015;01:00 PM;1.0;THEFT FROM MOTOR VEHICLE;;;[43.036357907474795, -87.91115309105709];520 N PLANKINTON AV
151380095;05/18/2015;02:53 PM;3.0;THEFT FROM BUILDING;;;[43.04325049711447, -87.94818963918864];2710 W STATE ST
151380135;05/18/2015;07:08 PM;3.0;THEFT OF MOTOR VEHICLE PARTS/ACCESSORIES;;;[43.04734348600596, -87.94865275145709];2728 W MC KINLEY BL
151380165;05/18/2015;09:45 PM;3.0;THEFT FROM BUILDING;;;[43.038834181659766, -87.93841003027661];2020 W WISCONSIN AV
151370096;05/17/2015;03:44 PM;1.0;THEFT FROM BUILDING;;;[43.04403950291419, -87.91442388963614];1044 N OLD WORLD THIRD ST
151370102;05/17/2015;04:32 PM;3.0;THEFT OF MOTOR VEHICLE PARTS/ACCESSORIES;;;[43.03786500000001, -87.95396640463977];610 N 32ND ST
151350027;05/16/2015;05:48 AM;1.0;THEFT FROM MOTOR VEHICLE;;;[43.03752247489748, -87.90676155981302];322 E MICHIGAN ST
151360012;05/16/2015;01:28 AM;3.0;THEFT FROM MOTOR VEHICLE;;;[43.04127600000001, -87.94489643738835];842 N 25TH ST
151360015;05/16/2015;01:28 AM;3.0;THEFT FROM MOTOR VEHICLE;;;[43.04070899999999, -87.944893430175];818 N 25TH ST
151360095;05/16/2015;12:59 PM;1.0;THEFT FROM MOTOR VEHICLE;;;[43.039105051056225, -87.92038742117789];719 N JAMES LOVELL ST
151360134;05/16/2015;06:28 PM;3.0;THEFT FROM MOTOR VEHICLE;;;[43.05009024214415, -87.93375163575931];1470 N 17TH ST
151350007;05/15/2015;12:17 AM;1.0;THEFT FROM MOTOR VEHICLE;;;[43.044743482110846, -87.90969564363205];250 E HIGHLAND AV
151350018;05/15/2015;03:36 AM;1.0;THEFT FROM MOTOR VEHICLE;;;[43.044798004329714, -87.90960526551868];210 E HIGHLAND AV
151350021;05/15/2015;04:12 AM;1.0;THEFT FROM MOTOR VEHICLE;;;[43.04561680952892, -87.89836222024225];1041 E JUNEAU AV
151350023;05/15/2015;05:30 AM;1.0;THEFT FROM MOTOR VEHICLE;;;[43.05042607879872, -87.89301080552865];1570 N PROSPECT AV
151350046;05/15/2015;09:14 AM;1.0;THEFT FROM MOTOR VEHICLE;;;[43.04683800000001, -87.92441062089544];1243 N 10TH ST
151350070;05/15/2015;12:34 PM;3.0;THEFT FROM BUILDING;;;[43.04378164640202, -87.92712587520941];1020 N 12TH ST
151350073;05/15/2015;01:01 PM;1.0;THEFT FROM BUILDING;;;[43.04366999999999, -87.91904811094078];1015 N 6TH ST #2ND
151350080;05/15/2015;12:06 PM;1.0;THEFT FROM BUILDING;;;[43.037455471579236, -87.92070283236194];700 W MICHIGAN ST
151330001;05/13/2015;12:09 AM;3.0;THEFT FROM MOTOR VEHICLE;;;[43.038605476773384, -87.943302];2401 W WISCONSIN AV
151330002;05/13/2015;12:28 AM;1.0;THEFT FROM MOTOR VEHICLE;;;[43.04450383596861, -87.91235994644805];1101 N EDISON ST
151330026;05/13/2015;05:03 AM;1.0;THEFT FROM MOTOR VEHICLE;;;[43.03897424378196, -87.92176153413591];709 N 8TH ST
151330052;05/13/2015;10:46 AM;3.0;THEFT FROM BUILDING;;;[43.046964136274454, -87.94522338242277];1248 N 25TH ST
151330095;05/13/2015;11:20 AM;1.0;THEFT FROM BUILDING;;;[43.03958593609558, -87.90915616483787];740 N WATER ST
151330128;05/13/2015;07:37 PM;1.0;THEFT FROM MOTOR VEHICLE;;;[43.0454361645119, -87.90466086332862];1116 N JACKSON ST
151330140;05/13/2015;08:11 PM;1.0;THEFT FROM MOTOR VEHICLE;;;[43.04236481715294, -87.90620835175795];457 E KILBOURN AV
151320028;05/12/2015;07:16 AM;3.0;THEFT FROM MOTOR VEHICLE;;;[43.05071571135093, -87.94878400288553];1526 N 28TH ST
151320051;05/12/2015;09:35 AM;1.0;THEFT FROM MOTOR VEHICLE;;;[43.040853927492584, -87.91307449217557];821 N PLANKINTON AV
151320076;05/12/2015;11:59 AM;1.0;THEFT FROM MOTOR VEHICLE;;;[43.04565863445681, -87.91277353872118];113 E JUNEAU AV
151320079;05/12/2015;12:21 PM;1.0;THEFT FROM MOTOR VEHICLE;;;[43.04683800000001, -87.92441062089544];1243 N 10TH ST
151320172;05/12/2015;06:54 PM;1.0;THEFT FROM BUILDING;;;[43.038809450516084, -87.90567316195391];424 E WISCONSIN AV
151310049;05/11/2015;06:29 AM;3.0;THEFT FROM MOTOR VEHICLE;;;[43.0410422514571, -87.94161057372014];835 N 23RD ST
151310066;05/11/2015;11:58 AM;3.0;THEFT FROM MOTOR VEHICLE;;;[43.04035990497444, -87.9429602718962];801 N 24TH ST
151310067;05/11/2015;06:49 AM;3.0;THEFT FROM MOTOR VEHICLE;;;[43.04049311518264, -87.94287595902844];808 N 24TH ST #308
151310133;05/11/2015;07:33 PM;1.0;THEFT FROM BUILDING;;;[43.039082725489195, -87.90011738764558];929 E WISCONSIN AV
151310173;05/11/2015;10:26 PM;1.0;THEFT FROM MOTOR VEHICLE;;;[43.03752315450163, -87.90757929364733];600 N BROADWAY
151320011;05/11/2015;11:37 PM;1.0;THEFT FROM MOTOR VEHICLE;;;[43.03762183489049, -87.90594397267505];430 E MICHIGAN ST
151300004;05/10/2015;12:46 AM;3.0;THEFT FROM MOTOR VEHICLE;;;[43.040346680175475, -87.94500868106213];2500 W WELLS ST
151300015;05/10/2015;12:22 AM;3.0;THEFT FROM MOTOR VEHICLE;;;[43.03613352986306, -87.9413499528247];2312 W CLYBOURN ST
151300044;05/10/2015;10:33 AM;1.0;THEFT FROM MOTOR VEHICLE;;;[43.05042607879872, -87.89301080552865];1570 N PROSPECT AV #1001
151300047;05/10/2015;08:11 AM;3.0;THEFT FROM MOTOR VEHICLE;;;[43.04049311518264, -87.94287595902844];808 N 24TH ST
151300053;05/10/2015;10:33 AM;1.0;THEFT FROM MOTOR VEHICLE;;;[43.05042607879872, -87.89301080552865];1570 N PROSPECT AV #305
151300061;05/10/2015;11:35 AM;3.0;THEFT OF MOTOR VEHICLE PARTS/ACCESSORIES;;;[43.03883349030937, -87.94149963818072];2298 W WISCONSIN AV
151300112;05/10/2015;07:10 PM;3.0;THEFT FROM MOTOR VEHICLE;;;[43.043316187350754, -87.94500018735076];2500 W STATE ST
151300146;05/10/2015;09:57 PM;1.0;THEFT FROM MOTOR VEHICLE;;;[43.03314848626578, -87.90728682656221];221 N BROADWAY
151290052;05/09/2015;09:37 AM;3.0;THEFT FROM MOTOR VEHICLE;;;[43.03876947157924, -87.945543];2518 W WISCONSIN AV
151290077;05/09/2015;01:17 PM;3.0;THEFT FROM MOTOR VEHICLE;;;[43.03860454284748, -87.94402127699232];2435 W WISCONSIN AV
151290095;05/09/2015;04:08 PM;3.0;THEFT OF MOTOR VEHICLE PARTS/ACCESSORIES;;;[43.037640251457105, -87.94164060257359];605 N 23RD ST
151280004;05/08/2015;12:22 AM;1.0;THEFT FROM MOTOR VEHICLE;;;[43.04479739252889, -87.92154275218783];1130 N 8TH ST
151280017;05/08/2015;12:45 AM;1.0;THEFT FROM MOTOR VEHICLE;;;[43.04567389562908, -87.92320407926701];901 W JUNEAU AV
151280055;05/08/2015;07:45 AM;1.0;THEFT FROM MOTOR VEHICLE;;;[43.036983628368624, -87.90886342919404];532 N WATER ST
151280085;05/08/2015;12:37 PM;3.0;THEFT OF MOTOR VEHICLE PARTS/ACCESSORIES;;;[43.0448209103526, -87.92868341517136];1116 N 13TH ST
151280173;05/08/2015;10:20 PM;1.0;THEFT FROM MOTOR VEHICLE;;;[43.04486694754459, -87.91448754039463];1141 N OLD WORLD THIRD ST
151270030;05/07/2015;08:24 AM;3.0;THEFT FROM MOTOR VEHICLE;;;[43.04031747157926, -87.94385451012754];2424 W WELLS ST
151270087;05/07/2015;02:36 PM;3.0;THEFT OF MOTOR VEHICLE PARTS/ACCESSORIES;;;[43.048089136274456, -87.95124589684949];1336 N 30TH ST
151260040;05/06/2015;09:49 AM;3.0;THEFT FROM MOTOR VEHICLE;;;[43.033625488458824, -87.9506338411045];2901 W MT VERNON AV #3
151260042;05/06/2015;10:09 AM;3.0;THEFT FROM BUILDING;;;[43.048722553955976, -87.95452299861502];3229 W VLIET ST
151260051;05/06/2015;10:19 AM;1.0;THEFT FROM MOTOR VEHICLE;;;[43.04498713509773, -87.90351082771365];1123 N VAN BUREN ST
151260067;05/06/2015;12:16 PM;1.0;THEFT FROM MOTOR VEHICLE;;;[43.03482107216229, -87.91312897489746];413 N 2ND ST
151260128;05/06/2015;07:14 PM;1.0;THEFT FROM MOTOR VEHICLE;;;[43.04567389562908, -87.92320407926701];901 W JUNEAU AV
151260155;05/06/2015;08:49 PM;1.0;THEFT FROM MOTOR VEHICLE;;;[43.041790550377975, -87.90679616954264];828 N MILWAUKEE ST
151260165;05/06/2015;09:25 PM;1.0;THEFT FROM MOTOR VEHICLE;;;[43.03737450678067, -87.908571524006];207 E MICHIGAN ST
151050083;05/05/2015;11:20 AM;1.0;THEFT FROM BUILDING;;;[43.04142203186193, -87.91308231430293];139 W KILBOURN AV
151250007;05/05/2015;12:46 AM;1.0;THEFT FROM MOTOR VEHICLE;;;[43.036406046627036, -87.91304496234666];522 N 2ND ST
151250008;05/05/2015;12:29 AM;1.0;THEFT FROM MOTOR VEHICLE;;;[43.03658721288265, -87.91126627238424];539 N PLANKINTON AV
151250039;05/05/2015;08:07 AM;1.0;THEFT FROM MOTOR VEHICLE;;;[43.039287, -87.91447488242277];720 N OLD WORLD THIRD ST
151240144;05/04/2015;05:15 PM;1.0;THEFT FROM MOTOR VEHICLE;;;[43.037884598205196, -87.9004785538192];910 E MICHIGAN ST
151240146;05/04/2015;05:21 PM;1.0;THEFT FROM MOTOR VEHICLE;;;[43.037884598205196, -87.9004785538192];910 E MICHIGAN ST
151240160;05/04/2015;07:06 PM;1.0;THEFT FROM MOTOR VEHICLE;;;[43.03876552510253, -87.91417294463038];275 W WISCONSIN AV
151230018;05/03/2015;01:07 AM;3.0;THEFT FROM BUILDING;;;[43.04169051154119, -87.94365308381903];2424 W KILBOURN AV #3
151230030;05/03/2015;03:08 AM;1.0;THEFT FROM MOTOR VEHICLE;;;[43.04368603052689, -87.91226073552983];1005 N EDISON ST
151230056;05/03/2015;09:20 AM;3.0;THEFT OF MOTOR VEHICLE PARTS/ACCESSORIES;;;[43.049528360811365, -87.95532908425172];1445 N 33RD ST
151230125;05/03/2015;07:08 PM;1.0;THEFT FROM BUILDING;;;[43.0397050535806, -87.91196887396866];740 N PLANKINTON AV
151230142;05/03/2015;08:57 PM;1.0;THEFT FROM BUILDING;;;[43.0443066217035, -87.90215882226305];1007 N CASS ST
151250050;05/03/2015;02:09 PM;1.0;THEFT FROM BUILDING;;;[43.0387224740321, -87.91041344892955];101 W WISCONSIN AV
151220059;05/02/2015;09:08 AM;3.0;THEFT FROM MOTOR VEHICLE;;;[43.05070838773156, -87.95524239353128];1522 N 33RD ST
151220140;05/02/2015;08:45 PM;1.0;THEFT FROM BUILDING;;;[43.0430844970858, -87.91448106982499];1007 N OLD WORLD THIRD ST
151210057;05/01/2015;01:09 PM;3.0;THEFT OF MOTOR VEHICLE PARTS/ACCESSORIES;;;[43.0448209103526, -87.92868341517136];1116 N 13TH ST
151500013;05/30/2015;12:10 AM;7.0;THEFT FROM MOTOR VEHICLE;THEFT OF MOTOR VEHICLE PARTS/ACCESSORIES;;[43.08777900000001, -88.01229438963614];3870 N 80TH ST
151510010;05/30/2015;11:07 PM;7.0;THEFT FROM MOTOR VEHICLE;;;[43.099592499595985, -88.0132978936755];8080 W POTOMAC AV
151480100;05/28/2015;04:45 PM;7.0;THEFT FROM MOTOR VEHICLE;;;[43.08009202553524, -88.01626009925536];3355 N 83RD ST
151470012;05/27/2015;01:07 AM;4.0;THEFT OF MOTOR VEHICLE PARTS/ACCESSORIES;;;[43.148160683085564, -88.05931119044261];11622 W GOOD HOPE RD
151450132;05/25/2015;06:44 PM;7.0;THEFT OF MOTOR VEHICLE PARTS/ACCESSORIES;;;[43.10875769901663, -88.0228772760737];8858 W FAIRMOUNT AV
151420050;05/22/2015;10:25 AM;4.0;THEFT FROM MOTOR VEHICLE;;;[43.119340894642235, -88.03635013809217];9901 W SILVER SPRING DR
151420116;05/22/2015;05:14 PM;7.0;THEFT FROM MOTOR VEHICLE;;;[43.0699134446304, -88.02620289353128];2806 N 91ST ST
151400024;05/20/2015;08:29 AM;4.0;THEFT FROM MOTOR VEHICLE;;;[43.1498367579493, -88.0468002606906];10831 W PARK PL
151390055;05/19/2015;12:13 PM;7.0;THEFT FROM MOTOR VEHICLE;;;[43.10485473417913, -88.01777057278606];8431 W HAMPTON AV
151390061;05/19/2015;12:09 PM;7.0;THEFT FROM MOTOR VEHICLE;;;[43.0978744989904, -88.025292];9025 W LAWRENCE AV
151390074;05/19/2015;02:27 PM;4.0;THEFT FROM MOTOR VEHICLE;;;[43.14953545441123, -88.04844];10850 W PARK PL
151370162;05/17/2015;09:54 PM;7.0;THEFT FROM BUILDING;;;[43.09572754215406, -88.03312607726856];9700 W GRANTOSA DR
151350033;05/15/2015;08:24 AM;7.0;THEFT FROM MOTOR VEHICLE;;;[43.07470300582838, -88.00868060646873];3057 N 77TH ST
151350062;05/15/2015;12:13 PM;7.0;THEFT FROM BUILDING;;;[43.08623294892957, -88.02758438011509];3800 N 92ND ST
151350079;05/15/2015;01:47 PM;7.0;THEFT FROM MOTOR VEHICLE;;;[43.09711254674261, -88.01110081833924];7909 W CONGRESS ST
151340103;05/14/2015;02:11 PM;7.0;THEFT FROM MOTOR VEHICLE;;;[43.075141513994026, -88.01560308090484];8221 W BURLEIGH ST
151330037;05/13/2015;07:56 AM;7.0;THEFT FROM MOTOR VEHICLE;;;[43.089837246497964, -88.0271895959867];9120 W CAPITOL DR
151330113;05/13/2015;05:51 PM;7.0;THEFT FROM MOTOR VEHICLE;;;[43.06788420443549, -88.022762996523];8818 W CENTER ST
151310076;05/12/2015;09:09 AM;7.0;THEFT FROM BUILDING;;;[43.0998662828207, -88.01734061757723];4527 N 84TH ST #3
151320061;05/12/2015;11:25 AM;4.0;THEFT OF MOTOR VEHICLE PARTS/ACCESSORIES;;;[43.13179698061028, -88.02982306255433];9442 W FOND DU LAC AV
151310086;05/11/2015;02:01 PM;7.0;THEFT OF MOTOR VEHICLE PARTS/ACCESSORIES;;;[43.090027454411235, -88.00851283138098];7600 W CAPITOL DR
151300005;05/10/2015;12:04 AM;7.0;THEFT FROM BUILDING;;;[43.09551866472387, -88.0225058641009];4318 N 88TH ST #UPR
151290004;05/09/2015;12:27 AM;7.0;THEFT FROM BUILDING;;;[43.07514546047074, -88.027992];9200 W BURLEIGH ST
151290134;05/09/2015;09:08 PM;4.0;THEFT FROM MOTOR VEHICLE;;;[43.11956558721596, -88.04117286836671];10330 W SILVER SPRING DR
151280058;05/08/2015;08:44 AM;7.0;THEFT OF MOTOR VEHICLE PARTS/ACCESSORIES;;;[43.07802313627445, -88.03013007372014];3251 N 94TH ST
151270175;05/07/2015;08:21 PM;4.0;THEFT FROM MOTOR VEHICLE;;;[43.14857149884522, -88.0359018208494];9920 W GOOD HOPE RD
151260108;05/06/2015;05:03 PM;4.0;THEFT OF MOTOR VEHICLE PARTS/ACCESSORIES;;;[43.10577846681873, -88.04723314640201];10801 W JEFFREY LA
151250129;05/05/2015;03:41 PM;4.0;THEFT FROM BUILDING;;;[43.15155216180969, -88.0337833391426];7330 N 97TH ST
151240154;05/04/2015;06:47 PM;7.0;THEFT FROM BUILDING;;;[43.072505025535236, -88.01363534909727];2964 N 81ST ST
151220136;05/02/2015;08:04 PM;7.0;THEFT FROM BUILDING;;;[43.088787419095155, -88.01508586078269];3934 N 82ND ST
151210036;05/01/2015;10:06 AM;7.0;THEFT FROM MOTOR VEHICLE;;;[43.09184919819361, -88.04185778680275];4130 N 104TH ST
151510002;05/31/2015;12:07 AM;5.0;THEFT OF MOTOR VEHICLE PARTS/ACCESSORIES;;;[43.085555968636385, -87.94094643349322];3742 N 23RD ST
151510014;05/31/2015;02:35 AM;5.0;THEFT OF MOTOR VEHICLE PARTS/ACCESSORIES;;;[43.075783005828384, -87.90274963200395];3147 N PIERCE ST
151500091;05/30/2015;02:39 PM;5.0;THEFT OF MOTOR VEHICLE PARTS/ACCESSORIES;;;[43.075306005828395, -87.90275863200395];3123 N PIERCE ST
151480038;05/28/2015;08:26 AM;5.0;THEFT OF MOTOR VEHICLE PARTS/ACCESSORIES;;;[43.07943717346646, -87.92735009536023];3323 N 13TH ST
151480048;05/28/2015;09:02 AM;5.0;THEFT FROM MOTOR VEHICLE;;;[43.05563986372556, -87.91426061036385];1915 N MARTIN L KING JR DR
151480055;05/28/2015;10:23 AM;5.0;THEFT FROM MOTOR VEHICLE;;;[43.07053558673323, -87.93561012479059];2841 N 18TH ST
151480110;05/28/2015;05:44 PM;5.0;THEFT OF MOTOR VEHICLE PARTS/ACCESSORIES;;;[43.07162483819033, -87.92144105539828];2915 N 8TH ST
151510088;05/28/2015;09:48 PM;5.0;THEFT FROM BUILDING;;;[43.076061387731556, -87.92491241517136];3156 N 11TH ST #UPR
151470069;05/27/2015;11:12 AM;5.0;THEFT FROM BUILDING;;;[43.07680095353812, -87.92373572883695];3205 N 10TH ST
151470118;05/27/2015;04:54 PM;5.0;THEFT FROM BUILDING;;;[43.08357870549388, -87.93331642570294];3620 N 18TH ST
151460048;05/26/2015;08:07 AM;5.0;THEFT FROM MOTOR VEHICLE;;;[43.070346723007674, -87.91830639353127];2840 N 6TH ST
151460094;05/26/2015;11:58 AM;5.0;THEFT OF MOTOR VEHICLE PARTS/ACCESSORIES;;;[43.079552947544585, -87.93730963200395];3335 N 20TH ST
151350108;05/25/2015;10:11 AM;5.0;THEFT FROM MOTOR VEHICLE;;;[43.05920552928613, -87.89686166472387];1100 E GARFIELD AV
151450004;05/25/2015;12:20 AM;5.0;THEFT FROM MOTOR VEHICLE;;;[43.06294766472388, -87.91402442627985];2436 N MARTIN L KING JR DR
151450050;05/25/2015;10:25 AM;5.0;THEFT FROM MOTOR VEHICLE;;;[43.0627059605362, -87.91400657912305];2432 N MARTIN L KING JR DR
151440012;05/24/2015;01:19 AM;5.0;THEFT FROM MOTOR VEHICLE;;;[43.05730265314339, -87.91413739893275];2064 N MARTIN L KING JR DR
151440073;05/24/2015;11:40 AM;5.0;THEFT FROM MOTOR VEHICLE;;;[43.08463100138497, -87.90113588905922];3728 N FRATNEY ST
151430041;05/23/2015;08:16 AM;5.0;THEFT FROM BUILDING;;;[43.08143299417162, -87.92228491185313];3458 N 9TH ST
151430045;05/23/2015;09:26 AM;5.0;THEFT FROM BUILDING;;;[43.081952397036524, -87.9435776523414];3454 N 24TH PL
151430046;05/23/2015;09:44 AM;5.0;THEFT FROM BUILDING;;;[43.07484451399404, -87.92234141909516];831 W BURLEIGH ST
151420043;05/22/2015;09:43 AM;5.0;THEFT FROM MOTOR VEHICLE;THEFT OF MOTOR VEHICLE PARTS/ACCESSORIES;;[43.05337696751122, -87.90731301459961];415 E VINE ST
151420078;05/22/2015;01:14 PM;5.0;THEFT FROM MOTOR VEHICLE;;;[43.085357161809696, -87.91846536467783];3764 N 6TH ST
151420085;05/22/2015;12:17 PM;5.0;THEFT OF MOTOR VEHICLE PARTS/ACCESSORIES;;;[43.059375974464785, -87.90410863200395];2211 N BOOTH ST
151420087;05/22/2015;01:49 PM;5.0;THEFT OF MOTOR VEHICLE PARTS/ACCESSORIES;;;[43.059518999999995, -87.90411157703836];2223 N BOOTH ST
151410019;05/21/2015;07:03 AM;5.0;THEFT OF MOTOR VEHICLE PARTS/ACCESSORIES;;;[43.05965458673322, -87.91115807761528];2225 N 1ST ST
151410029;05/21/2015;09:00 AM;5.0;THEFT OF MOTOR VEHICLE PARTS/ACCESSORIES;;;[43.06372183236195, -87.90863435746448];2476 N HUBBARD ST
151410030;05/21/2015;09:09 AM;5.0;THEFT FROM MOTOR VEHICLE;;;[43.08071316180968, -87.94098436078269];3382 N 23RD ST
151410034;05/21/2015;07:47 AM;5.0;THEFT OF MOTOR VEHICLE PARTS/ACCESSORIES;;;[43.056683245628705, -87.90413907372015];2013 N BOOTH ST
151410112;05/21/2015;06:21 PM;5.0;THEFT OF MOTOR VEHICLE PARTS/ACCESSORIES;;;[43.086750654711885, -87.92995226937492];1515 W ATKINSON AV
151410135;05/21/2015;08:47 PM;5.0;THEFT OF MOTOR VEHICLE PARTS/ACCESSORIES;;;[43.09352934615349, -87.92106001312864];4155 N PORT WASHINGTON AV
151390107;05/19/2015;05:31 PM;5.0;THEFT FROM MOTOR VEHICLE;;;[43.081316161809696, -87.91735239353127];3436 N PORT WASHINGTON AV
151390139;05/19/2015;08:16 PM;5.0;THEFT FROM MOTOR VEHICLE;;;[43.081316161809696, -87.91735239353127];3436 N PORT WASHINGTON AV
151390151;05/19/2015;08:16 PM;5.0;THEFT FROM MOTOR VEHICLE;;;[43.081316161809696, -87.91735239353127];3436 N PORT WASHINGTON AV
151390152;05/19/2015;08:16 PM;5.0;THEFT FROM MOTOR VEHICLE;;;[43.081316161809696, -87.91735239353127];3436 N PORT WASHINGTON AV
151390171;05/19/2015;05:55 PM;5.0;THEFT FROM BUILDING;DESTRUCTION/DAMAGE/VANDALISM OF PROPERTY;;[43.07217241326677, -87.91247335688755];2942 N 2ND ST
151380054;05/18/2015;10:44 AM;5.0;THEFT OF MOTOR VEHICLE PARTS/ACCESSORIES;;;[43.0793369686364, -87.90940961036385];3337 N PALMER ST
151380129;05/18/2015;06:35 PM;5.0;THEFT FROM MOTOR VEHICLE;;;[43.08965753952926, -87.94297311226845];2431 W CAPITOL DR
151370138;05/17/2015;07:48 PM;5.0;THEFT FROM MOTOR VEHICLE;;;[43.06039820905253, -87.91566020905252];400 W NORTH AV
151370140;05/17/2015;07:55 PM;5.0;THEFT OF MOTOR VEHICLE PARTS/ACCESSORIES;;;[43.067550232661276, -87.90611890472643];430 E CENTER ST
151370150;05/17/2015;08:32 PM;5.0;THEFT OF MOTOR VEHICLE PARTS/ACCESSORIES;;;[43.06755654674262, -87.91921327990651];627 W CENTER ST #1
151350161;05/15/2015;11:32 PM;1.0;THEFT OF MOTOR VEHICLE PARTS/ACCESSORIES;;;[43.04990466980809, -87.91441771623467];300 W CHERRY ST
151340059;05/14/2015;11:41 AM;5.0;THEFT FROM MOTOR VEHICLE;;;[43.07478651875454, -87.90468283236193];510 E BURLEIGH ST
151340097;05/14/2015;04:01 PM;5.0;THEFT OF MOTOR VEHICLE PARTS/ACCESSORIES;;;[43.083739173466455, -87.91220054428977];3633 N 2ND ST
151340101;05/14/2015;04:19 PM;5.0;THEFT FROM MOTOR VEHICLE;;;[43.09352934615349, -87.92106001312864];4155 N PORT WASHINGTON AV
151340111;05/14/2015;05:32 PM;5.0;THEFT FROM MOTOR VEHICLE;;;[43.09352934615349, -87.92106001312864];4155 N PORT WASHINGTON AV
151340127;05/14/2015;01:28 PM;5.0;THEFT FROM MOTOR VEHICLE;;;[43.054229946621774, -87.91431311724382];1827 N MARTIN L KING JR DR #101
151340156;05/14/2015;10:08 PM;5.0;THEFT FROM MOTOR VEHICLE;;;[43.08916851889972, -87.9060000693923];401 E CAPITOL DR
151330085;05/13/2015;03:02 PM;5.0;THEFT OF MOTOR VEHICLE PARTS/ACCESSORIES;;;[43.072173167638056, -87.90771758872378];2947 N RICHARDS ST
151330156;05/13/2015;07:40 PM;5.0;THEFT FROM MOTOR VEHICLE;;;[43.089198520630475, -87.90848322202673];225 E CAPITOL DR
151320111;05/12/2015;03:50 PM;5.0;THEFT OF MOTOR VEHICLE PARTS/ACCESSORIES;;;[43.08142452844942, -87.91250061368208];3453 N 2ND ST
151320119;05/12/2015;04:37 PM;5.0;THEFT FROM BUILDING;;;[43.09352934615349, -87.92106001312864];4155 N PORT WASHINGTON AV
151310041;05/11/2015;08:56 AM;5.0;THEFT OF MOTOR VEHICLE PARTS/ACCESSORIES;;;[43.0843770313636, -87.9173486281088];3725 N PORT WASHINGTON AV
151310099;05/11/2015;01:12 PM;5.0;THEFT FROM BUILDING;;;[43.07841053318128, -87.90415183236193];528 E CONCORDIA AV
151310108;05/11/2015;04:39 PM;5.0;THEFT OF MOTOR VEHICLE PARTS/ACCESSORIES;;;[43.08516922009349, -87.93954241185313];3724 N 22ND ST
151310115;05/11/2015;05:29 PM;5.0;THEFT FROM MOTOR VEHICLE;;;[43.09352934615349, -87.92106001312864];4155 N PORT WASHINGTON AV
151300009;05/10/2015;01:23 AM;5.0;THEFT FROM MOTOR VEHICLE;;;[43.07135383236195, -87.91695814311245];2901 N 5TH ST
151300040;05/10/2015;10:19 AM;5.0;THEFT FROM MOTOR VEHICLE;;;[43.07951713627446, -87.90626636410092];3354 N BUFFUM ST
151300108;05/10/2015;06:44 PM;5.0;THEFT FROM BUILDING;;;[43.09352934615349, -87.92106001312864];4155 N PORT WASHINGTON AV
151290048;05/09/2015;09:22 AM;5.0;THEFT OF MOTOR VEHICLE PARTS/ACCESSORIES;;;[43.05611636081136, -87.91271860315051];1945 N 2ND ST
151290074;05/09/2015;12:29 PM;5.0;THEFT FROM MOTOR VEHICLE;;;[43.08218916180968, -87.92473643738836];3520 N 11TH ST
151270070;05/07/2015;01:00 PM;5.0;THEFT FROM BUILDING;;;[43.104206460470756, -87.91603188481736];500 W HAMPTON AV
151270127;05/07/2015;07:57 PM;5.0;THEFT OF MOTOR VEHICLE PARTS/ACCESSORIES;;;[43.07292653952927, -87.9087107514571];223 E CHAMBERS ST #A
151270129;05/07/2015;06:49 PM;5.0;THEFT FROM MOTOR VEHICLE;;;[43.068747591124826, -87.91842417585502];2765 N 6TH ST
151270165;05/07/2015;10:50 PM;5.0;THEFT FROM MOTOR VEHICLE;;;[43.075035408803785, -87.91255158661355];3114 N 2ND ST
151270166;05/07/2015;10:50 PM;5.0;THEFT OF MOTOR VEHICLE PARTS/ACCESSORIES;;;[43.08308899417162, -87.91301242296163];3600 N 2ND LA
151270172;05/07/2015;11:20 PM;5.0;THEFT FROM MOTOR VEHICLE;;;[43.07019846878062, -87.9300197423974];2836 N TEUTONIA AV
151260004;05/06/2015;12:46 AM;5.0;THEFT FROM MOTOR VEHICLE;;;[43.0577245434244, -87.91335016763806];217 W LLOYD ST
151250032;05/05/2015;07:24 AM;5.0;THEFT FROM MOTOR VEHICLE;;;[43.08052583819031, -87.918521592042];3417 N 6TH ST
151250059;05/05/2015;10:32 AM;5.0;THEFT FROM MOTOR VEHICLE;;;[43.07481351601326, -87.91144102553523];110 W BURLEIGH ST
151250111;05/05/2015;03:54 PM;5.0;THEFT FROM MOTOR VEHICLE;;;[43.082837696087495, -87.9284901503258];3553 N 14TH ST
151240047;05/04/2015;09:47 AM;5.0;THEFT FROM MOTOR VEHICLE;;;[43.062972570899284, -87.919886189262];2446 N 7TH ST
151240094;05/04/2015;01:50 PM;5.0;THEFT OF MOTOR VEHICLE PARTS/ACCESSORIES;;;[43.071067186682335, -87.92782344208432];1315 W LOCUST ST
151240165;05/04/2015;07:43 PM;5.0;THEFT FROM MOTOR VEHICLE;;;[43.07481152654482, -87.91211092339432];128 W BURLEIGH ST
151230097;05/03/2015;02:59 PM;5.0;THEFT OF MOTOR VEHICLE PARTS/ACCESSORIES;;;[43.081812639188655, -87.94096337520942];3426 N 23RD ST
151230099;05/03/2015;01:31 PM;5.0;THEFT FROM BUILDING;;;[43.079544754371284, -87.91383161757723];3333 N 3RD ST
151230126;05/03/2015;07:14 PM;5.0;THEFT OF MOTOR VEHICLE PARTS/ACCESSORIES;;;[43.080686664723885, -87.91975589021305];3422 N 7TH ST
151220094;05/02/2015;02:02 PM;5.0;THEFT FROM MOTOR VEHICLE;;;[43.05382148845882, -87.911784];113 W VINE ST
151220117;05/02/2015;05:48 PM;5.0;THEFT OF MOTOR VEHICLE PARTS/ACCESSORIES;;;[43.07473553952925, -87.90902094754458];211 E BURLEIGH ST
151220124;05/02/2015;06:47 PM;5.0;THEFT OF MOTOR VEHICLE PARTS/ACCESSORIES;;;[43.07680754954123, -87.90391242959808];3210 N BOOTH ST
151210073;05/01/2015;02:00 PM;5.0;THEFT FROM MOTOR VEHICLE;;;[43.05392833665388, -87.91298496873782];208 W VINE ST
151500086;05/30/2015;02:24 PM;5.0;THEFT OF MOTOR VEHICLE PARTS/ACCESSORIES;;;[43.07081341326679, -87.94478385356932];2850 N 25TH ST
151500113;05/30/2015;05:28 PM;7.0;THEFT OF MOTOR VEHICLE PARTS/ACCESSORIES;;;[43.08444391111726, -87.97963778114425];3701 N 53RD ST
151490064;05/29/2015;10:57 AM;7.0;THEFT OF MOTOR VEHICLE PARTS/ACCESSORIES;;;[43.09773224562872, -87.9817858607827];4420 N 55TH ST
151490096;05/29/2015;02:28 PM;7.0;THEFT OF MOTOR VEHICLE PARTS/ACCESSORIES;;;[43.073711664723874, -87.9632323607827];3014 N 40TH ST
151470032;05/27/2015;07:20 AM;7.0;THEFT OF MOTOR VEHICLE PARTS/ACCESSORIES;;;[43.08525945045878, -87.98215955539827];3737 N 55TH ST
151460096;05/26/2015;12:33 PM;5.0;THEFT OF MOTOR VEHICLE PARTS/ACCESSORIES;;;[43.08865216763806, -87.94578012479059];3927 N 26TH ST
151460135;05/26/2015;04:46 PM;7.0;THEFT OF MOTOR VEHICLE PARTS/ACCESSORIES;;;[43.0953057291204, -87.96683303763785];4300 N SHERMAN BL
151460155;05/26/2015;06:38 PM;5.0;THEFT OF MOTOR VEHICLE PARTS/ACCESSORIES;;;[43.067956493219334, -87.94633147446477];2600 W CENTER ST
151450038;05/25/2015;08:06 AM;5.0;THEFT FROM MOTOR VEHICLE;;;[43.08078650291421, -87.94846160646873];3377 N 28TH ST
151450141;05/25/2015;07:52 PM;7.0;THEFT OF MOTOR VEHICLE PARTS/ACCESSORIES;;;[43.08575374854291, -87.9684354190665];3768 N 44TH ST
151440008;05/24/2015;12:27 AM;7.0;THEFT FROM MOTOR VEHICLE;;;[43.07616916763806, -87.96987758425172];3147 N 45TH ST
151430090;05/23/2015;04:46 PM;7.0;THEFT OF MOTOR VEHICLE PARTS/ACCESSORIES;;;[43.08550807825044, -87.97250155011815];4709 W MEDFORD AV
151420014;05/22/2015;02:53 AM;7.0;THEFT OF MOTOR VEHICLE PARTS/ACCESSORIES;;;[43.08056028286636, -87.96083068207301];3375 N 38TH ST
151420051;05/22/2015;10:35 AM;5.0;THEFT OF MOTOR VEHICLE PARTS/ACCESSORIES;;;[43.08091149708582, -87.94837342296164];3384 N 28TH ST
151420059;05/22/2015;11:39 AM;7.0;THEFT OF MOTOR VEHICLE PARTS/ACCESSORIES;;;[43.1016842514571, -87.9592186392173];4643 N 37TH ST
151420098;05/22/2015;02:16 PM;7.0;THEFT FROM MOTOR VEHICLE;;;[43.08085766472388, -87.9697134190665];3380 N 45TH ST
151410043;05/21/2015;08:15 AM;7.0;THEFT FROM BUILDING;;;[43.07342366472389, -87.96205435688755];3004 N 39TH ST
151400130;05/20/2015;09:00 PM;5.0;THEFT FROM MOTOR VEHICLE;;;[43.085925220093486, -87.9457463974264];3754 N 26TH ST
151380057;05/18/2015;11:05 AM;7.0;THEFT FROM MOTOR VEHICLE;;;[43.07690738773155, -87.97477537910454];3176 N 49TH ST
151380073;05/18/2015;12:56 PM;7.0;THEFT FROM MOTOR VEHICLE;;;[43.070215391628736, -87.96728509260643];2826 N SHERMAN BL
151380118;05/18/2015;05:18 PM;5.0;THEFT OF MOTOR VEHICLE PARTS/ACCESSORIES;;;[43.08974154674263, -87.95138374854291];3023 W CAPITOL DR
151370022;05/17/2015;02:50 AM;7.0;THEFT FROM MOTOR VEHICLE;;;[43.1026340451931, -87.95906848063153];4700 N HOPKINS ST
151370055;05/17/2015;08:39 AM;5.0;THEFT FROM BUILDING;;;[43.07317241909516, -87.94980810257358];2979 N 29TH ST
151370092;05/17/2015;02:58 PM;7.0;THEFT FROM MOTOR VEHICLE;;;[43.08089787786381, -87.96491995617157];4137 W FOND DU LAC AV
151360050;05/16/2015;08:36 AM;7.0;THEFT OF MOTOR VEHICLE PARTS/ACCESSORIES;;;[43.07612388481738, -87.95608441185313];3140 N 34TH ST
151360062;05/16/2015;08:25 AM;7.0;THEFT FROM MOTOR VEHICLE;;;[43.10658933527614, -87.98260115753918];4885 N 56TH ST
151350035;05/15/2015;07:23 AM;7.0;THEFT FROM MOTOR VEHICLE;;;[43.09983888223652, -87.95926658616688];4551 N 37TH ST #A
151340090;05/14/2015;03:25 PM;7.0;THEFT FROM BUILDING;;;[43.09903819900168, -87.98302160646872];4485 N 56TH ST
151330092;05/13/2015;04:30 PM;7.0;THEFT OF MOTOR VEHICLE PARTS/ACCESSORIES;;;[43.08971412567936, -87.96111825932012];3827 W CAPITOL DR
151320026;05/12/2015;06:56 AM;7.0;THEFT OF MOTOR VEHICLE PARTS/ACCESSORIES;;;[43.076620005828374, -87.95614955539827];3161 N 34TH ST
151320045;05/12/2015;09:52 AM;7.0;THEFT FROM MOTOR VEHICLE;;;[43.070110994171614, -87.9711129190665];2814 N 46TH ST
151320108;05/12/2015;03:30 PM;7.0;THEFT FROM BUILDING;;;[43.105265245628715, -87.98504334246083];4820 N 58TH ST
151310034;05/11/2015;08:05 AM;5.0;THEFT FROM MOTOR VEHICLE;;;[43.078471004492144, -87.94715724842237];3270 N 27TH ST
151310050;05/11/2015;10:22 AM;7.0;THEFT FROM MOTOR VEHICLE;;;[43.099505884817376, -87.96675640348595];4500 N SHERMAN BL
151300042;05/10/2015;10:39 AM;7.0;THEFT OF MOTOR VEHICLE PARTS/ACCESSORIES;;;[43.08040507427394, -87.9608313749685];3367 N 38TH ST
151300080;05/10/2015;03:43 PM;7.0;THEFT OF MOTOR VEHICLE PARTS/ACCESSORIES;;;[43.08365374385686, -87.97004681675618];4500 W MEDFORD AV
151290114;05/09/2015;06:52 PM;5.0;THEFT OF MOTOR VEHICLE PARTS/ACCESSORIES;;;[43.070894863725556, -87.94362912479058];2855 N 24TH PL
151270075;05/07/2015;01:34 PM;7.0;THEFT FROM MOTOR VEHICLE;;;[43.093780925699555, -87.96718140974393];4219 N SHERMAN BL
151260066;05/06/2015;01:12 PM;7.0;THEFT FROM BUILDING;;;[43.0936549103526, -87.966893930175];4202 N SHERMAN BL
151260071;05/06/2015;01:52 PM;7.0;THEFT FROM MOTOR VEHICLE;;;[43.09659050346245, -87.96130236663973];3827 W CONGRESS ST
151250057;05/05/2015;10:26 AM;7.0;THEFT OF MOTOR VEHICLE PARTS/ACCESSORIES;;;[43.09815667055227, -87.98546010978694];4441 N 58TH ST
151250081;05/05/2015;12:48 PM;7.0;THEFT FROM MOTOR VEHICLE;;;[43.0825456436034, -87.97440033276597];4825 W ROOSEVELT DR
151250118;05/05/2015;04:14 PM;7.0;THEFT OF MOTOR VEHICLE PARTS/ACCESSORIES;;;[43.07719650874259, -87.97605102264968];3201 N 50TH ST
151250162;05/05/2015;08:58 PM;5.0;THEFT OF MOTOR VEHICLE PARTS/ACCESSORIES;;;[43.076125005828374, -87.94355007372015];3141 N 24TH PL
151240193;05/04/2015;10:43 PM;7.0;THEFT FROM MOTOR VEHICLE;;;[43.09505353675929, -87.96032840339903];4284 N SERCOMBE RD
151240205;05/04/2015;11:59 PM;5.0;THEFT FROM BUILDING;;;[43.074621387731554, -87.94721588631792];3056 N 27TH ST
151230091;05/03/2015;02:24 PM;7.0;THEFT FROM MOTOR VEHICLE;;;[43.07776300582839, -87.9674606281088];3239 N SHERMAN BL
151230112;05/03/2015;05:00 PM;5.0;THEFT OF MOTOR VEHICLE PARTS/ACCESSORIES;;;[43.074458245628705, -87.9385644190665];3054 N 21ST ST
151210025;05/01/2015;08:25 AM;7.0;THEFT OF MOTOR VEHICLE PARTS/ACCESSORIES;;;[43.093507514859425, -87.95791366763807];3530 W HOPE AV
151510037;05/31/2015;09:17 AM;2.0;THEFT OF MOTOR VEHICLE PARTS/ACCESSORIES;;;[43.021492826533546, -87.9476734773503];926 S LAYTON BL
151510040;05/31/2015;09:37 AM;2.0;THEFT FROM MOTOR VEHICLE;;;[43.00186466472388, -87.95169593738835];2354 S 30TH ST
151490157;05/29/2015;07:56 PM;2.0;THEFT OF MOTOR VEHICLE PARTS/ACCESSORIES;;;[43.013052000000016, -87.94913394460173];1646 S 28TH ST
151480035;05/28/2015;08:20 AM;2.0;THEFT OF MOTOR VEHICLE PARTS/ACCESSORIES;;;[43.01235751399403, -87.93910294463038];2029 W MITCHELL ST
151470018;05/27/2015;03:05 AM;2.0;THEFT OF MOTOR VEHICLE PARTS/ACCESSORIES;;;[43.0191061566258, -87.94512161322778];2504 W SCOTT ST
151470114;05/27/2015;04:51 PM;2.0;THEFT OF MOTOR VEHICLE PARTS/ACCESSORIES;;;[42.99858434772753, -87.95048005437796];2542 S 29TH ST
151470115;05/27/2015;02:29 PM;2.0;THEFT FROM BUILDING;;;[43.023672000000005, -87.94077543349322];716 S 22ND ST #LWR
151460107;05/26/2015;01:37 PM;2.0;THEFT OF MOTOR VEHICLE PARTS/ACCESSORIES;;;[43.02149855006085, -87.95941977976229];3615 W NATIONAL AV
151450101;05/25/2015;03:21 PM;2.0;THEFT OF MOTOR VEHICLE PARTS/ACCESSORIES;;;[43.023802468837964, -87.95315279254422];3118 W PIERCE ST
151440051;05/24/2015;09:56 AM;2.0;THEFT FROM MOTOR VEHICLE;;;[43.01053555121468, -87.93982160756524];1827 S MUSKEGO AV
151440106;05/24/2015;04:37 PM;2.0;THEFT FROM MOTOR VEHICLE;;;[43.007200994171626, -87.95533247735031];2056 S 33RD ST
151430034;05/23/2015;07:28 AM;2.0;THEFT FROM MOTOR VEHICLE;;;[43.0191061566258, -87.94524525473271];2514 W SCOTT ST
151430078;05/23/2015;02:24 PM;2.0;THEFT FROM MOTOR VEHICLE;;;[43.01025353014172, -87.9531088567651];3123 W BURNHAM ST #1
151420122;05/22/2015;05:53 PM;2.0;THEFT FROM MOTOR VEHICLE;;;[43.00973924562871, -87.95275441185314];1922 S 31ST ST
151420148;05/22/2015;12:28 AM;2.0;THEFT FROM BUILDING;;;[43.01578816763808, -87.94083637910455];1506 S 22ND ST
151400067;05/20/2015;02:02 PM;2.0;THEFT OF MOTOR VEHICLE PARTS/ACCESSORIES;;;[43.02219754284749, -87.94707098834324];2625 W NATIONAL AV
151390017;05/19/2015;05:13 AM;2.0;THEFT OF MOTOR VEHICLE PARTS/ACCESSORIES;;;[43.00493062486018, -87.94505935376007];2498 W GRANT ST
151370057;05/17/2015;10:45 AM;2.0;THEFT FROM MOTOR VEHICLE;;;[43.00839548124545, -87.95948302553522];3615 W ROGERS ST
151370074;05/17/2015;12:27 PM;2.0;THEFT FROM MOTOR VEHICLE;;;[43.00383516180969, -87.95287247013695];2246 S 31ST ST
151370090;05/17/2015;07:22 PM;3.0;THEFT FROM MOTOR VEHICLE;;;[43.03135846840618, -87.93513344445749];1721 W CANAL ST
151350081;05/15/2015;01:36 PM;3.0;THEFT FROM MOTOR VEHICLE;;;[43.03483242071005, -87.93847839995523];2014 W ST PAUL AV
151340044;05/14/2015;09:28 AM;2.0;THEFT FROM BUILDING;;;[43.02152949708582, -87.94354442627986];908 S 24TH ST
151340048;05/14/2015;09:15 AM;6.0;THEFT FROM BUILDING;;;[42.990717182930176, -87.96545564859412];4040 W FOREST HOME AV
151320021;05/12/2015;06:18 AM;2.0;THEFT OF MOTOR VEHICLE PARTS/ACCESSORIES;;;[43.0181324851406, -87.96121317915059];3735 W DOROTHY PL
151320038;05/12/2015;09:19 AM;2.0;THEFT OF MOTOR VEHICLE PARTS/ACCESSORIES;;;[43.017876, -87.94769440074464];1308 S LAYTON BL
151320044;05/12/2015;09:29 AM;6.0;THEFT FROM MOTOR VEHICLE;;;[42.98775160644007, -87.94940641185313];3130 S 28TH ST
151310023;05/11/2015;03:10 AM;2.0;THEFT OF MOTOR VEHICLE PARTS/ACCESSORIES;;;[43.01599746047075, -87.96119047446477];3730 W ORCHARD ST
151310060;05/11/2015;11:14 AM;2.0;THEFT OF MOTOR VEHICLE PARTS/ACCESSORIES;;;[43.00404653188766, -87.94920723779761];2248 S 28TH ST
151310100;05/11/2015;03:50 PM;2.0;THEFT OF MOTOR VEHICLE PARTS/ACCESSORIES;;;[43.02219754284749, -87.94707098834324];2625 W NATIONAL AV
151300076;05/10/2015;02:38 PM;2.0;THEFT FROM MOTOR VEHICLE;;;[43.00490800582838, -87.95421105150314];2179 S 32ND ST #1
151280082;05/08/2015;11:57 AM;3.0;THEFT FROM MOTOR VEHICLE;;;[43.034726517312265, -87.9377737598243];2015 W ST PAUL AV
151270034;05/07/2015;09:00 AM;2.0;THEFT FROM MOTOR VEHICLE;;;[43.00322245561914, -87.94537710904723];2510 W LINCOLN AV
151270107;05/07/2015;05:15 PM;2.0;THEFT FROM BUILDING;;;[43.02237642772215, -87.94551220191586];2520 W NATIONAL AV
151270121;05/07/2015;06:17 PM;2.0;THEFT FROM MOTOR VEHICLE;;;[43.0054491798431, -87.94281927058702];2160 S MUSKEGO AV
151240033;05/04/2015;08:27 AM;2.0;THEFT OF MOTOR VEHICLE PARTS/ACCESSORIES;;;[43.01412850288553, -87.94409399999999];2415 W LAPHAM ST
151220114;05/02/2015;05:29 PM;2.0;THEFT OF MOTOR VEHICLE PARTS/ACCESSORIES;;;[43.01132453318129, -87.94479116472387];2438 W MAPLE ST
151510080;05/31/2015;03:13 PM;4.0;THEFT FROM MOTOR VEHICLE;;;[43.11366283236194, -87.97252388631792];5278 N 48TH ST
151490149;05/29/2015;06:53 PM;4.0;THEFT FROM MOTOR VEHICLE;;;[43.182865859115374, -88.00258459936167];9036 N 75TH ST
151480063;05/28/2015;12:20 PM;4.0;THEFT OF MOTOR VEHICLE PARTS/ACCESSORIES;;;[43.12215797307979, -87.98838158151041];5749 N 62ND ST
151480132;05/28/2015;05:12 PM;4.0;THEFT OF MOTOR VEHICLE PARTS/ACCESSORIES;;;[43.180539694702496, -88.01568161036386];8945 N 85TH ST #105
151460066;05/26/2015;06:51 AM;4.0;THEFT OF MOTOR VEHICLE PARTS/ACCESSORIES;;;[43.179502169957516, -88.03081495396273];8903 N MICHELE ST #2
151430077;05/23/2015;02:22 PM;4.0;THEFT FROM MOTOR VEHICLE;;;[43.17796456809699, -88.01780213512926];8606 W BROWN DEER RD
151430118;05/23/2015;06:59 PM;4.0;THEFT OF MOTOR VEHICLE PARTS/ACCESSORIES;;;[43.17766750288554, -88.01679141618096];8531 W BROWN DEER RD
151420094;05/22/2015;02:29 PM;4.0;THEFT OF MOTOR VEHICLE PARTS/ACCESSORIES;;;[43.114419335276125, -87.9676333607827];5324 N 44TH ST
151400019;05/20/2015;07:08 AM;4.0;THEFT OF MOTOR VEHICLE PARTS/ACCESSORIES;;;[43.122229973079804, -87.988378636476];5739 N 62ND ST
151400034;05/20/2015;10:02 AM;4.0;THEFT OF MOTOR VEHICLE PARTS/ACCESSORIES;;;[43.12428254954125, -87.99094392238472];5854 N 64TH ST
151400093;05/20/2015;11:02 AM;4.0;THEFT OF MOTOR VEHICLE PARTS/ACCESSORIES;;;[43.18199939217495, -88.01562010315051];9051 N 85TH ST #210
151410005;05/20/2015;11:27 PM;4.0;THEFT OF MOTOR VEHICLE PARTS/ACCESSORIES;;;[43.18271064363204, -88.0155886031505];9075 N 85TH ST #203
151390089;05/19/2015;12:58 PM;4.0;THEFT OF MOTOR VEHICLE PARTS/ACCESSORIES;;;[43.14188953171602, -87.97804582001416];6850 N 53RD ST
151380046;05/18/2015;09:44 AM;4.0;THEFT FROM MOTOR VEHICLE;;;[43.159004765596755, -88.04347615718686];10572 W FOUNTAIN AV
151380075;05/18/2015;11:53 AM;4.0;THEFT FROM MOTOR VEHICLE;;;[43.14326331504366, -88.01322836138527];8202 W DENVER AV
151380150;05/18/2015;06:17 PM;4.0;THEFT FROM MOTOR VEHICLE;;;[43.178016031295606, -88.01063099094726];8110 W BROWN DEER RD
151360097;05/16/2015;01:21 PM;4.0;THEFT OF MOTOR VEHICLE PARTS/ACCESSORIES;;;[43.12220441909517, -87.98732916475252];5745 N 61ST ST
151350061;05/15/2015;12:12 PM;4.0;THEFT FROM MOTOR VEHICLE;;;[43.16495902694887, -88.03264866126142];9754 W TOWER AV
151350074;05/15/2015;12:59 PM;4.0;THEFT OF MOTOR VEHICLE PARTS/ACCESSORIES;;;[43.16358451399404, -88.03689283236193];10125 W TERRA AV
151350104;05/15/2015;05:30 PM;4.0;THEFT OF MOTOR VEHICLE PARTS/ACCESSORIES;;;[43.15441060342088, -88.02873145510482];7501 N GRANVILLE RD
151330069;05/13/2015;12:51 PM;4.0;THEFT OF MOTOR VEHICLE PARTS/ACCESSORIES;;;[43.125695549541234, -87.98942292238472];5942 N 63RD ST
151320048;05/12/2015;10:26 AM;4.0;THEFT OF MOTOR VEHICLE PARTS/ACCESSORIES;;;[43.12357171717929, -87.98826637910454];5822 N 62ND ST
151320097;05/12/2015;02:32 PM;4.0;THEFT FROM BUILDING;;;[43.13428830314553, -88.00597980314554];7600 W MILL RD
151310042;05/11/2015;09:01 AM;4.0;THEFT OF MOTOR VEHICLE PARTS/ACCESSORIES;;;[43.12436542492355, -87.98726008814687];5863 N 61ST ST
151310073;05/11/2015;12:27 PM;4.0;THEFT OF MOTOR VEHICLE PARTS/ACCESSORIES;;;[43.18203600000001, -88.00452870197317];9001 N 76TH ST
151310088;05/11/2015;02:11 PM;4.0;THEFT FROM MOTOR VEHICLE;;;[43.17723051125086, -88.05739109022433];11800 W BROWN DEER RD
151310139;05/11/2015;07:53 PM;4.0;THEFT OF MOTOR VEHICLE PARTS/ACCESSORIES;;;[43.17854307799067, -88.02837334303776];8884 N 95TH ST
151300087;05/10/2015;04:38 PM;4.0;THEFT OF MOTOR VEHICLE PARTS/ACCESSORIES;;;[43.124166440186976, -87.98719241517136];5858 N 61ST ST
151270052;05/07/2015;11:38 AM;4.0;THEFT FROM BUILDING;;;[43.177628641297225, -88.01567364129723];8501 W BROWN DEER RD
151270064;05/07/2015;12:32 PM;4.0;THEFT FROM MOTOR VEHICLE;;;[43.115903964869716, -87.98868122740657];5417 N 62ND ST
151260136;05/06/2015;07:49 PM;4.0;THEFT FROM BUILDING;;;[43.161181143101025, -87.98486254794103];7878 N 60TH ST
151240148;05/04/2015;06:30 PM;4.0;THEFT OF MOTOR VEHICLE PARTS/ACCESSORIES;;;[43.160519234491545, -87.98498067210919];7869 N 60TH ST #H
151240195;05/04/2015;09:50 PM;4.0;THEFT FROM MOTOR VEHICLE;;;[43.111985529863055, -87.97477041618096];4928 W VILLARD AV
151220074;05/02/2015;09:22 AM;4.0;THEFT FROM BUILDING;;;[43.153349207600016, -88.02264721236054];7453 N 89TH ST
151210071;05/01/2015;02:58 PM;4.0;THEFT OF MOTOR VEHICLE PARTS/ACCESSORIES;;;[43.11637233527614, -87.97875162479058];5431 N 53RD ST
151210083;05/01/2015;04:36 PM;4.0;THEFT OF MOTOR VEHICLE PARTS/ACCESSORIES;;;[43.184930929575295, -88.01484510443338];9163 N JADAM LA
151210112;05/01/2015;06:54 PM;4.0;THEFT FROM BUILDING;;;[43.15720249884523, -87.9920935881182];6600 W CALUMET RD
