;Incident Number;Date;Time;Police District;Offense 1;Offense 2;Offense 3;Offense 4;Location;Address
0;63340017;11/30/2006;01:51 AM;4.0;MOTOR VEHICLE THEFT;;;;[43.126864722170964, -87.95195682754316];6001 N TEUTONIA AV
1;63340062;11/30/2006;10:15 AM;4.0;MOTOR VEHICLE THEFT;;;;[43.118280838190316, -87.95143816085739];5545 N 31ST ST
2;63340155;11/30/2006;07:18 PM;7.0;MOTOR VEHICLE THEFT;;;;[43.10559293421436, -87.96043546214418];4843 N HOPKINS ST
3;63340177;11/30/2006;09:18 PM;7.0;MOTOR VEHICLE THEFT;;;;[43.10945932944776, -87.96632634967419];5054 N SHERMAN BL
4;63330048;11/29/2006;09:33 AM;4.0;MOTOR VEHICLE THEFT;;;;[43.1161919686364, -87.96231338631792];5424 N 40TH ST #A
5;63330169;11/29/2006;04:37 PM;7.0;MOTOR VEHICLE THEFT;;;;[43.092917329447744, -87.93189436078269];4162 N 17TH ST
6;63330175;11/29/2006;03:47 PM;4.0;MOTOR VEHICLE THEFT;;;;[43.11818113627447, -87.96226388631791];5534 N 40TH ST
7;63320180;11/28/2006;04:34 PM;7.0;MOTOR VEHICLE THEFT;;;;[43.11177572536073, -87.95329076269843];3209 W VILLARD AV
8;63320217;11/28/2006;06:36 PM;7.0;MOTOR VEHICLE THEFT;;;;[43.092828785734895, -87.93821952264969];4157 N 21ST ST
9;63310014;11/27/2006;01:59 AM;4.0;MOTOR VEHICLE THEFT;;;;[43.117494756881456, -87.93824942365413];2136 W NEIL PL
10;63310021;11/27/2006;06:13 AM;7.0;MOTOR VEHICLE THEFT;;;;[43.08992829314669, -87.94587585828707];2606 W CAPITOL DR
11;63310034;11/27/2006;06:41 AM;4.0;MOTOR VEHICLE THEFT;;;;[43.12037355314792, -87.9508396078537];5665 N TEUTONIA AV
12;63310043;11/27/2006;06:59 AM;4.0;MOTOR VEHICLE THEFT;;;;[43.12340902553524, -87.95496966475253];5821 N 34TH ST
13;63310151;11/27/2006;02:57 PM;7.0;MOTOR VEHICLE THEFT;;;;[43.10480426555719, -87.9778547655572];5200 W HAMPTON AV
14;63310224;11/27/2006;07:06 PM;4.0;MOTOR VEHICLE THEFT;;;;[43.11939352596791, -87.964893];4202 W SILVER SPRING DR
15;63310230;11/27/2006;09:02 PM;4.0;MOTOR VEHICLE THEFT;;;;[43.12455452654483, -87.94838330682671];2830 W BOBOLINK AV #4
16;63310249;11/27/2006;06:52 PM;7.0;MOTOR VEHICLE THEFT;;;;[43.10996282653355, -87.94028393738836];5076 N 23RD ST
17;63300081;11/26/2006;08:04 AM;7.0;MOTOR VEHICLE THEFT;;;;[43.1004769103526, -87.95171588631791];4566 N 31ST ST
18;63300115;11/26/2006;10:49 AM;4.0;MOTOR VEHICLE THEFT;THEFT FROM MOTOR VEHICLE;;;[43.120961453257394, -87.95210047446477];3118 W THURSTON AV
19;63300172;11/26/2006;04:14 PM;4.0;MOTOR VEHICLE THEFT;;;;[43.114744927773955, -87.94843499288578];2917 W CUSTER AV
20;63300237;11/26/2006;11:35 PM;4.0;MOTOR VEHICLE THEFT;;;;[43.11621903136361, -87.96239165753917];5427 N 40TH ST
21;63290069;11/25/2006;08:36 AM;4.0;MOTOR VEHICLE THEFT;;;;[43.11939250822297, -87.9656815771826];4240 W SILVER SPRING DR
22;63290134;11/25/2006;04:15 PM;7.0;MOTOR VEHICLE THEFT;;;;[43.09117052426583, -87.93825811076789];2061 W ATKINSON AV
23;63280144;11/24/2006;05:12 PM;7.0;MOTOR VEHICLE THEFT;;;;[43.11114404198086, -87.94994475896455];5173 N TEUTONIA AV
24;63280165;11/24/2006;06:26 PM;7.0;MOTOR VEHICLE THEFT;;;;[43.0925942200935, -87.94339237910455];4148 N 24TH PL
25;63270117;11/23/2006;03:24 PM;7.0;MOTOR VEHICLE THEFT;;;;[43.09725205376467, -87.94815142464972];2800 W CONGRESS ST
26;63270138;11/23/2006;06:30 PM;7.0;MOTOR VEHICLE THEFT;;;;[43.101449329447746, -87.94907235356932];4624 N 29TH ST
27;63270169;11/23/2006;10:38 PM;4.0;MOTOR VEHICLE THEFT;;;;[43.122527413266795, -87.9585658607827];5748 N 37TH ST
28;63240173;11/20/2006;05:03 PM;4.0;MOTOR VEHICLE THEFT;;;;[43.11245624562872, -87.95636289353128];5220 N 35TH ST
29;63240178;11/20/2006;04:47 PM;4.0;MOTOR VEHICLE THEFT;;;;[43.13779699777831, -87.95402776496019];6617 N TEUTONIA AV
30;63230024;11/19/2006;02:33 AM;7.0;MOTOR VEHICLE THEFT;;;;[43.10429383236195, -87.95034340795799];4780 N 30TH ST
31;63230100;11/19/2006;12:13 PM;4.0;MOTOR VEHICLE THEFT;;;;[43.11816341909517, -87.95628911757723];5533 N 35TH ST
32;63220120;11/18/2006;02:20 PM;4.0;MOTOR VEHICLE THEFT;;;;[43.11251600695356, -87.96511077780038];5230 N 42ND ST
33;63220151;11/18/2006;05:28 PM;4.0;MOTOR VEHICLE THEFT;;;;[43.122474303912526, -87.9561133607827];5748 N 35TH ST
34;63220169;11/18/2006;06:49 PM;4.0;MOTOR VEHICLE THEFT;;;;[43.11258408700891, -87.95645432016074];5237 N 35TH ST
35;63210101;11/17/2006;12:21 PM;7.0;MOTOR VEHICLE THEFT;;;;[43.10714346878062, -87.96153622817224];4903 N 39TH ST #5
36;63210116;11/17/2006;12:00 PM;5.0;MOTOR VEHICLE THEFT;;;;[43.08946348600597, -87.925671];1132 W CAPITOL DR
37;63210168;11/17/2006;05:24 PM;7.0;MOTOR VEHICLE THEFT;;;;[43.11058652120739, -87.95066336081135];3027 W EGGERT PL
38;63210197;11/17/2006;07:32 PM;4.0;MOTOR VEHICLE THEFT;;;;[43.11907951399405, -87.95589227699232];3425 W SILVER SPRING DR
39;63200190;11/16/2006;05:33 PM;7.0;MOTOR VEHICLE THEFT;;;;[43.08973945715252, -87.93964110410279];2200 W CAPITOL DR
40;63200213;11/16/2006;08:14 PM;4.0;MOTOR VEHICLE THEFT;;;;[43.11188748324192, -87.94990788341512];5200 N TEUTONIA AV
41;63200240;11/16/2006;06:26 PM;4.0;MOTOR VEHICLE THEFT;;;;[43.13027031330904, -87.96245362208992];6159 N 40TH ST
42;63180046;11/14/2006;08:49 AM;5.0;MOTOR VEHICLE THEFT;;;;[43.092656077990654, -87.92569238631792];4156 N 12TH ST
43;63180070;11/14/2006;09:29 AM;7.0;MOTOR VEHICLE THEFT;;;;[43.093187381903164, -87.93929296292359];4152 N 22ND ST
44;63180097;11/14/2006;12:24 PM;4.0;MOTOR VEHICLE THEFT;;;;[43.11925251154119, -87.95714358090484];3526 W SILVER SPRING DR #A
45;63180189;11/14/2006;08:02 PM;4.0;MOTOR VEHICLE THEFT;;;;[43.11907848557421, -87.94766343741702];2727 W SILVER SPRING DR
46;63180200;11/14/2006;06:37 PM;4.0;MOTOR VEHICLE THEFT;;;;[43.12874632944775, -87.95725486799604];6096 N 36TH ST
47;63170051;11/13/2006;10:54 AM;4.0;MOTOR VEHICLE THEFT;;;;[43.11198627470808, -87.95772177470806];3600 W VILLARD AV
48;63170128;11/13/2006;11:34 AM;4.0;MOTOR VEHICLE THEFT;;;;[43.119730341104514, -87.95750907372015];5619 N 36TH ST
49;63160158;11/12/2006;06:34 PM;7.0;MOTOR VEHICLE THEFT;;;;[43.089951347578626, -87.95701465242139];4000 N 35TH ST
50;63160179;11/12/2006;09:05 PM;7.0;MOTOR VEHICLE THEFT;;;;[43.0924592828207, -87.93068156650678];4145 N 16TH ST
51;63150059;11/11/2006;10:17 AM;7.0;MOTOR VEHICLE THEFT;;;;[43.1061837799065, -87.95289864426628];4875 N 32ND ST
52;63150113;11/11/2006;02:23 PM;7.0;MOTOR VEHICLE THEFT;;;;[43.111000344691035, -87.93904019461853];5142 N 22ND ST
53;63140120;11/10/2006;01:17 PM;7.0;MOTOR VEHICLE THEFT;;;;[43.09061352037067, -87.93744060355453];2027 W ATKINSON AV
54;63140174;11/10/2006;04:57 PM;7.0;MOTOR VEHICLE THEFT;;;;[43.10265683819031, -87.93419015753918];4703 N 19TH ST
55;63140188;11/10/2006;05:25 PM;4.0;MOTOR VEHICLE THEFT;;;;[43.114545031363605, -87.95882863200394];5335 N 37TH ST #LOWER
56;63150006;11/10/2006;11:44 PM;4.0;MOTOR VEHICLE THEFT;;;;[43.11244749708581, -87.95147589353127];5222 N 31ST ST
57;63130091;11/09/2006;09:47 AM;7.0;MOTOR VEHICLE THEFT;;;;[43.10158939050153, -87.93535445216087];4647 N 19TH PL
58;63140008;11/09/2006;10:13 PM;4.0;MOTOR VEHICLE THEFT;;;;[43.118225161809676, -87.95136434635597];5536 N 31ST ST
59;63120073;11/08/2006;08:06 AM;7.0;MOTOR VEHICLE THEFT;;;;[43.11188648124544, -87.9617835];3903 W VILLARD AV
60;63120074;11/08/2006;08:06 AM;7.0;MOTOR VEHICLE THEFT;;;;[43.11188648124544, -87.9617835];3903 W VILLARD AV
61;63110085;11/07/2006;11:50 AM;7.0;MOTOR VEHICLE THEFT;;;;[43.101954000000006, -87.93540011757723];4667 N 19TH PL
62;63110185;11/07/2006;07:10 PM;7.0;MOTOR VEHICLE THEFT;;;;[43.10835027007487, -87.96695753329435];4330 W FAIRMOUNT AV
63;63110223;11/07/2006;10:02 PM;4.0;MOTOR VEHICLE THEFT;;;;[43.11938246335534, -87.96437985968616];4116 W SILVER SPRING DR
64;63100024;11/06/2006;05:39 AM;7.0;MOTOR VEHICLE THEFT;;;;[43.109343502914186, -87.95407914253552];5049 N 33RD ST
65;63100028;11/06/2006;06:31 AM;7.0;MOTOR VEHICLE THEFT;;;;[43.090100727451095, -87.934420092042];4021 N 19TH ST
66;63100180;11/06/2006;05:30 PM;7.0;MOTOR VEHICLE THEFT;;;;[43.10957652844942, -87.96656816489582];5075 N SHERMAN BL
67;63100214;11/06/2006;08:22 PM;4.0;MOTOR VEHICLE THEFT;DESTRUCTION/DAMAGE/VANDALISM OF PROPERTY;;;[43.119730341104514, -87.95750907372015];5619 N 36TH ST
68;63100244;11/06/2006;09:29 PM;4.0;MOTOR VEHICLE THEFT;;;;[43.12147285639172, -87.95502120938966];3400 W THURSTON AV
69;63090188;11/05/2006;08:52 PM;4.0;MOTOR VEHICLE THEFT;;;;[43.127032228243905, -87.9648122419121];6023 N 42ND ST
70;63080143;11/04/2006;03:07 PM;4.0;MOTOR VEHICLE THEFT;;;;[43.14226431292002, -87.96276359542175];4077 W CHEYENNE ST
71;63080174;11/04/2006;09:08 PM;7.0;MOTOR VEHICLE THEFT;;;;[43.10837783546858, -87.97519019705024];5000 W FAIRMOUNT AV
72;63070164;11/03/2006;07:50 PM;4.0;MOTOR VEHICLE THEFT;;;;[43.11461736663975, -87.94639961036386];5341 N 27TH ST
73;63060089;11/02/2006;12:57 PM;7.0;MOTOR VEHICLE THEFT;;;;[43.09750126421037, -87.94740148753517];2711 W ATKINSON AV
74;63060138;11/02/2006;04:48 PM;7.0;MOTOR VEHICLE THEFT;;;;[43.09934344463039, -87.94799959925535];4515 N 28TH ST
75;63060215;11/02/2006;10:46 PM;4.0;MOTOR VEHICLE THEFT;;;;[43.13467858673323, -87.97188763200396];6429 N 47TH ST
76;63050050;11/01/2006;09:36 AM;7.0;MOTOR VEHICLE THEFT;;;;[43.09883961226845, -87.9467916503258];4469 N 27TH ST
77;63050177;11/01/2006;06:59 PM;7.0;MOTOR VEHICLE THEFT;;;;[43.08965047489746, -87.93539988481736];1934 W CAPITOL DR
78;63050205;11/01/2006;09:24 PM;7.0;MOTOR VEHICLE THEFT;;;;[43.10471592996055, -87.95991463775593];4800 N HOPKINS ST
79;63340053;11/30/2006;08:32 AM;3.0;MOTOR VEHICLE THEFT;;;;[43.04783666472389, -87.97022386799604];1312 N 45TH ST
80;63340172;11/30/2006;08:32 PM;7.0;MOTOR VEHICLE THEFT;;;;[43.08926425145711, -88.00067160257359];3977 N 71ST ST
81;63320032;11/28/2006;06:57 AM;7.0;MOTOR VEHICLE THEFT;;;;[43.08523447403208, -88.00248104385709];7219 W VIENNA CT
82;63320057;11/28/2006;08:34 AM;3.0;MOTOR VEHICLE THEFT;;;;[43.06508924562871, -87.97983294460172];2532 N 53RD ST
83;63320069;11/28/2006;10:23 AM;3.0;MOTOR VEHICLE THEFT;;;;[43.04932250291418, -87.97247107703836];1427 N 47TH ST
84;63320203;11/28/2006;06:28 PM;3.0;MOTOR VEHICLE THEFT;;;;[43.06582766362737, -87.98300057063305];5540 W LISBON AV
85;63310007;11/27/2006;12:21 AM;7.0;MOTOR VEHICLE THEFT;;;;[43.07483386302364, -87.98738953870763];3071 N 60TH ST
86;63310022;11/27/2006;05:36 AM;3.0;MOTOR VEHICLE THEFT;;;;[43.066156514859415, -87.98020158090483];5312 W CLARKE ST
87;63310117;11/27/2006;11:43 AM;7.0;MOTOR VEHICLE THEFT;;;;[43.08260747013694, -87.98420202844942];5629 W KEEFE AV
88;63310146;11/27/2006;01:44 PM;7.0;MOTOR VEHICLE THEFT;;;;[43.07353938539908, -87.97743053323909];5100 W CHAMBERS ST
89;63300019;11/26/2006;12:34 AM;3.0;MOTOR VEHICLE THEFT;;;;[43.05914983236195, -87.97756812479058];2193 N 51ST ST
90;63300131;11/26/2006;12:54 PM;3.0;MOTOR VEHICLE THEFT;;;;[43.056389197067105, -87.97474886865977];2029 N 49TH ST
91;63300183;11/26/2006;07:09 PM;3.0;MOTOR VEHICLE THEFT;;;;[43.03326528326913, -87.9602156591681];217 N 37TH ST
92;63290035;11/25/2006;07:08 AM;3.0;MOTOR VEHICLE THEFT;;;;[43.067957505626836, -87.97807401832185];5131 W CENTER ST
93;63280068;11/24/2006;09:17 AM;3.0;MOTOR VEHICLE THEFT;;;;[43.06129675659298, -87.98081750150054];2326 N 54TH ST
94;63270095;11/23/2006;12:42 PM;7.0;MOTOR VEHICLE THEFT;;;;[43.07335610919079, -87.97489051955482];4901 W CHAMBERS ST
95;63260013;11/22/2006;01:57 AM;3.0;MOTOR VEHICLE THEFT;;;;[43.0259078512372, -87.98567265448713];600 S HAWLEY RD
96;63270029;11/22/2006;10:04 PM;3.0;MOTOR VEHICLE THEFT;;;;[43.06492813627446, -87.9798429190665];2526 N 53RD ST
97;63230096;11/19/2006;11:32 AM;3.0;MOTOR VEHICLE THEFT;;;;[43.03547877407814, -87.96281755929343];429 N 39TH ST #LOWER
98;63230182;11/19/2006;07:46 PM;3.0;MOTOR VEHICLE THEFT;;;;[43.062363000000005, -87.98188635356932];2378 N 55TH ST
99;63220080;11/18/2006;10:13 AM;7.0;MOTOR VEHICLE THEFT;;;;[43.07997863563929, -87.995948164465];6700 W APPLETON AV
100;63220086;11/18/2006;10:47 AM;7.0;MOTOR VEHICLE THEFT;DESTRUCTION/DAMAGE/VANDALISM OF PROPERTY;;;[43.074422413266774, -87.98081485688755];3046 N 54TH ST
101;63220203;11/18/2006;07:08 PM;3.0;THEFT FROM MOTOR VEHICLE;MOTOR VEHICLE THEFT;;;[43.03601974854291, -87.96283008482864];455 N 39TH ST #3
102;63210041;11/17/2006;07:08 AM;3.0;MOTOR VEHICLE THEFT;;;;[43.055316000000005, -87.9735058607827];1902 N 48TH ST
103;63190030;11/15/2006;11:16 AM;7.0;MOTOR VEHICLE THEFT;;;;[43.0752145097589, -87.97714925731889];5075 W BURLEIGH ST
104;63190037;11/15/2006;06:45 AM;3.0;MOTOR VEHICLE THEFT;;;;[43.047864000000004, -87.98231010978694];1321 N 55TH ST
105;63190046;11/15/2006;07:27 AM;3.0;MOTOR VEHICLE THEFT;;;;[43.025103723007675, -88.00239160935332];665 S 72ND ST
106;63190136;11/15/2006;01:59 PM;3.0;MOTOR VEHICLE THEFT;;;;[43.03599383819031, -87.98465155929343];427 N HAWLEY RD
107;63180048;11/14/2006;08:54 AM;7.0;MOTOR VEHICLE THEFT;;;;[43.07794732113787, -87.98325879268845];5608 W ROOSEVELT DR
108;63180055;11/14/2006;08:50 AM;7.0;MOTOR VEHICLE THEFT;;;;[43.07483386302364, -87.98738953870763];3071 N 60TH ST
109;63180202;11/14/2006;10:10 PM;7.0;MOTOR VEHICLE THEFT;;;;[43.07227258673322, -87.9820876392173];2927 N 55TH ST
110;63170056;11/13/2006;10:18 AM;3.0;MOTOR VEHICLE THEFT;;;;[43.05785383236193, -87.98302238631791];2130 N 56TH ST
111;63170093;11/13/2006;12:07 PM;3.0;MOTOR VEHICLE THEFT;;;;[43.06112164237237, -87.97759513799504];2325 N 51ST ST
112;63160180;11/12/2006;08:54 PM;3.0;MOTOR VEHICLE THEFT;;;;[43.030672500432686, -88.01599141851824];8304 W DANA ST
113;63150180;11/11/2006;06:37 PM;3.0;MOTOR VEHICLE THEFT;;;;[43.02535483236193, -87.99113244460172];624 S 63RD ST
114;63140063;11/10/2006;08:53 AM;3.0;MOTOR VEHICLE THEFT;;;;[43.02873704832916, -88.02593962089544];9142 W CHESTER ST
115;63140070;11/10/2006;09:03 AM;3.0;MOTOR VEHICLE THEFT;;;;[43.05952653420044, -87.98310784788059];2215 N 56TH ST #UPPER
116;63130066;11/09/2006;07:40 AM;7.0;MOTOR VEHICLE THEFT;;;;[43.06903213627447, -87.98207288631792];2744 N 55TH ST
117;63130165;11/09/2006;05:30 PM;7.0;MOTOR VEHICLE THEFT;;;;[43.06871139549318, -87.98579176299829];5823 W APPLETON AV
118;63130202;11/09/2006;07:36 PM;7.0;MOTOR VEHICLE THEFT;;;;[43.07189975214959, -87.9997399503432];2927 N 70TH ST
119;63140009;11/09/2006;11:38 PM;7.0;MOTOR VEHICLE THEFT;;;;[43.0746317896809, -87.99137311697677];6316 W APPLETON AV
120;63130034;11/08/2006;09:41 PM;3.0;MOTOR VEHICLE THEFT;;;;[43.06684441326678, -87.98096588631792];2632 N 54TH ST
121;63100170;11/07/2006;01:12 AM;3.0;MOTOR VEHICLE THEFT;;;;[43.06392072191116, -87.97938657395129];5230 W LISBON AV
122;63110004;11/07/2006;03:04 AM;7.0;MOTOR VEHICLE THEFT;;;;[43.07878727103706, -87.98592322708167];3269 N 58TH ST
123;63110018;11/07/2006;03:24 AM;3.0;MOTOR VEHICLE THEFT;;;;[43.051410000000004, -87.97675860257358];1557 N 50TH PL
124;63110024;11/07/2006;03:56 AM;3.0;MOTOR VEHICLE THEFT;THEFT FROM MOTOR VEHICLE;;;[43.058402832361935, -87.9799059190665];2158 N 53RD ST
125;63110232;11/07/2006;08:11 PM;7.0;MOTOR VEHICLE THEFT;;;;[43.07871323234193, -87.98595473234194];5800 W PHILIP PL
126;63100154;11/06/2006;02:30 PM;7.0;MOTOR VEHICLE THEFT;;;;[43.074917863725545, -87.9785585809335];3069 N 52ND ST
127;63090024;11/05/2006;01:55 AM;3.0;MOTOR VEHICLE THEFT;;;;[43.026036165416784, -87.98892096626585];6112 W MAIN ST
128;63090095;11/05/2006;10:15 AM;7.0;MOTOR VEHICLE THEFT;;;;[43.083977468232376, -87.99914732664912];6960 W APPLETON AV #3
129;63090123;11/05/2006;02:57 PM;3.0;MOTOR VEHICLE THEFT;;;;[43.06071149321932, -87.98137216763806];5428 W NORTH AV
130;63090182;11/05/2006;08:11 PM;7.0;MOTOR VEHICLE THEFT;;;;[43.07061499417162, -87.97856288631792];2834 N 52ND ST
131;63080096;11/04/2006;10:44 AM;3.0;MOTOR VEHICLE THEFT;;;;[43.047864000000004, -87.97139806592986];1319 N 46TH ST
132;63080162;11/04/2006;03:09 PM;7.0;MOTOR VEHICLE THEFT;;;;[43.076619502914184, -87.97486057703836];3169 N 49TH ST
133;63060043;11/02/2006;06:57 AM;3.0;MOTOR VEHICLE THEFT;;;;[43.06060179048989, -87.97902625809797];5207 W NORTH AV #1
134;63060046;11/02/2006;06:05 AM;3.0;MOTOR VEHICLE THEFT;;;;[43.050906, -87.97668636467783];1530 N 50TH PL
135;63050027;11/01/2006;07:06 AM;3.0;MOTOR VEHICLE THEFT;;;;[43.03144517228049, -87.99626051856707];6702 W FAIRVIEW AV
136;63050214;11/01/2006;08:28 PM;7.0;MOTOR VEHICLE THEFT;;;;[43.07302112683939, -87.98315036222498];2963 N 56TH ST
137;63290109;11/25/2006;12:29 PM;6.0;MOTOR VEHICLE THEFT;;;;[42.98720441909515, -87.97414009925535];3151 S 48TH ST
138;63250302;11/21/2006;08:35 PM;6.0;MOTOR VEHICLE THEFT;;;;[42.97666165128054, -87.94859734871946];3737 S 27TH ST
139;63220014;11/18/2006;12:30 AM;6.0;MOTOR VEHICLE THEFT;;;;[42.98391997352391, -88.02919239677918];3301 S 93RD ST
140;63220192;11/18/2006;09:37 PM;6.0;MOTOR VEHICLE THEFT;;;;[42.98838647013694, -87.96172182514859];3701 W OKLAHOMA AV
141;63200244;11/17/2006;12:19 AM;6.0;MOTOR VEHICLE THEFT;;;;[42.98479915463301, -87.94810662820434];3302 S 27TH ST
142;63190114;11/15/2006;02:05 PM;6.0;MOTOR VEHICLE THEFT;;;;[42.9948711618097, -87.9875254773503];2730 S 60TH ST
143;63190151;11/15/2006;05:24 PM;6.0;MOTOR VEHICLE THEFT;;;;[42.98453499599454, -87.95229865136133];3330 S 30TH ST
144;63170008;11/12/2006;10:57 PM;6.0;MOTOR VEHICLE THEFT;;;;[42.98489091248832, -87.94843751889785];3355 S 27TH ST
145;63150075;11/11/2006;11:33 AM;6.0;MOTOR VEHICLE THEFT;;;;[42.98374211372592, -88.03611427323692];3349 S 99TH CT
146;63150164;11/11/2006;08:40 PM;6.0;MOTOR VEHICLE THEFT;;;;[42.97640581265509, -88.00148000432783];3749 S 71ST ST
147;63140129;11/10/2006;02:30 PM;6.0;MOTOR VEHICLE THEFT;;;;[42.98008716063738, -87.99661129223571];6701 W EDEN PL
148;63130031;11/09/2006;03:57 AM;6.0;MOTOR VEHICLE THEFT;;;;[42.98808248124546, -88.03056222300768];9415 W OKLAHOMA AV
149;63130131;11/09/2006;12:10 PM;6.0;MOTOR VEHICLE THEFT;;;;[42.97792250432783, -87.99413319317328];6420 W WILBUR AV
150;63130143;11/09/2006;04:02 PM;6.0;MOTOR VEHICLE THEFT;;;;[42.98826654674261, -87.9972705];6733 W OKLAHOMA AV
151;63120047;11/08/2006;07:49 AM;6.0;MOTOR VEHICLE THEFT;;;;[42.97586762640672, -87.95373300678067];3201 W FARDALE AV
152;63110205;11/07/2006;08:00 PM;6.0;MOTOR VEHICLE THEFT;;;;[42.98838647013694, -87.96172182514859];3701 W OKLAHOMA AV
154;63080072;11/04/2006;09:49 AM;6.0;MOTOR VEHICLE THEFT;;;;[42.98642479404476, -87.9545884123145];3155 W DRURY LA
155;63080082;11/04/2006;12:12 PM;6.0;MOTOR VEHICLE THEFT;;;;[42.98565558090485, -87.97534644460173];3240 S 49TH ST
156;63070054;11/03/2006;10:12 AM;6.0;MOTOR VEHICLE THEFT;;;;[42.9823619796003, -87.94465485657831];3423 S 24TH ST
157;63060104;11/02/2006;12:47 PM;6.0;MOTOR VEHICLE THEFT;;;;[42.981264511541184, -87.94601983236194];2500 W MORGAN AV
158;63340018;11/30/2006;02:03 AM;2.0;MOTOR VEHICLE THEFT;;;;[43.001405077990654, -87.92359547013695];2366 S 9TH PL
159;63330086;11/29/2006;12:33 PM;2.0;MOTOR VEHICLE THEFT;;;;[43.00939875437129, -87.92142104428977];1929 S 8TH ST
160;63310078;11/27/2006;08:10 AM;2.0;MOTOR VEHICLE THEFT;;;;[43.0248940176281, -87.9224171040869];642 S 9TH ST
161;63310208;11/27/2006;06:23 PM;2.0;MOTOR VEHICLE THEFT;;;;[43.00648649321932, -87.91906033236194];610 W BECHER ST
162;63310248;11/27/2006;10:23 PM;2.0;MOTOR VEHICLE THEFT;;;;[43.004781701915874, -87.92582801543632];2177 S 11TH ST
163;63300075;11/26/2006;09:07 AM;2.0;MOTOR VEHICLE THEFT;;;;[43.00698776019968, -87.93233047489746];2061 S 15TH PL
164;63300124;11/26/2006;11:30 AM;2.0;MOTOR VEHICLE THEFT;;;;[43.014619508742584, -87.92938753707641];1561 S 14TH ST
165;63300199;11/26/2006;08:05 PM;2.0;MOTOR VEHICLE THEFT;;;;[43.00782345045877, -87.9296899899011];2017 S 14TH ST
166;63300201;11/26/2006;06:29 PM;2.0;MOTOR VEHICLE THEFT;;;;[43.0122684884588, -87.92985035789717];1401 W MITCHELL ST
167;63290061;11/25/2006;09:16 AM;2.0;MOTOR VEHICLE THEFT;;;;[43.01599253952926, -87.92951383236193];1401 W ORCHARD ST
168;63290118;11/25/2006;02:03 PM;2.0;MOTOR VEHICLE THEFT;;;;[43.00126253318128, -87.926931];1122 W HAYES AV
169;63300014;11/25/2006;11:52 PM;2.0;MOTOR VEHICLE THEFT;;;;[43.004637525102545, -87.93017158673322];1409 W GRANT ST
170;63280014;11/24/2006;12:52 AM;2.0;MOTOR VEHICLE THEFT;;;;[43.02222050432783, -87.92343305398464];928 W WALKER ST
171;63280028;11/24/2006;04:10 AM;6.0;MOTOR VEHICLE THEFT;;;;[43.022805561169335, -87.9365109657222];1831 W NATIONAL AV
172;63280045;11/24/2006;08:12 AM;2.0;MOTOR VEHICLE THEFT;;;;[43.00331594892956, -87.92981905929342];2263 S 14TH ST
173;63270019;11/23/2006;01:40 AM;2.0;MOTOR VEHICLE THEFT;;;;[43.021061610195375, -87.90982027324071];1000 S BARCLAY ST
174;63270042;11/23/2006;06:06 AM;6.0;MOTOR VEHICLE THEFT;;;;[43.022805561169335, -87.9365109657222];1831 W NATIONAL AV
175;63270090;11/23/2006;12:09 PM;2.0;MOTOR VEHICLE THEFT;;;;[43.014082506780674, -87.924573];1013 W LAPHAM BL
176;63260018;11/22/2006;04:43 AM;2.0;MOTOR VEHICLE THEFT;;;;[43.00287752842077, -87.93268136081134];1561 W LINCOLN AV
177;63250234;11/21/2006;01:21 PM;2.0;MOTOR VEHICLE THEFT;;;;[43.00288051399403, -87.9317235];1515 W LINCOLN AV
178;63250249;11/21/2006;06:00 PM;2.0;MOTOR VEHICLE THEFT;;;;[43.02628850447301, -87.91471294463038];319 W VIRGINIA ST
179;63250329;11/21/2006;10:34 PM;2.0;MOTOR VEHICLE THEFT;;;;[43.025288502885545, -87.920541];725 W BRUCE ST
180;63240006;11/20/2006;12:45 AM;2.0;MOTOR VEHICLE THEFT;;;;[43.01790657991855, -87.92921365169254];1310 S 14TH ST
181;63240013;11/20/2006;01:05 AM;2.0;MOTOR VEHICLE THEFT;;;;[43.01958451399403, -87.92805143782104];1241 W ELGIN LA
182;63240132;11/20/2006;01:07 PM;2.0;MOTOR VEHICLE THEFT;;;;[43.02157446572221, -87.91125645123816];918 S 1ST ST
183;63240159;11/20/2006;04:26 PM;2.0;MOTOR VEHICLE THEFT;;;;[43.011124149011124, -87.9152753804507];400 W MAPLE ST
184;63230105;11/19/2006;11:54 AM;2.0;MOTOR VEHICLE THEFT;;;;[43.01024240665279, -87.92706184514783];1200 W BURNHAM ST
185;63230120;11/19/2006;02:20 PM;2.0;MOTOR VEHICLE THEFT;;;;[43.0100716588955, -87.924143930175];1900 S 10TH ST
186;63230159;11/19/2006;03:41 PM;6.0;MOTOR VEHICLE THEFT;;;;[43.014077223071446, -87.93422638866681];1702 W LAPHAM ST
187;63220026;11/18/2006;03:25 AM;2.0;MOTOR VEHICLE THEFT;;;;[43.082596490985615, -87.91372230257517];730 N 3RD ST
188;63220104;11/18/2006;12:20 PM;2.0;MOTOR VEHICLE THEFT;;;;[43.00507803136361, -87.93334108814686];2167 S 16TH ST #UPR
189;63220177;11/18/2006;07:45 PM;2.0;MOTOR VEHICLE THEFT;;;;[43.01425349321932, -87.923412];920 W LAPHAM BL
190;63220200;11/18/2006;10:42 PM;6.0;MOTOR VEHICLE THEFT;;;;[43.01795733527612, -87.93682954097154];1301 S 19TH ST
191;63210103;11/17/2006;01:00 PM;6.0;MOTOR VEHICLE THEFT;;;;[43.01537674438797, -87.9376827140053];1511 S COMSTOCK AV
192;63210162;11/17/2006;03:33 PM;2.0;MOTOR VEHICLE THEFT;;;;[43.01810646768412, -87.92652116472387];1136 W MADISON ST
193;63200014;11/16/2006;01:28 AM;2.0;MOTOR VEHICLE THEFT;;;;[43.015321089647415, -87.92121806650678];1529 S 8TH ST
194;63200139;11/16/2006;02:25 PM;2.0;MOTOR VEHICLE THEFT;;;;[43.02532609283977, -87.91119971526494];100 W BRUCE ST
195;63200189;11/16/2006;05:43 PM;2.0;MOTOR VEHICLE THEFT;;;;[43.01050868193734, -87.93101041596074];1500 W FOREST HOME AV
196;63190173;11/15/2006;07:07 PM;2.0;MOTOR VEHICLE THEFT;;;;[43.00998224562872, -87.921322907958];1900 S 8TH ST
197;63190192;11/15/2006;07:30 PM;6.0;MOTOR VEHICLE THEFT;;;;[43.01573458782975, -87.93756493909046];1901 W ARROW ST
198;63170102;11/13/2006;12:29 PM;2.0;MOTOR VEHICLE THEFT;;;;[43.01020514533914, -87.92847934187475];1320 W BURNHAM ST
199;63170192;11/13/2006;07:01 PM;6.0;MOTOR VEHICLE THEFT;;;;[43.02308130728375, -87.93313633442385];1600 W NATIONAL AV
200;63160157;11/12/2006;03:55 PM;2.0;MOTOR VEHICLE THEFT;;;;[43.01110754690771, -87.92324644090588];916 W MAPLE ST
201;63160181;11/12/2006;07:15 PM;2.0;MOTOR VEHICLE THEFT;;;;[43.00478648778084, -87.93339077924384];1600 W GRANT ST
202;63150142;11/11/2006;06:35 PM;6.0;MOTOR VEHICLE THEFT;;;;[43.02334850291419, -87.93807911036386];737 S 20TH ST
203;63150148;11/11/2006;07:47 PM;2.0;MOTOR VEHICLE THEFT;;;;[43.01577858090485, -87.91682807761528];1509 S 5TH ST
204;63140011;11/10/2006;12:38 AM;6.0;MOTOR VEHICLE THEFT;;;;[43.02096266472387, -87.93809962089544];1003 S 20TH ST
205;63140038;11/10/2006;06:33 AM;2.0;MOTOR VEHICLE THEFT;;;;[43.010998513994025, -87.9174132485429];519 W MAPLE ST
206;63130047;11/09/2006;07:11 AM;2.0;MOTOR VEHICLE THEFT;;;;[43.02034267055225, -87.91398344849686];1034 S 3RD ST
207;63130181;11/09/2006;06:56 PM;6.0;MOTOR VEHICLE THEFT;;;;[43.01051500582838, -87.93539951543633];1829 S 18TH ST
208;63120052;11/08/2006;08:41 AM;2.0;MOTOR VEHICLE THEFT;;;;[43.00464252986307, -87.9265133068267];1118 W GRANT ST
209;63120245;11/08/2006;10:36 PM;2.0;MOTOR VEHICLE THEFT;;;;[43.000793161809696, -87.92238293738835];2418 S 9TH ST
210;63110181;11/07/2006;06:24 PM;2.0;MOTOR VEHICLE THEFT;;;;[43.018097467684115, -87.92462266763806];1024 W MADISON ST
211;63110230;11/07/2006;10:05 PM;2.0;MOTOR VEHICLE THEFT;;;;[43.004734661657174, -87.92984705795624];1400 W GRANT ST
212;63100006;11/06/2006;01:12 AM;6.0;MOTOR VEHICLE THEFT;;;;[43.0211765259679, -87.93363102844941];1622 W MINERAL ST
213;63100070;11/06/2006;10:30 AM;2.0;MOTOR VEHICLE THEFT;;;;[43.01807952986305, -87.92976166763806];1412 W MADISON ST
214;63100102;11/06/2006;01:13 PM;2.0;MOTOR VEHICLE THEFT;;;;[43.01803952120739, -87.92828083236193];1305 W MADISON ST
215;63100237;11/06/2006;12:12 AM;2.0;MOTOR VEHICLE THEFT;;;;[43.01695252918968, -87.92801521333114];1303 W GREENFIELD AV
216;63090020;11/05/2006;08:27 AM;2.0;MOTOR VEHICLE THEFT;;;;[43.01706352596791, -87.92947333236194];1400 W GREENFIELD AV
217;63090085;11/05/2006;10:45 AM;2.0;MOTOR VEHICLE THEFT;;;;[43.007256450458755, -87.92970798990112];2045 S 14TH ST
218;63090135;11/05/2006;02:28 PM;2.0;MOTOR VEHICLE THEFT;;;;[43.02740370347139, -87.91113362576779];100 W FLORIDA ST
219;63080020;11/04/2006;02:59 AM;2.0;MOTOR VEHICLE THEFT;;;;[43.02299636081136, -87.91267955539827];801 S 2ND ST
220;63080065;11/04/2006;09:59 AM;2.0;MOTOR VEHICLE THEFT;;;;[43.009687424923555, -87.93097850432784];1917 S 15TH ST
221;63080146;11/04/2006;06:02 PM;2.0;MOTOR VEHICLE THEFT;;;;[43.02055833527612, -87.93057810978694];1027 S 15TH ST
222;63080202;11/04/2006;08:30 PM;2.0;MOTOR VEHICLE THEFT;;;;[43.02121461521746, -87.92570431505722];1124 W MINERAL ST
223;63080001;11/03/2006;11:02 PM;2.0;MOTOR VEHICLE THEFT;;;;[42.998714947544585, -87.92861104818492];2519 S 13TH ST
224;63060020;11/02/2006;03:30 AM;2.0;MOTOR VEHICLE THEFT;;;;[43.00005734110451, -87.92728848268774];2455 S 12TH ST
225;63060053;11/02/2006;08:05 AM;2.0;MOTOR VEHICLE THEFT;;;;[43.019442, -87.93181342296164];1130 S 15TH PL
226;63060068;11/02/2006;08:13 AM;2.0;MOTOR VEHICLE THEFT;;;;[43.02112554674261, -87.93012133236194];1425 W MINERAL ST
227;63060081;11/02/2006;10:39 AM;2.0;MOTOR VEHICLE THEFT;;;;[43.00684124562872, -87.91997545902845];2066 S 7TH ST
228;63340039;11/30/2006;07:50 AM;2.0;MOTOR VEHICLE THEFT;;;;[42.951971536211026, -87.93115208381903];1421 W EDGERTON AV #D
229;63330222;11/29/2006;07:24 PM;6.0;MOTOR VEHICLE THEFT;;;;[42.946552110739255, -87.94883498225599];5400 S 27TH ST
230;63320144;11/28/2006;04:39 PM;6.0;MOTOR VEHICLE THEFT;;;;[42.93360807799064, -87.9491359989904];6112 S 27TH ST
231;63320193;11/28/2006;06:20 PM;2.0;MOTOR VEHICLE THEFT;;;;[42.95960357506781, -87.90172977056743];627 E PRICE AV
232;63300099;11/26/2006;10:30 AM;2.0;MOTOR VEHICLE THEFT;;;;[42.97396209943537, -87.9355787303472];1726 W HOWARD AV
233;63300112;11/26/2006;10:46 AM;2.0;MOTOR VEHICLE THEFT;;;;[42.979114089647425, -87.93747957372014];3601 S 19TH ST
234;63260068;11/22/2006;09:15 AM;6.0;MOTOR VEHICLE THEFT;;;;[42.95947331028926, -87.94036247853862];2108 W LAYTON AV
235;63250023;11/21/2006;06:19 AM;2.0;MOTOR VEHICLE THEFT;;;;[42.960384000000005, -87.91112906376547];4601 S 1ST ST
236;63250162;11/21/2006;08:41 AM;2.0;MOTOR VEHICLE THEFT;;;;[42.96663951154119, -87.93516133236193];1632 W BOLIVAR AV #1
237;63230045;11/19/2006;08:17 AM;2.0;MOTOR VEHICLE THEFT;;;;[42.991984486005975, -87.93169272300767];1506 W DAKOTA ST
238;63210048;11/17/2006;08:42 AM;2.0;MOTOR VEHICLE THEFT;;;;[42.98139799417163, -87.9349539884588];3468 S 17TH ST
239;63190129;11/15/2006;03:09 PM;2.0;MOTOR VEHICLE THEFT;;;;[42.94901644463039, -87.92355851716708];5223 S 9TH ST
240;63180179;11/14/2006;08:02 PM;4.0;MOTOR VEHICLE THEFT;;;;[43.11794767491822, -87.93734894205036];5570 N 20TH ST
241;63170100;11/13/2006;10:34 AM;2.0;MOTOR VEHICLE THEFT;;;;[42.96828579127481, -87.92524084566348];4204 S 10TH ST
242;63160153;11/12/2006;05:07 PM;2.0;MOTOR VEHICLE THEFT;;;;[43.00021336754406, -87.93703568043993];2446 S 19TH ST
243;63150157;11/11/2006;07:51 PM;6.0;MOTOR VEHICLE THEFT;;;;[42.97106738773155, -87.94833245340254];4040 S 27TH ST
244;63130037;11/09/2006;05:22 AM;6.0;MOTOR VEHICLE THEFT;;;;[42.97957901641727, -87.9469042511973];2536 W WARNIMONT AV
245;63130053;11/09/2006;08:26 AM;6.0;MOTOR VEHICLE THEFT;;;;[42.96333892339434, -87.93898004428976];4461 S 20TH ST
246;63120197;11/08/2006;05:56 PM;6.0;MOTOR VEHICLE THEFT;;;;[42.96669247489748, -87.94637991618096];2514 W BOLIVAR AV #UPR
247;63070040;11/03/2006;07:20 AM;2.0;MOTOR VEHICLE THEFT;;;;[42.99666953952924, -87.93782094754457];1919 W WINDLAKE AV
248;63060091;11/02/2006;11:11 AM;6.0;MOTOR VEHICLE THEFT;;;;[42.9571619686364, -87.94859349120011];4810 S 27TH ST
249;63050092;11/01/2006;12:22 PM;6.0;MOTOR VEHICLE THEFT;;;;[42.93135447157924, -87.94352241618097];2254 W ALVINA AV
250;63330246;11/29/2006;10:40 PM;2.0;MOTOR VEHICLE THEFT;;;;[42.99919950043268, -87.9181832514571];554 W ARTHUR AV
251;63300108;11/26/2006;11:38 AM;2.0;MOTOR VEHICLE THEFT;;;;[42.995616126851104, -87.92326028078722];930 W CLEVELAND AV
252;63290050;11/25/2006;07:23 AM;2.0;MOTOR VEHICLE THEFT;;;;[42.997349714669134, -87.88762457773085];2603 S SUPERIOR ST
253;63280139;11/24/2006;05:22 PM;2.0;MOTOR VEHICLE THEFT;;;;[42.98249411023394, -87.91137282108511];150 W HOLT AV
254;63280187;11/24/2006;09:09 PM;2.0;MOTOR VEHICLE THEFT;;;;[43.00485182653355, -87.91776442296164];2172 S 5TH PL
255;63250027;11/21/2006;07:01 AM;2.0;MOTOR VEHICLE THEFT;;;;[42.998733922009365, -87.9170210809335];2519 S 5TH ST
256;63240181;11/20/2006;04:59 PM;2.0;MOTOR VEHICLE THEFT;;;;[42.99064521813158, -87.90931710675812];2984 S CHASE AV
257;63220054;11/18/2006;07:05 AM;2.0;MOTOR VEHICLE THEFT;;;;[42.985349245628726, -87.92883392627985];3250 S 13TH ST
258;63210225;11/17/2006;09:34 PM;2.0;MOTOR VEHICLE THEFT;;;;[42.987402586733225, -87.92032901543632];3135 S 7TH ST
259;63220004;11/17/2006;11:25 PM;2.0;MOTOR VEHICLE THEFT;;;;[42.98718536081137, -87.89425594791994];3142 S CLEMENT AV
260;63200172;11/16/2006;03:54 PM;2.0;MOTOR VEHICLE THEFT;;;;[42.98824751009891, -87.92844202553522];1227 W OKLAHOMA AV
261;63160020;11/12/2006;03:39 AM;2.0;MOTOR VEHICLE THEFT;;;;[42.990596413266786, -87.92138296292359];2960 S 8TH ST
262;63110229;11/08/2006;01:35 AM;2.0;MOTOR VEHICLE THEFT;;;;[42.996924419095166, -87.92376102264969];2631 S 9TH PL
263;63120078;11/08/2006;10:30 AM;2.0;MOTOR VEHICLE THEFT;;;;[42.99294594754457, -87.92385004818492];2829 S 9TH PL
264;63110037;11/07/2006;07:20 AM;2.0;MOTOR VEHICLE THEFT;;;;[42.99322608964741, -87.92260151543633];2815 S 9TH ST
265;63110041;11/07/2006;08:07 AM;2.0;MOTOR VEHICLE THEFT;;;;[42.98914850401071, -87.88391102862231];3059 S KINNICKINNIC AV
266;63100206;11/06/2006;07:52 PM;2.0;MOTOR VEHICLE THEFT;;;;[42.98201974854291, -87.8993995587165];3429 S PINE AV
267;63090023;11/05/2006;01:31 AM;2.0;MOTOR VEHICLE THEFT;;;;[43.001972674447394, -87.9034171451326];2348 S KINNICKINNIC AV
268;63070045;11/03/2006;07:58 AM;2.0;MOTOR VEHICLE THEFT;;;;[42.995337308014236, -87.92988135775359];2710 S 14TH ST
269;63060078;11/02/2006;10:14 AM;2.0;MOTOR VEHICLE THEFT;;;;[42.996578009694865, -87.90012262003007];707 E POTTER AV
270;63050090;11/01/2006;11:32 AM;2.0;MOTOR VEHICLE THEFT;;;;[42.99355556073775, -87.92750225014768];2801 S 12TH ST
271;63050176;11/01/2006;06:51 PM;2.0;MOTOR VEHICLE THEFT;;;;[42.9886395165042, -87.88363056665101];3087 S KINNICKINNIC AV
272;63340024;11/30/2006;03:42 AM;5.0;MOTOR VEHICLE THEFT;;;;[43.07024556623231, -87.9253940858206];2839 N 11TH ST
273;63340085;11/30/2006;12:07 PM;3.0;MOTOR VEHICLE THEFT;;;;[43.05576630391252, -87.95872290738107];1940 N 36TH ST
274;63340133;11/30/2006;01:32 PM;3.0;MOTOR VEHICLE THEFT;;;;[43.065945335276126, -87.9711759190665];2576 N 46TH ST
275;63340199;11/30/2006;11:04 PM;3.0;MOTOR VEHICLE THEFT;;;;[43.06495600582838, -87.94003009925535];2533 N 22ND ST
276;63420005;11/30/2006;01:38 PM;3.0;MOTOR VEHICLE THEFT;;;;[43.0598525029142, -87.96112910646872];2227 N 38TH ST
277;63330042;11/29/2006;10:34 AM;3.0;MOTOR VEHICLE THEFT;;;;[43.06427333289765, -87.94255576618741];2400 W WRIGHT ST
278;63330124;11/29/2006;03:26 PM;5.0;MOTOR VEHICLE THEFT;;;;[43.06040318316141, -87.92265150000719];2300 N 9TH ST
279;63330161;11/29/2006;03:53 PM;3.0;MOTOR VEHICLE THEFT;;;;[43.05437461613492, -87.95540390383172];3301 W LISBON AV
280;63330195;11/29/2006;05:50 PM;3.0;MOTOR VEHICLE THEFT;;;;[43.05280148124546, -87.95453492200934];3211 W WALNUT ST
281;63330212;11/29/2006;08:01 PM;3.0;MOTOR VEHICLE THEFT;;;;[43.063344754371286, -87.95526861368208];2441 N 33RD ST
282;63320053;11/28/2006;10:24 AM;3.0;MOTOR VEHICLE THEFT;;;;[43.06312724562872, -87.95519438631791];2428 N 33RD ST
283;63320088;11/28/2006;12:05 PM;5.0;MOTOR VEHICLE THEFT;;;;[43.0486261940948, -87.9287326940948];1300 W VLIET ST
284;63320101;11/28/2006;11:24 AM;3.0;MOTOR VEHICLE THEFT;;;;[43.06297382653355, -87.94491443738835];2424 N 25TH ST
285;63310033;11/27/2006;07:04 AM;3.0;MOTOR VEHICLE THEFT;;;;[43.060468014997845, -87.9439216109552];2455 W NORTH AV
286;63310077;11/27/2006;10:24 AM;3.0;MOTOR VEHICLE THEFT;;;;[43.060776209532996, -87.94990520953299];2900 W NORTH AV
287;63300020;11/26/2006;01:36 AM;3.0;MOTOR VEHICLE THEFT;;;;[43.06298341326678, -87.9498943607827];2424 N 29TH ST
288;63300025;11/26/2006;01:43 AM;3.0;MOTOR VEHICLE THEFT;;;;[43.05850297446477, -87.95391242627986];2126 N 32ND ST
289;63290005;11/25/2006;12:52 AM;3.0;MOTOR VEHICLE THEFT;;;;[43.060538049519494, -87.97304700132068];4719 W LISBON AV
290;63290060;11/25/2006;08:36 AM;7.0;MOTOR VEHICLE THEFT;;;;[43.06896886372556, -87.93322856650677];2757 N 16TH ST
291;63290102;11/25/2006;11:17 AM;3.0;MOTOR VEHICLE THEFT;;;;[43.06358700000001, -87.97626762479058];2449 N 50TH ST
292;63290135;11/25/2006;02:56 PM;3.0;MOTOR VEHICLE THEFT;;;;[43.06358700000001, -87.97626762479058];2449 N 50TH ST
293;63290193;11/25/2006;09:27 PM;3.0;MOTOR VEHICLE THEFT;;;;[43.06270541909515, -87.97379007372014];2407 N 48TH ST
294;63280026;11/24/2006;03:27 AM;3.0;MOTOR VEHICLE THEFT;;;;[43.06278600000002, -87.95753113921731];2415 N 35TH ST
295;63280095;11/24/2006;12:42 PM;3.0;MOTOR VEHICLE THEFT;;;;[43.0661407813281, -87.97378164369158];4800 W CLARKE ST
296;63280182;11/24/2006;07:45 PM;5.0;MOTOR VEHICLE THEFT;;;;[43.05968966472389, -87.92411643349323];2222 N 10TH ST
297;63280192;11/24/2006;09:57 PM;3.0;MOTOR VEHICLE THEFT;;;;[43.05652820413425, -87.96003470413423];3700 W BROWN ST
298;63280205;11/24/2006;11:07 PM;7.0;MOTOR VEHICLE THEFT;;;;[43.071055994171616, -87.96440287910455];2862 N 41ST ST
299;63270064;11/23/2006;08:52 AM;3.0;MOTOR VEHICLE THEFT;;;;[43.06358700000001, -87.97626762479058];2449 N 50TH ST
300;63270068;11/23/2006;08:24 AM;3.0;MOTOR VEHICLE THEFT;;;;[43.05611504079866, -87.96349458670456];1948 N 40TH ST
301;63270076;11/23/2006;11:18 AM;3.0;MOTOR VEHICLE THEFT;;;;[43.067223167638076, -87.97373157372014];2651 N 48TH ST
302;63270091;11/23/2006;03:02 PM;3.0;MOTOR VEHICLE THEFT;;;;[43.057405477927226, -87.96555398167814];4125 W LLOYD ST
303;63270096;11/23/2006;11:13 AM;3.0;MOTOR VEHICLE THEFT;;;;[43.06359633527612, -87.9700301281088];2457 N 45TH ST
304;63270110;11/23/2006;01:46 PM;3.0;MOTOR VEHICLE THEFT;;;;[43.05721633059711, -87.94257986487487];2062 N 24TH ST
305;63270113;11/23/2006;02:50 PM;3.0;MOTOR VEHICLE THEFT;;;;[43.05926048211083, -87.962112];3830 W GARFIELD AV
306;63270129;11/23/2006;04:41 PM;7.0;MOTOR VEHICLE THEFT;;;;[43.068708000000015, -87.93446007372015];2741 N 17TH ST
307;63260005;11/22/2006;01:19 AM;3.0;MOTOR VEHICLE THEFT;;;;[43.06248983819032, -87.93261907703837];2411 N 16TH ST
308;63260144;11/22/2006;04:41 PM;7.0;MOTOR VEHICLE THEFT;;;;[43.06978522098633, -87.96456172098634];4100 W HADLEY ST
309;63260166;11/22/2006;06:50 PM;3.0;MOTOR VEHICLE THEFT;;;;[43.063263419095165, -87.93760760646872];2443 N 20TH ST
310;63260175;11/22/2006;03:03 PM;3.0;MOTOR VEHICLE THEFT;;;;[43.064558664723876, -87.96101589353127];2508 N 38TH ST
311;63250032;11/21/2006;06:58 AM;3.0;MOTOR VEHICLE THEFT;;;;[43.067223167638076, -87.97373157372014];2651 N 48TH ST
312;63250054;11/21/2006;09:23 AM;5.0;MOTOR VEHICLE THEFT;;;;[43.06582251875455, -87.92814091326677];1314 W CLARKE ST
313;63250056;11/21/2006;08:24 AM;3.0;MOTOR VEHICLE THEFT;;;;[43.0606820660323, -87.95985288551171];2300 N 37TH ST
314;63240045;11/20/2006;07:07 AM;3.0;MOTOR VEHICLE THEFT;;;;[43.05580718966681, -87.9427178058974];1965 N 24TH ST
315;63240165;11/20/2006;12:36 PM;3.0;MOTOR VEHICLE THEFT;;;;[43.06304627699234, -87.9610985809335];2425 N 38TH ST
316;63240241;11/20/2006;09:17 PM;5.0;MOTOR VEHICLE THEFT;;;;[43.06090499999999, -87.92155160646873];2323 N 8TH ST
317;63240259;11/20/2006;10:07 PM;5.0;MOTOR VEHICLE THEFT;;;;[43.06043046047075, -87.92755199999999];1218 W NORTH AV
318;63250014;11/20/2006;11:51 PM;3.0;MOTOR VEHICLE THEFT;;;;[43.05778253318129, -87.94214066472387];2328 W LLOYD ST
319;63230083;11/19/2006;10:20 AM;3.0;MOTOR VEHICLE THEFT;;;;[43.062329472076364, -87.93497275478708];2402 N 18TH ST
320;63230108;11/19/2006;02:00 PM;3.0;MOTOR VEHICLE THEFT;;;;[43.063298696087486, -87.94006159925536];2443 N 22ND ST
321;63240008;11/19/2006;11:07 PM;3.0;MOTOR VEHICLE THEFT;;;;[43.06109769515457, -87.96222565213085];2328 N 39TH ST
322;63220015;11/18/2006;01:45 AM;7.0;MOTOR VEHICLE THEFT;;;;[43.06896886372556, -87.93322856650677];2757 N 16TH ST
323;63220050;11/18/2006;06:56 AM;7.0;MOTOR VEHICLE THEFT;;;;[43.06790643230311, -87.93839756181555];2030 W CENTER ST
324;63220121;11/18/2006;02:23 PM;5.0;MOTOR VEHICLE THEFT;;;;[43.06848101970684, -87.9295345123779];2741 N TEUTONIA AV
325;63220132;11/18/2006;01:15 PM;5.0;BURGLARY/BREAKING AND ENTERING;MOTOR VEHICLE THEFT;;;[43.0708947171793, -87.92250337910455];2866 N 9TH ST
326;63210111;11/17/2006;06:11 PM;7.0;MOTOR VEHICLE THEFT;;;;[43.06799421870897, -87.95731864486771];3450 W CENTER ST
327;63210165;11/17/2006;02:42 PM;7.0;MOTOR VEHICLE THEFT;;;;[43.070636419274244, -87.96323994013748];2850 N 40TH ST
328;63210199;11/17/2006;06:43 PM;3.0;MOTOR VEHICLE THEFT;;;;[43.05198641909516, -87.95994489353127];1618 N 37TH ST
329;63200045;11/16/2006;07:14 AM;3.0;MOTOR VEHICLE THEFT;;;;[43.05663889344436, -87.96538969343308];4122 W LISBON AV
330;63200057;11/16/2006;07:53 AM;3.0;MOTOR VEHICLE THEFT;;;;[43.060140251457085, -87.9775063607827];2236 N 51ST ST
331;63200064;11/16/2006;07:31 AM;3.0;MOTOR VEHICLE THEFT;;;;[43.06162444463038, -87.93633912479058];2351 N 19TH ST
332;63200156;11/16/2006;02:52 PM;3.0;MOTOR VEHICLE THEFT;;;;[43.06774749567217, -87.93442195126681];1711 W CENTER ST
333;63200230;11/16/2006;06:38 PM;3.0;MOTOR VEHICLE THEFT;;;;[43.06795254674262, -87.97561127699232];4917 W CENTER ST
334;63200231;11/16/2006;07:04 PM;3.0;MOTOR VEHICLE THEFT;;;;[43.06180402817536, -87.9700746077624];2363 N 45TH ST
335;63190124;11/15/2006;03:19 PM;3.0;MOTOR VEHICLE THEFT;;;;[43.06067451875456, -87.97274239355993];4700 W NORTH AV
336;63190148;11/15/2006;04:44 PM;3.0;MOTOR VEHICLE THEFT;;;;[43.060560520630474, -87.94816102553523];2727 W NORTH AV
337;63190188;11/15/2006;08:33 PM;7.0;MOTOR VEHICLE THEFT;;;;[43.06932041909516, -87.94119012479058];2765 N 23RD ST
338;63180209;11/14/2006;10:04 PM;5.0;MOTOR VEHICLE THEFT;;;;[43.06945650764606, -87.92192233236193];810 W HADLEY ST
339;63190012;11/14/2006;10:39 PM;3.0;MOTOR VEHICLE THEFT;;;;[43.06081541909515, -87.96465007703836];2309 N 41ST ST
340;63170091;11/13/2006;12:41 PM;7.0;MOTOR VEHICLE THEFT;;;;[43.067851460895504, -87.93450043832739];1700 W CENTER ST
341;63140122;11/10/2006;12:39 PM;3.0;MOTOR VEHICLE THEFT;;;;[43.05405650291419, -87.94272112089544];1815 N 24TH ST
342;63140148;11/10/2006;04:18 PM;3.0;MOTOR VEHICLE THEFT;;;;[43.05696375437128, -87.96352860257359];2027 N 40TH ST
343;63130005;11/09/2006;12:05 AM;3.0;MOTOR VEHICLE THEFT;;;;[43.066006288303115, -87.93631861602081];1900 W CLARKE ST
344;63130041;11/09/2006;07:26 AM;3.0;MOTOR VEHICLE THEFT;;;;[43.06105783236194, -87.96582234967418];2316 N GRANT BL
345;63140004;11/09/2006;09:48 PM;7.0;MOTOR VEHICLE THEFT;;;;[43.071282, -87.96210337910455];2872 N 39TH ST
346;63140005;11/09/2006;11:32 PM;5.0;MOTOR VEHICLE THEFT;;;;[43.05273749321933, -87.92643369415423];1130 W WALNUT ST
347;63120019;11/08/2006;01:25 AM;3.0;MOTOR VEHICLE THEFT;;;;[43.06373197446479, -87.9761934190665];2456 N 50TH ST
348;63120034;11/08/2006;07:33 AM;3.0;MOTOR VEHICLE THEFT;;;;[43.060077419095165, -87.97610592959809];2236 N HI MOUNT BL
349;63120038;11/08/2006;07:02 AM;3.0;MOTOR VEHICLE THEFT;;;;[43.066214245628714, -87.96099339353127];2600 N 38TH ST
350;63120084;11/08/2006;11:08 AM;5.0;MOTOR VEHICLE THEFT;;;;[43.050626748542896, -87.93007858540557];1547 N 14TH ST
351;63120180;11/08/2006;04:51 PM;5.0;MOTOR VEHICLE THEFT;;;;[43.06756145557012, -87.92422595458292];1011 W CENTER ST
352;63120203;11/08/2006;06:05 PM;7.0;MOTOR VEHICLE THEFT;;;;[43.0485391, -87.9292949];1200 W VILET ST
353;63120010;11/07/2006;09:03 PM;5.0;MOTOR VEHICLE THEFT;;;;[43.06223510573828, -87.92692729760711];1200 W MEINECKE AV
354;63100038;11/06/2006;08:29 AM;3.0;MOTOR VEHICLE THEFT;;;;[43.0570357543713, -87.96353113200395];2025 N 40TH ST
355;63100043;11/06/2006;08:47 AM;7.0;MOTOR VEHICLE THEFT;;;;[43.06819382208094, -87.96210151009856];2712 N 39TH ST
356;63100152;11/06/2006;03:49 PM;7.0;MOTOR VEHICLE THEFT;;;;[43.071336, -87.95971638963614];2878 N 37TH ST
357;63090043;11/05/2006;08:57 AM;3.0;MOTOR VEHICLE THEFT;;;;[43.062957167638075, -87.93385962479059];2429 N 17TH ST
358;63080011;11/04/2006;02:10 AM;7.0;MOTOR VEHICLE THEFT;;;;[43.07066068471917, -87.95150285593526];3000 W FOND DU LAC AV
359;63080112;11/04/2006;11:16 AM;3.0;MOTOR VEHICLE THEFT;;;;[43.06791248124545, -87.97055416763806];4521 W CENTER ST
360;63080125;11/04/2006;04:37 PM;3.0;MOTOR VEHICLE THEFT;;;;[43.06335375437129, -87.97125109925535];2439 N 46TH ST
361;63080134;11/04/2006;04:37 PM;3.0;MOTOR VEHICLE THEFT;;;;[43.03889546025233, -87.96392108582204];3846 W WISCONSIN AV
362;63080172;11/04/2006;08:26 PM;3.0;MOTOR VEHICLE THEFT;;;;[43.057439497085824, -87.95630588631792];2044 N 34TH ST
363;63080197;11/04/2006;11:23 PM;3.0;MOTOR VEHICLE THEFT;;;;[43.06221858090484, -87.9749638607827];2372 N 49TH ST
364;63080203;11/04/2006;10:13 PM;5.0;MOTOR VEHICLE THEFT;;;;[43.0676694676841, -87.92447366472388];1008 W CENTER ST
365;63090003;11/04/2006;11:55 PM;5.0;MOTOR VEHICLE THEFT;;;;[43.0695165004327, -87.92718232944775];1208 W HADLEY ST
366;63070063;11/03/2006;10:57 AM;7.0;MOTOR VEHICLE THEFT;;;;[43.070398994171626, -87.96326641185313];2830 N 40TH ST
367;63060105;11/02/2006;02:02 PM;7.0;MOTOR VEHICLE THEFT;;;;[43.069302586733215, -87.9562576392173];2765 N 34TH ST
368;63060176;11/02/2006;07:26 PM;3.0;MOTOR VEHICLE THEFT;;;;[43.06049451875456, -87.9345135];1730 W NORTH AV
369;63050136;11/01/2006;04:27 PM;3.0;MOTOR VEHICLE THEFT;;;;[43.062436486005964, -87.94791122592187];2708 W MEINECKE AV
370;63050150;11/01/2006;04:13 PM;3.0;MOTOR VEHICLE THEFT;;;;[43.05331040218692, -87.94569803788447];2512 W LISBON AV
371;63340027;11/30/2006;05:33 AM;4.0;MOTOR VEHICLE THEFT;;;;[43.122989495672165, -87.99196117055226];6435 W CARMEN AV
372;63340208;11/30/2006;11:45 PM;7.0;MOTOR VEHICLE THEFT;;;;[43.09632916763806, -88.00061483524746];4338 N 71ST ST
373;63320042;11/28/2006;07:12 AM;7.0;MOTOR VEHICLE THEFT;;;;[43.10073058673322, -87.99440015753918];4575 N 66TH ST
374;63320045;11/28/2006;07:52 AM;4.0;MOTOR VEHICLE THEFT;;;;[43.11367648514059, -88.00503279531418];7509 W CALDWELL AV
375;63320131;11/28/2006;02:37 PM;7.0;MOTOR VEHICLE THEFT;;;;[43.106148251457086, -87.99140811368208];4859 N 64TH ST
376;63320231;11/28/2006;09:11 PM;4.0;MOTOR VEHICLE THEFT;;;;[43.11734457577806, -87.99113520623885];6400 W BIRCH AV
377;63310058;11/27/2006;08:31 AM;7.0;MOTOR VEHICLE THEFT;;;;[43.09286775964486, -87.99705133641261];4159 N 68TH ST
378;63310104;11/27/2006;09:36 AM;7.0;MOTOR VEHICLE THEFT;;;;[43.10685288249956, -88.01695005725524];8412 W GRANTOSA DR
379;63310109;11/27/2006;09:46 AM;4.0;MOTOR VEHICLE THEFT;;;;[43.11635252262104, -88.00616815422094];5401 N 76TH ST
380;63310118;11/27/2006;10:35 AM;4.0;MOTOR VEHICLE THEFT;;;;[43.11766049956732, -88.028442];9241 W BIRCH AV #APT1
381;63320009;11/27/2006;11:10 PM;7.0;MOTOR VEHICLE THEFT;;;;[43.09906727635712, -87.99504092035184];6653 W RUBY AV
382;63300192;11/26/2006;07:17 PM;4.0;MOTOR VEHICLE THEFT;;;;[43.11626450291419, -88.02722815422094];5401 N 92ND ST
383;63290177;11/25/2006;07:36 PM;4.0;MOTOR VEHICLE THEFT;;;;[43.12047852703578, -88.00463028071457];7457 W THURSTON AV
384;63290179;11/25/2006;11:36 PM;7.0;MOTOR VEHICLE THEFT;;;;[43.08985052120739, -87.98130041909516];5417 W CAPITOL DR
385;63290212;11/25/2006;11:00 PM;7.0;MOTOR VEHICLE THEFT;;;;[43.0883994446304, -87.97956013200395];3913 N 53RD ST
386;63280102;11/24/2006;01:58 PM;7.0;MOTOR VEHICLE THEFT;;;;[43.09346551399403, -87.98505325145709];5825 W HOPE AV
387;63280150;11/24/2006;04:34 PM;4.0;THEFT FROM MOTOR VEHICLE;MOTOR VEHICLE THEFT;;;[43.122141701915865, -88.03080859925535];5735 N 95TH ST
388;63280215;11/24/2006;09:46 PM;4.0;MOTOR VEHICLE THEFT;;;;[43.12404000000001, -88.02826116475254];5841 N 93RD ST
389;63270062;11/23/2006;08:52 AM;4.0;MOTOR VEHICLE THEFT;;;;[43.11508491618096, -87.98365381692561];5358 N 57TH ST
390;63270151;11/23/2006;08:00 PM;7.0;MOTOR VEHICLE THEFT;;;;[43.09056916763808, -87.99081013200394];4023 N 63RD ST
391;63260181;11/22/2006;07:36 PM;4.0;MOTOR VEHICLE THEFT;;;;[43.13240534478893, -88.01565629491095];6309 N 84TH ST
392;63270007;11/22/2006;10:49 PM;4.0;MOTOR VEHICLE THEFT;;;;[43.119672525967914, -88.01016261226845];7900 W SILVER SPRING DR
393;63250326;11/21/2006;09:39 PM;7.0;MOTOR VEHICLE THEFT;;;;[43.09666216763807, -87.99943812479059];4357 N 70TH ST
394;63240041;11/20/2006;06:34 AM;4.0;MOTOR VEHICLE THEFT;;;;[43.11668299629646, -88.02723965232268];5443 N 92ND ST
395;63240063;11/20/2006;08:02 AM;4.0;MOTOR VEHICLE THEFT;;;;[43.12253730391254, -88.03565289353128];5754 N 99TH ST
396;63240067;11/20/2006;08:34 AM;4.0;MOTOR VEHICLE THEFT;;;;[43.13165352844942, -88.01563916143431];6245 N 84TH ST
397;63240078;11/20/2006;08:09 AM;7.0;MOTOR VEHICLE THEFT;ALL OTHER OFFENSES;;;[43.096735341104505, -87.97336804818492];4367 N 48TH STREET
398;63240257;11/20/2006;06:24 PM;7.0;MOTOR VEHICLE THEFT;;;;[43.112222488458826, -88.00685125145709];7613 W VILLARD AV
399;63230029;11/19/2006;04:07 AM;7.0;MOTOR VEHICLE THEFT;;;;[43.101576639188664, -87.99806333524747];4628 N 69TH ST
400;63230082;11/19/2006;11:14 AM;4.0;MOTOR VEHICLE THEFT;;;;[43.11735439677288, -87.991358633871];6430 W BIRCH AV
401;63230114;11/19/2006;01:09 PM;7.0;MOTOR VEHICLE THEFT;;;;[43.10408946047074, -88.00479041909516];7402 W DERBY PL
402;63230135;11/19/2006;02:55 PM;4.0;MOTOR VEHICLE THEFT;;;;[43.11758491589251, -88.02986846404877];9357 W BIRCH AV
403;63240001;11/19/2006;10:30 PM;4.0;BURGLARY/BREAKING AND ENTERING;MOTOR VEHICLE THEFT;;;[43.12415624562871, -88.00088288631792];5840 N 72ND ST
404;63210044;11/17/2006;07:29 AM;7.0;MOTOR VEHICLE THEFT;;;;[43.102993514859406, -88.00161283236193];7130 W COURTLAND AV
405;63210110;11/17/2006;01:20 PM;7.0;MOTOR VEHICLE THEFT;;;;[43.09651741326678, -87.9956323607827];4348 N 67TH ST
406;63210151;11/17/2006;09:10 AM;4.0;MOTOR VEHICLE THEFT;;;;[43.113549122396, -88.00592589353127];5250 N 76TH ST
407;63210220;11/17/2006;09:04 PM;7.0;MOTOR VEHICLE THEFT;;;;[43.091121039689035, -87.99831500474615];4061 N 69TH ST
408;63200085;11/16/2006;09:40 AM;4.0;MOTOR VEHICLE THEFT;;;;[43.12162048906962, -88.03074207350424];5716 N 95TH ST
409;63200163;11/16/2006;01:55 PM;7.0;MOTOR VEHICLE THEFT;;;;[43.091142078250456, -87.97807246629911];5209 W FOND DU LAC AV
410;63190100;11/15/2006;01:32 PM;7.0;MOTOR VEHICLE THEFT;;;;[43.09269884404735, -88.00617645723943];7560 W APPLETON AV
411;63180039;11/14/2006;07:03 AM;4.0;MOTOR VEHICLE THEFT;;;;[43.116246251457085, -88.02603816475253];5415 N 91ST ST #4
412;63180040;11/14/2006;08:02 AM;7.0;MOTOR VEHICLE THEFT;;;;[43.09643792200936, -87.97942857372014];4349 N 53RD ST
413;63180049;11/14/2006;08:03 AM;4.0;MOTOR VEHICLE THEFT;;;;[43.11285258090484, -88.01572239353128];5224 N 84TH ST
414;63170087;11/13/2006;10:29 AM;7.0;MOTOR VEHICLE THEFT;;;;[43.09460452455786, -88.00762483893767];7600 W APPLETON AV
415;63170164;11/13/2006;03:15 PM;7.0;MOTOR VEHICLE THEFT;;;;[43.09002731926338, -87.97712914613288];5100 W CAPITOL DR
416;63160145;11/12/2006;04:46 PM;4.0;MOTOR VEHICLE THEFT;;;;[43.11635252262104, -88.00616815422094];5401 N 76TH ST
417;63140045;11/10/2006;07:16 AM;4.0;MOTOR VEHICLE THEFT;;;;[43.11943952300077, -88.00563398094785];7575 W SILVER SPRING DR
418;63140075;11/10/2006;07:52 AM;4.0;MOTOR VEHICLE THEFT;;;;[43.12155558090484, -87.99222588242277];5714 N 65TH ST
419;63140176;11/10/2006;05:34 PM;4.0;MOTOR VEHICLE THEFT;;;;[43.11533700000001, -88.00091068307438];5401 N 72ND ST
420;63130038;11/09/2006;05:43 AM;7.0;MOTOR VEHICLE THEFT;;;;[43.10955841326677, -87.98990334246082];5054 N 63RD ST
421;63130209;11/09/2006;10:46 PM;4.0;MOTOR VEHICLE THEFT;;;;[43.123795994171616, -88.02563537520942];5830 N 91ST ST
422;63120035;11/08/2006;07:01 AM;4.0;MOTOR VEHICLE THEFT;;;;[43.12168082653355, -88.03197241185313];5712 N 96TH ST
423;63120171;11/08/2006;03:41 PM;7.0;MOTOR VEHICLE THEFT;;;;[43.10501625800404, -87.98661310478424];4809 N 60TH ST
424;63130010;11/08/2006;11:27 PM;7.0;MOTOR VEHICLE THEFT;;;;[43.109397670552255, -87.98749813200395];5043 N 61ST ST
425;63130017;11/08/2006;11:02 PM;7.0;MOTOR VEHICLE THEFT;;;;[43.099614586733225, -87.99441815753917];4519 N 66TH ST
426;63110031;11/07/2006;06:33 AM;7.0;MOTOR VEHICLE THEFT;;;;[43.1107292200935, -87.98739383524746];5138 N 61ST ST
427;63090138;11/05/2006;03:36 PM;7.0;MOTOR VEHICLE THEFT;;;;[43.09190113627446, -87.9769449190665];4108 N 51ST BL
428;63090163;11/05/2006;05:30 PM;4.0;MOTOR VEHICLE THEFT;;;;[43.119424521207414, -88.0274835];9205 W SILVER SPRING DR
429;63090181;11/05/2006;07:37 PM;7.0;MOTOR VEHICLE THEFT;;;;[43.090083511541195, -87.98460963197529];5704 W CAPITOL DR
430;63080198;11/04/2006;11:41 PM;4.0;MOTOR VEHICLE THEFT;;;;[43.120961161809674, -87.99468638631792];5664 N 67TH ST
431;63070083;11/03/2006;12:11 PM;4.0;MOTOR VEHICLE THEFT;;;;[43.118462474032086, -88.02837080682671];9239 W SHERIDAN AV
432;63060070;11/02/2006;10:54 AM;7.0;MOTOR VEHICLE THEFT;;;;[43.10480648845882, -87.9975225];6819 W HAMPTON AV
433;63050142;11/01/2006;03:30 PM;7.0;MOTOR VEHICLE THEFT;;;;[43.08645524562871, -87.97951591185313];3806 N 53RD ST
434;63050197;11/01/2006;07:45 PM;4.0;MOTOR VEHICLE THEFT;;;;[43.117668251457104, -88.02602916475253];5479 N 91ST ST
435;63340193;11/30/2006;07:00 PM;5.0;MOTOR VEHICLE THEFT;;;;[43.07163241326677, -87.90275290074464];2920 N PIERCE ST
436;63330070;11/29/2006;10:12 AM;5.0;MOTOR VEHICLE THEFT;;;;[43.06125710152548, -87.88783692127967];1815 E THOMAS AV
437;63330113;11/29/2006;03:02 PM;5.0;MOTOR VEHICLE THEFT;;;;[43.04652345045878, -87.9124049662418];1232 N EDISON ST
438;63330206;11/29/2006;06:33 PM;5.0;MOTOR VEHICLE THEFT;;;;[43.066287419095175, -87.9004385809335];2629 N BREMEN ST
439;63320126;11/28/2006;02:52 PM;5.0;MOTOR VEHICLE THEFT;;;;[43.067979335276135, -87.90412057703836];2725 N BOOTH ST
440;63300148;11/26/2006;01:02 PM;5.0;MOTOR VEHICLE THEFT;THEFT FROM MOTOR VEHICLE;;;[43.05048949899038, -87.89875047016561];1027 E PLEASANT ST
441;63280138;11/24/2006;04:50 PM;5.0;MOTOR VEHICLE THEFT;;;;[43.06607986372555, -87.9028910809335];2615 N PIERCE ST
442;63280196;11/24/2006;10:17 PM;5.0;MOTOR VEHICLE THEFT;;;;[43.06873441326678, -87.90155492627986];2758 N FRATNEY ST
443;63270106;11/23/2006;01:51 PM;5.0;MOTOR VEHICLE THEFT;;;;[43.068574005828395, -87.8855615809335];2755 N MURRAY AV #LWR
444;63270122;11/23/2006;03:55 PM;5.0;MOTOR VEHICLE THEFT;;;;[43.0493604767734, -87.90469204053886];605 E LYON ST
445;63250241;11/21/2006;05:47 PM;5.0;MOTOR VEHICLE THEFT;;;;[43.05301651485942, -87.901803];808 E BRADY ST
446;63250245;11/21/2006;03:46 PM;5.0;MOTOR VEHICLE THEFT;;;;[43.0711335310169, -87.89476195498906];1350 E LOCUST ST
447;63240149;11/20/2006;03:38 PM;5.0;MOTOR VEHICLE THEFT;;;;[43.046189999999996, -87.91120063200395];1215 N WATER ST
448;63240250;11/20/2006;09:16 PM;5.0;MOTOR VEHICLE THEFT;;;;[43.06150828282071, -87.88564154428977];2409 N MURRAY AV
449;63230109;11/19/2006;03:37 PM;5.0;MOTOR VEHICLE THEFT;;;;[43.070345211897326, -87.88915682060217];2826 N BARTLETT AV
450;63230142;11/19/2006;03:38 PM;5.0;MOTOR VEHICLE THEFT;THEFT FROM MOTOR VEHICLE;;;[43.06407149125744, -87.8867439551333];2516 N CRAMER ST
451;63220168;11/18/2006;06:40 PM;5.0;MOTOR VEHICLE THEFT;;;;[43.058020068723465, -87.88871272323681];1715 E WINDSOR PL
452;63210070;11/17/2006;10:14 AM;5.0;MOTOR VEHICLE THEFT;;;;[43.04697448600598, -87.90297283236194];712 E KNAPP ST #207
453;63190067;11/15/2006;09:52 AM;5.0;MOTOR VEHICLE THEFT;;;;[43.067697222602085, -87.901553225963];2710 N FRATNEY ST
454;63190144;11/15/2006;03:24 PM;5.0;MOTOR VEHICLE THEFT;;;;[43.046847648959414, -87.90069545951278];921 E KNAPP ST
455;63180108;11/14/2006;02:33 PM;5.0;MOTOR VEHICLE THEFT;;;;[43.06495252596791, -87.88610347446478];1916 E WEBSTER PL
456;63170092;11/13/2006;10:42 AM;5.0;MOTOR VEHICLE THEFT;;;;[43.0716429339259, -87.88794915364403];2923 N OAKLAND AV
457;63160048;11/12/2006;06:56 AM;5.0;MOTOR VEHICLE THEFT;;;;[43.071145519331466, -87.89526063918865];1300 E LOCUST ST
458;63160115;11/12/2006;01:09 PM;5.0;MOTOR VEHICLE THEFT;;;;[43.04683954420561, -87.89932964345147];1021 E KNAPP ST
459;63160200;11/12/2006;09:37 PM;5.0;MOTOR VEHICLE THEFT;;;;[43.04583673756511, -87.90979386365957];200 E JUNEAU AV
460;63150026;11/11/2006;02:12 AM;5.0;MOTOR VEHICLE THEFT;;;;[43.07316283236193, -87.88539287520942];3012 N MURRAY AV
461;63150062;11/11/2006;11:00 AM;5.0;MOTOR VEHICLE THEFT;;;;[43.064504276992324, -87.89791061757722];2529 N HUMBOLDT BL
462;63140116;11/10/2006;01:00 PM;5.0;MOTOR VEHICLE THEFT;;;;[43.06997666472387, -87.90525286799604];2826 N HOLTON ST
463;63140171;11/10/2006;05:57 PM;5.0;MOTOR VEHICLE THEFT;;;;[43.06452185789718, -87.9041600809335];2529 N BOOTH ST
464;63130125;11/09/2006;01:56 PM;5.0;MOTOR VEHICLE THEFT;;;;[43.08162386955394, -87.90133754428977];3487 N FRATNEY ST
465;63130178;11/09/2006;06:47 PM;5.0;MOTOR VEHICLE THEFT;;;;[43.068473832361946, -87.89911592627985];2744 N WEIL ST
466;63130196;11/09/2006;10:34 PM;5.0;MOTOR VEHICLE THEFT;;;;[43.07300663728653, -87.90268719523549];700 E CHAMBERS ST
467;63120049;11/08/2006;08:22 AM;5.0;MOTOR VEHICLE THEFT;;;;[43.0682281415925, -87.90286989505941];2741A N PIERCE ST
468;63120196;11/08/2006;05:51 PM;5.0;MOTOR VEHICLE THEFT;;;;[43.06479300000001, -87.90160540074464];2544 N FRATNEY ST
469;63130008;11/08/2006;11:45 PM;5.0;MOTOR VEHICLE THEFT;;;;[43.07080659256161, -87.90155854097155];2871 N FRATNEY ST
470;63110196;11/07/2006;05:16 PM;5.0;MOTOR VEHICLE THEFT;;;;[43.049835031363614, -87.90471754097155];1519 N JACKSON ST
471;63100078;11/06/2006;01:00 PM;5.0;MOTOR VEHICLE THEFT;;;;[43.06059369287846, -87.88506684881894];2335 N FARWELL AV
472;63100175;11/06/2006;03:21 PM;5.0;MOTOR VEHICLE THEFT;;;;[43.0778295262277, -87.89625634785651];3278 N DOUSMAN ST
473;63090027;11/05/2006;01:49 AM;5.0;MOTOR VEHICLE THEFT;;;;[43.067390924857506, -87.90488708316002];533 E CENTER ST
474;63090069;11/05/2006;10:24 AM;5.0;MOTOR VEHICLE THEFT;;;;[43.05869249956733, -87.8911425];1523 E WINDSOR PL
475;63090075;11/05/2006;10:32 AM;5.0;MOTOR VEHICLE THEFT;;;;[43.065295857897155, -87.90416858425172];2571 N BOOTH ST
476;63090155;11/05/2006;03:52 PM;5.0;MOTOR VEHICLE THEFT;;;;[43.07230741326677, -87.88664487131426];2964 N CRAMER ST
477;63080155;11/04/2006;06:48 PM;5.0;MOTOR VEHICLE THEFT;;;;[43.06018152986305, -87.88990219747245];1614 E NORTH AV
478;63070027;11/03/2006;06:28 AM;5.0;MOTOR VEHICLE THEFT;;;;[43.05950052844943, -87.88931959925536];2209 N BARTLETT AV
479;63070125;11/03/2006;05:32 PM;5.0;MOTOR VEHICLE THEFT;;;;[43.071193529286134, -87.90441299999999];522 E LOCUST ST
480;63070170;11/03/2006;09:11 PM;5.0;MOTOR VEHICLE THEFT;;;;[43.059559156073945, -87.88425054229786];2100 E IVANHOE PL
481;63210232;11/02/2006;10:35 PM;5.0;MOTOR VEHICLE THEFT;;;;[43.06752334780078, -87.9052556521992];2700 N HOLTON ST
482;63050059;11/01/2006;10:14 AM;5.0;MOTOR VEHICLE THEFT;;;;[43.06850966472388, -87.88175442959809];2756 N FARWELL AV
483;63340022;11/30/2006;03:37 AM;3.0;MOTOR VEHICLE THEFT;;;;[43.05004254674262, -87.9460515];2527 W CHERRY ST
484;63340098;11/30/2006;12:47 PM;3.0;MOTOR VEHICLE THEFT;;;;[43.04124108964743, -87.94295157372014];843 N 24TH ST
485;63340145;11/30/2006;06:31 PM;3.0;MOTOR VEHICLE THEFT;;;;[43.04444546162459, -87.941583];2300 W HIGHLAND AV
486;63330153;11/29/2006;04:31 PM;3.0;MOTOR VEHICLE THEFT;;;;[43.04444546162459, -87.941583];2300 W HIGHLAND AV #MSTRC
487;63330228;11/29/2006;08:35 PM;3.0;MOTOR VEHICLE THEFT;;;;[43.04720498026451, -87.93917588259566];2107 W MC KINLEY AV
488;63330242;11/29/2006;11:03 PM;3.0;MOTOR VEHICLE THEFT;;;;[43.03883971361926, -87.94286537399341];702 N 24TH ST
489;63320039;11/28/2006;07:22 AM;3.0;MOTOR VEHICLE THEFT;;;;[43.039683, -87.95067286078269];740 N 29TH ST
490;63320240;11/28/2006;10:42 PM;3.0;MOTOR VEHICLE THEFT;;;;[43.04879744214888, -87.9555814730798];3308 W VLIET ST
491;63310123;11/27/2006;09:56 AM;3.0;MOTOR VEHICLE THEFT;;;;[43.037531474897484, -87.94572333527613];2526 W MICHIGAN ST
492;63310236;11/27/2006;08:06 PM;3.0;MOTOR VEHICLE THEFT;;;;[43.04449518884801, -87.94445231235022];2474 W HIGHLAND AV
493;63310251;11/27/2006;09:43 PM;3.0;MOTOR VEHICLE THEFT;;;;[43.044264484563676, -87.94376052844942];2425 W HIGHLAND AV
494;63300165;11/26/2006;04:22 PM;1.0;MOTOR VEHICLE THEFT;;;;[43.0379304194149, -87.90522014125658];631 N JEFFERSON ST
495;63300193;11/26/2006;06:51 PM;1.0;MOTOR VEHICLE THEFT;;;;[43.04111845178262, -87.9055601798367];795 N JEFFERSON ST
496;63300202;11/26/2006;07:51 PM;3.0;MOTOR VEHICLE THEFT;;;;[43.04579680930031, -87.95073890125363];2905 W JUNEAU AV
497;63300238;11/26/2006;10:29 PM;3.0;MOTOR VEHICLE THEFT;;;;[43.03765782474638, -87.94627187508935];610 N 26TH ST
498;63290029;11/25/2006;04:08 AM;1.0;MOTOR VEHICLE THEFT;;;;[43.045573734829695, -87.91451003135154];301 W JUNEAU AV
499;63290167;11/25/2006;08:24 PM;3.0;MOTOR VEHICLE THEFT;;;;[43.044445542847484, -87.95230102553522];3017 W HIGHLAND BL
500;63290221;11/25/2006;11:54 PM;3.0;MOTOR VEHICLE THEFT;;;;[43.0441967997873, -87.93059119086402];1433 W HIGHLAND AV
501;63280013;11/24/2006;01:48 AM;3.0;MOTOR VEHICLE THEFT;;;;[43.048988863725555, -87.94628010257358];1413 N 26TH ST
502;63280049;11/24/2006;08:21 AM;3.0;MOTOR VEHICLE THEFT;;;;[43.044614541540604, -87.93386544164767];1110 N 17TH ST
503;63280108;11/24/2006;07:34 PM;1.0;MOTOR VEHICLE THEFT;;;;[43.03876552510253, -87.91417294463038];275 W WISCONSIN AV
504;63280200;11/24/2006;10:25 PM;3.0;MOTOR VEHICLE THEFT;;;;[43.04464047879261, -87.950313];2850 W HIGHLAND BL
505;63280204;11/24/2006;10:55 PM;3.0;MOTOR VEHICLE THEFT;;;;[43.03897606076303, -87.94765465190757];714 N 27TH ST
506;63270137;11/23/2006;06:49 PM;3.0;MOTOR VEHICLE THEFT;;;;[43.04726248600596, -87.93976988773154];2120 W MC KINLEY AV
507;63240083;11/20/2006;08:44 AM;3.0;MOTOR VEHICLE THEFT;;;;[43.038790476051304, -87.95155997778299];3000 W WISCONSIN AV
508;63240168;11/20/2006;02:57 PM;3.0;MOTOR VEHICLE THEFT;;;;[43.042209988343245, -87.93782501009889];922 N 20TH ST
509;63240203;11/20/2006;06:10 PM;3.0;MOTOR VEHICLE THEFT;;;;[43.04471118912232, -87.95530068912231];3300 W HIGHLAND BL
510;63240227;11/20/2006;05:45 PM;3.0;MOTOR VEHICLE THEFT;;;;[43.04500300582839, -87.94286908093349];1123 N 24TH ST
511;63220176;11/18/2006;07:53 PM;3.0;MOTOR VEHICLE THEFT;;;;[43.038607506780686, -87.94264016472387];2335 W WISCONSIN AV
512;63200070;11/16/2006;09:03 AM;3.0;MOTOR VEHICLE THEFT;;;;[43.04030546436588, -87.94975041618096];2820 W WELLS ST
513;63200121;11/16/2006;11:45 AM;3.0;MOTOR VEHICLE THEFT;;;;[43.04129433527612, -87.94636962479058];845 N 26TH ST #103
514;63200161;11/16/2006;05:27 PM;1.0;MOTOR VEHICLE THEFT;;;;[43.04312673803445, -87.90063807129886];902 E KILBOURN AV
515;63200201;11/16/2006;06:51 PM;2.0;MOTOR VEHICLE THEFT;;;;[43.034761499567324, -87.95669416763806];3405 W SAINT PAUL AV
516;63190073;11/15/2006;10:29 AM;3.0;MOTOR VEHICLE THEFT;;;;[43.03882611293072, -87.94931022928951];2800 W WISCONSIN AV
517;63190203;11/15/2006;09:59 AM;3.0;MOTOR VEHICLE THEFT;;;;[43.048040321477416, -87.93895615199897];1358 N 21ST ST #REAR
518;63180190;11/14/2006;04:32 PM;3.0;MOTOR VEHICLE THEFT;;;;[43.042826641670146, -87.95016543228114];2841 W RICHARDSON PL
519;63180204;11/14/2006;11:07 PM;3.0;MOTOR VEHICLE THEFT;;;;[43.04847404408233, -87.93184904174548];1531 W VLIET ST
520;63170076;11/13/2006;09:30 AM;3.0;MOTOR VEHICLE THEFT;;;;[43.04926813627446, -87.94620639353127];1426 N 26TH ST #A
521;63170086;11/13/2006;11:39 AM;3.0;MOTOR VEHICLE THEFT;;;;[43.04035559849816, -87.94909926456184];2800 W WELLS ST
522;63170134;11/13/2006;01:42 PM;3.0;MOTOR VEHICLE THEFT;;;;[43.04879345636192, -87.94619355371745];1408 N 26TH ST
523;63160013;11/12/2006;12:43 AM;3.0;MOTOR VEHICLE THEFT;;;;[43.04586947013696, -87.95424133236193];3217 W JUNEAU AV
524;63160088;11/12/2006;10:20 AM;3.0;MOTOR VEHICLE THEFT;;;;[43.050517910352596, -87.94276910372741];1525 N 24TH ST
525;63160191;11/12/2006;09:46 PM;3.0;MOTOR VEHICLE THEFT;;;;[43.037279748542915, -87.94919393738836];550 N 28TH ST
526;63150067;11/11/2006;10:40 AM;3.0;MOTOR VEHICLE THEFT;;;;[43.048590539529265, -87.94504366763806];2481 W VLIET ST
527;63130073;11/09/2006;09:13 AM;3.0;MOTOR VEHICLE THEFT;;;;[43.04460573588002, -87.94027703126359];1110 N 22ND ST
528;63130109;11/09/2006;12:42 PM;3.0;MOTOR VEHICLE THEFT;;;;[43.043334187373624, -87.94164318737361];2300 W STATE ST
529;63130184;11/09/2006;07:08 PM;3.0;MOTOR VEHICLE THEFT;;;;[43.03878551990839, -87.938784];2040 W WISCONSIN AV
530;63120151;11/08/2006;03:50 PM;3.0;MOTOR VEHICLE THEFT;;;;[43.04184497060017, -87.9286331519379];950 N 13TH ST
531;63110050;11/07/2006;09:53 AM;5.0;MOTOR VEHICLE THEFT;;;;[43.04720513492, -87.92719722805447];1200 W MCKINLEY AV
532;63110098;11/07/2006;01:04 PM;3.0;MOTOR VEHICLE THEFT;;;;[43.04104511658437, -87.93145243962185];842 N 15TH ST
533;63110009;11/06/2006;11:15 PM;3.0;THEFT FROM MOTOR VEHICLE;MOTOR VEHICLE THEFT;;;[43.04803054341463, -87.95251217705628];1351 N 31ST ST
534;63090144;11/05/2006;03:53 PM;3.0;MOTOR VEHICLE THEFT;;;;[43.045880486582895, -87.93595232653355];1818 W JUNEAU AV
535;63090160;11/05/2006;04:06 PM;3.0;MOTOR VEHICLE THEFT;;;;[43.05134386453283, -87.95019443869668];2913 W GALENA ST
536;63080021;11/04/2006;03:45 AM;3.0;MOTOR VEHICLE THEFT;;;;[43.038626546165716, -87.9496515];2801 W WISCONSIN AV
537;63080068;11/04/2006;10:17 AM;3.0;MOTOR VEHICLE THEFT;;;;[43.04586047013695, -87.95170391909515];3011 W JUNEAU AV
538;63080070;11/04/2006;09:38 AM;3.0;MOTOR VEHICLE THEFT;;;;[43.04326746047074, -87.9456105];2522 W STATE ST
539;63080199;11/04/2006;11:14 PM;3.0;MOTOR VEHICLE THEFT;;;;[43.04537916180968, -87.95054644791995];1136 N 29TH ST
540;63070018;11/03/2006;04:39 AM;3.0;THEFT FROM MOTOR VEHICLE;MOTOR VEHICLE THEFT;;;[43.041465199001664, -87.94294958425172];855 N 24TH ST
541;63070079;11/03/2006;01:32 PM;3.0;MOTOR VEHICLE THEFT;;;;[43.04758748320734, -87.92714101933147];1319 N 12TH ST
542;63070174;11/03/2006;07:28 PM;3.0;MOTOR VEHICLE THEFT;;;;[43.04332610059739, -87.95068725389082];2900 W STATE ST
543;63060115;11/02/2006;02:54 PM;1.0;MOTOR VEHICLE THEFT;;;;[43.03736148456368, -87.91677394463038];401 W MICHIGAN ST
544;63050048;11/01/2006;08:27 AM;3.0;MOTOR VEHICLE THEFT;;;;[43.05133287332518, -87.94892549253326];2807 W GALENA ST
545;63340152;11/30/2006;07:01 PM;4.0;MOTOR VEHICLE THEFT;;;;[43.13113894396654, -88.02896484716403];9350 W FOND DU LAC AV
546;63330166;11/29/2006;05:43 PM;4.0;MOTOR VEHICLE THEFT;;;;[43.11760558673322, -88.05581966143431];5501 N LOVERS LANE RD
547;63330189;11/29/2006;06:55 PM;4.0;MOTOR VEHICLE THEFT;;;;[43.11162424994279, -88.05557598338895];5182 N LOVERS LANE RD
548;63320041;11/28/2006;08:25 AM;7.0;MOTOR VEHICLE THEFT;;;;[43.10104811267249, -88.01150652833384];7907 W BECKETT AV
549;63280202;11/24/2006;10:10 PM;7.0;MOTOR VEHICLE THEFT;;;;[43.09470027104871, -88.0077172590678];7650 W APPLETON AV
550;63270074;11/23/2006;11:06 AM;4.0;MOTOR VEHICLE THEFT;;;;[43.13638228784102, -88.03740245008339];6541 N BEALE ST
551;63270006;11/22/2006;10:36 PM;7.0;MOTOR VEHICLE THEFT;;;;[43.099258357493134, -88.011418674967];7924 W APPLETON AV
552;63250240;11/21/2006;02:53 PM;7.0;MOTOR VEHICLE THEFT;;;;[43.097179493219336, -88.01050168887411];7808 W CONGRESS ST
553;63240058;11/20/2006;08:30 AM;4.0;MOTOR VEHICLE THEFT;;;;[43.13837001275329, -88.03831985362665];10155 W FOND DU LAC AV
554;63240062;11/20/2006;09:17 AM;7.0;MOTOR VEHICLE THEFT;;;;[43.08422458673323, -88.00742960646872];3631 N 76TH ST
555;63170061;11/13/2006;10:11 AM;4.0;MOTOR VEHICLE THEFT;;;;[43.138440972819986, -88.03830166469521];10136 W FOND DU LAC AV
556;63150149;11/11/2006;05:29 PM;7.0;MOTOR VEHICLE THEFT;;;;[43.08963548499728, -88.02409980391252];8901 W CAPITOL DR
557;63130093;11/09/2006;11:27 AM;4.0;MOTOR VEHICLE THEFT;;;;[43.14723266472387, -88.03399866475253];7129 N 98TH ST
558;63100008;11/06/2006;01:37 AM;7.0;MOTOR VEHICLE THEFT;;;;[43.08969579120667, -88.01668253046327];8331 W CAPITOL DR
559;63090077;11/05/2006;10:45 AM;7.0;MOTOR VEHICLE THEFT;;;;[43.09713625579078, -88.0174547557908];8400 W CONGRESS ST
560;63080101;11/04/2006;04:58 PM;7.0;MOTOR VEHICLE THEFT;;;;[43.08037952262103, -88.00852291185313];3366 N 77TH ST
561;63070031;11/03/2006;07:03 AM;7.0;MOTOR VEHICLE THEFT;;;;[43.1038559466792, -88.02118312473327];8753 W HERBERT AV
562;63060016;11/02/2006;02:45 AM;7.0;MOTOR VEHICLE THEFT;;;;[43.102215723007674, -88.00938487910454];4650 N 78TH ST
563;63060189;11/02/2006;07:34 PM;7.0;MOTOR VEHICLE THEFT;;;;[43.08704983236194, -88.0086095809335];3833 N 77TH ST
564;63330009;11/29/2006;03:51 AM;5.0;MOTOR VEHICLE THEFT;;;;[43.07175883236195, -87.90645339353127];2928 N BUFFUM ST
565;63330065;11/29/2006;01:41 PM;7.0;MOTOR VEHICLE THEFT;;;;[43.08178538773154, -87.93962341185313];3426 N 22ND ST
566;63330099;11/29/2006;01:38 PM;5.0;MOTOR VEHICLE THEFT;;;;[43.081792896047695, -87.92978850822941];1500 W KEEFE AV
567;63330158;11/29/2006;04:37 PM;5.0;MOTOR VEHICLE THEFT;;;;[43.06399821362857, -87.91437506372421];318 W WRIGHT ST
568;63340010;11/29/2006;11:49 PM;7.0;MOTOR VEHICLE THEFT;;;;[43.08489297530149, -87.93623184191256];3700 N TEUTONIA AV
569;63320136;11/28/2006;03:26 PM;5.0;MOTOR VEHICLE THEFT;;;;[43.06992316763808, -87.91405908482864];2821 N MARTIN L KING JR DR
570;63320142;11/28/2006;03:31 PM;7.0;MOTOR VEHICLE THEFT;;;;[43.08798813359137, -87.9408719520606];3900 N 23RD ST
571;63310096;11/27/2006;09:13 AM;5.0;MOTOR VEHICLE THEFT;;;;[43.05680002553524, -87.90539957040191];2001 N HOLTON ST
572;63310108;11/27/2006;11:53 AM;7.0;MOTOR VEHICLE THEFT;;;;[43.08342249708582, -87.9457923718912];3540 N 26TH ST
573;63310257;11/27/2006;08:18 PM;7.0;MOTOR VEHICLE THEFT;;;;[43.08240051875456, -87.93795222300767];2022 W KEEFE AV
574;63300041;11/26/2006;01:29 AM;5.0;MOTOR VEHICLE THEFT;;;;[43.06645936219633, -87.90860638299968];2630 N HUBBARD ST
575;63300079;11/26/2006;08:47 AM;5.0;MOTOR VEHICLE THEFT;;;;[43.07800545045876, -87.90393754818491];3265 N BOOTH ST
576;63300170;11/26/2006;05:00 PM;7.0;MOTOR VEHICLE THEFT;;;;[43.070264444630396, -87.93444860646872];2829 N 17TH ST
577;63290013;11/25/2006;01:07 AM;7.0;MOTOR VEHICLE THEFT;;;;[43.08823794754457, -87.94096010646872];3911 N 23RD ST
578;63290094;11/25/2006;11:14 AM;5.0;MOTOR VEHICLE THEFT;;;;[43.08387464451821, -87.90360240777613];601 E NASH ST
579;63290100;11/25/2006;11:05 AM;7.0;MOTOR VEHICLE THEFT;;;;[43.083242696087495, -87.9448490809335];3533 N 25TH ST
580;63290115;11/25/2006;01:32 PM;7.0;MOTOR VEHICLE THEFT;;;;[43.07539442463508, -87.93690342827041];1909 W HOPKINS ST
581;63280008;11/24/2006;12:34 AM;5.0;MOTOR VEHICLE THEFT;;;;[43.07837609547579, -87.9249289899011];3269 N 11TH ST
582;63280012;11/24/2006;01:10 AM;5.0;MOTOR VEHICLE THEFT;ALL OTHER OFFENSES;;;[43.06184130391253, -87.91403342627986];2368 N MARTIN L KING JR DR
583;63280012;11/24/2006;01:10 AM;5.0;MOTOR VEHICLE THEFT;;;;[43.06184130391253, -87.91403342627986];2368 N MARTIN L KING JR DR
584;63280020;11/24/2006;01:27 AM;5.0;MOTOR VEHICLE THEFT;;;;[43.07553011518263, -87.92749160646872];3123 N 13TH ST
585;63280029;11/24/2006;04:28 AM;7.0;MOTOR VEHICLE THEFT;;;;[43.08113738773156, -87.9321958607827];3444 N 17TH ST
586;63270065;11/23/2006;10:23 AM;5.0;MOTOR VEHICLE THEFT;;;;[43.08772508381904, -87.92336588631792];3904 N 10TH ST
587;63260014;11/22/2006;03:05 AM;7.0;MOTOR VEHICLE THEFT;;;;[43.0800514172834, -87.93975874400894];3355 N 22ND ST
588;63250053;11/21/2006;08:24 AM;5.0;MOTOR VEHICLE THEFT;;;;[43.07790548845881, -87.93080158673322];1535 W RING ST
589;63250313;11/21/2006;09:16 PM;5.0;MOTOR VEHICLE THEFT;;;;[43.07482177240929, -87.92680474982821];1205 W BURLEIGH ST #A
590;63240040;11/20/2006;05:52 AM;5.0;MOTOR VEHICLE THEFT;;;;[43.08497161809683, -87.92225854097155];3723 N 9TH ST
591;63240055;11/20/2006;07:55 AM;5.0;MOTOR VEHICLE THEFT;;;;[43.049288988314586, -87.91438864311245];1407 N MARTIN L KING JR DR
592;63240074;11/20/2006;09:54 AM;5.0;MOTOR VEHICLE THEFT;;;;[43.0885096096842, -87.9119525980463];3914 N 2ND ST
593;63240189;11/20/2006;05:12 PM;5.0;MOTOR VEHICLE THEFT;;;;[43.08253077368285, -87.94301392556383];2400 W KEEFE AV
594;63240219;11/20/2006;06:28 PM;5.0;MOTOR VEHICLE THEFT;;;;[43.06460441909516, -87.91408112868574];2555 N MARTIN L KING JR DR
595;63230031;11/19/2006;03:20 AM;5.0;MOTOR VEHICLE THEFT;;;;[43.086950696087484, -87.92592162479058];3815 N 12TH ST
596;63220018;11/18/2006;01:42 AM;5.0;MOTOR VEHICLE THEFT;;;;[43.08449491202576, -87.92343327112987];3700 N 10TH ST
597;63220057;11/18/2006;07:32 AM;5.0;MOTOR VEHICLE THEFT;DESTRUCTION/DAMAGE/VANDALISM OF PROPERTY;;;[43.07301149956733, -87.91885311226845];615 W CHAMBERS ST
598;63220094;11/18/2006;11:16 AM;5.0;MOTOR VEHICLE THEFT;;;;[43.074854496537554, -87.91872283236194];602 W BURLEIGH ST
599;63220113;11/18/2006;02:02 PM;5.0;MOTOR VEHICLE THEFT;;;;[43.07852661226846, -87.92368159925536];3285 N 10TH ST
600;63220215;11/18/2006;11:09 PM;7.0;MOTOR VEHICLE THEFT;;;;[43.08182248600596, -87.93371199708581];1804 W KEEFE AV
601;63210026;11/17/2006;07:52 AM;5.0;MOTOR VEHICLE THEFT;;;;[43.08062949306214, -87.92733294215873];3425 N 13TH ST
602;63210113;11/17/2006;12:40 PM;5.0;MOTOR VEHICLE THEFT;;;;[43.06028753231588, -87.91727285789716];501 W NORTH AV
603;63210230;11/17/2006;09:54 PM;7.0;MOTOR VEHICLE THEFT;;;;[43.07178544463039, -87.93679760646873];2913 N 19TH ST
604;63210231;11/17/2006;09:35 PM;7.0;MOTOR VEHICLE THEFT;;;;[43.081316664723886, -87.93335640463978];3450 N 18TH ST
605;63210236;11/17/2006;10:25 PM;5.0;MOTOR VEHICLE THEFT;;;;[43.079430125572664, -87.9272574801811];3334 N 13TH ST
606;63200012;11/16/2006;01:11 AM;7.0;MOTOR VEHICLE THEFT;;;;[43.088958303912534, -87.94194584635596];3944 N 24TH ST
607;63200113;11/16/2006;09:21 AM;5.0;MOTOR VEHICLE THEFT;;;;[43.08271041852186, -87.91496172835248];3551 N 4TH ST
608;63200183;11/16/2006;04:00 PM;5.0;MOTOR VEHICLE THEFT;;;;[43.076988115182644, -87.92745013200395];3211 N 13TH ST
609;63200226;11/16/2006;09:00 PM;5.0;MOTOR VEHICLE THEFT;;;;[43.08252392200936, -87.92357809925535];3539 N 10TH ST
610;63210005;11/16/2006;11:16 PM;5.0;MOTOR VEHICLE THEFT;;;;[43.0611709664147, -87.91988309723615];2340 N 7TH ST
611;63190021;11/15/2006;03:29 AM;5.0;MOTOR VEHICLE THEFT;;;;[43.06028852842077, -87.91751233236194];519 W NORTH AV
612;63180035;11/14/2006;08:20 AM;5.0;MOTOR VEHICLE THEFT;;;;[43.07136241326677, -87.91979591517136];2900 N 7TH ST
613;63180094;11/14/2006;12:58 PM;5.0;MOTOR VEHICLE THEFT;;;;[43.05034513662702, -87.92017728433154];1529 N 7TH ST #425
614;63190010;11/14/2006;11:17 PM;5.0;MOTOR VEHICLE THEFT;;;;[43.06836502553523, -87.91406808482863];2737 N MARTIN LUTHER KING DR
615;63170099;11/13/2006;12:16 PM;5.0;MOTOR VEHICLE THEFT;;;;[43.06976694033121, -87.91550909983229];2821 N 4TH ST
616;63170201;11/13/2006;05:43 PM;5.0;MOTOR VEHICLE THEFT;;;;[43.08822895191271, -87.90732295180766];3915 N RICHARDS ST
617;63160047;11/12/2006;07:06 AM;7.0;MOTOR VEHICLE THEFT;;;;[43.08440388481736, -87.94356539021305];3634 N 24TH PL
618;63160063;11/12/2006;07:25 AM;5.0;MOTOR VEHICLE THEFT;;;;[43.07810377990651, -87.92126810646873];3269 N 8TH ST
619;63160090;11/12/2006;10:38 AM;5.0;THEFT FROM MOTOR VEHICLE;MOTOR VEHICLE THEFT;;;[43.081610481245455, -87.92287216763806];915 W KEEFE AV
620;63160124;11/12/2006;02:26 PM;5.0;MOTOR VEHICLE THEFT;;;;[43.08099207799066, -87.92354588631792];3436 N 10TH ST
621;63160136;11/12/2006;03:25 PM;5.0;MOTOR VEHICLE THEFT;;;;[43.07531332944774, -87.92243241574828];3116 N 9TH ST
622;63150013;11/11/2006;12:56 AM;5.0;MOTOR VEHICLE THEFT;;;;[43.07949019900167, -87.90389962089544];3351 N BOOTH ST
623;63150044;11/11/2006;07:49 AM;5.0;MOTOR VEHICLE THEFT;;;;[43.070084497085816, -87.93119240132155];2830 N 15TH ST
624;63150176;11/11/2006;10:02 PM;5.0;MOTOR VEHICLE THEFT;;;;[43.07330768379685, -87.90403100745674];3019 N BOOTH ST
625;63140035;11/10/2006;04:32 AM;5.0;MOTOR VEHICLE THEFT;;;;[43.08412452844942, -87.9137076503258];3707 N 3RD ST
626;63140036;11/10/2006;04:19 AM;7.0;MOTOR VEHICLE THEFT;;;;[43.07147406488303, -87.93737637011812];2900 N 20TH ST
627;63140169;11/10/2006;03:31 PM;5.0;MOTOR VEHICLE THEFT;;;;[43.087779115182656, -87.92713956982499];3907 N 13TH ST
628;63130065;11/09/2006;09:03 AM;5.0;MOTOR VEHICLE THEFT;;;;[43.08620149015232, -87.92841859606094];1400 W ATKINSON AV
629;63120017;11/08/2006;02:25 AM;5.0;MOTOR VEHICLE THEFT;;;;[43.06761277279606, -87.91691458027876];2700 N 5TH ST
630;63110026;11/07/2006;03:54 AM;5.0;MOTOR VEHICLE THEFT;;;;[43.080075031363606, -87.90936640795799];3374 N PALMER ST
631;63110027;11/07/2006;04:05 AM;7.0;MOTOR VEHICLE THEFT;;;;[43.07481438077799, -87.93619180448944];1831 W HOPKINS ST
632;63110086;11/07/2006;09:49 AM;5.0;MOTOR VEHICLE THEFT;;;;[43.05640779582002, -87.9158081977163];405 W BROWN ST
633;63110163;11/07/2006;05:22 PM;5.0;MOTOR VEHICLE THEFT;;;;[43.07770580442283, -87.92250864977927];900 W RING ST
634;63100027;11/06/2006;06:49 AM;7.0;MOTOR VEHICLE THEFT;;;;[43.088907914992674, -87.93945411376089];3958 N 22ND ST
635;63100076;11/06/2006;11:53 AM;5.0;MOTOR VEHICLE THEFT;;;;[43.04853157843577, -87.92008141134723];1400 N 7TH ST
636;63100094;11/06/2006;01:33 PM;5.0;MOTOR VEHICLE THEFT;;;;[43.086530886969335, -87.92952636356283];3826 N 15TH ST
637;63100151;11/06/2006;01:25 PM;5.0;MOTOR VEHICLE THEFT;;;;[43.06039941304743, -87.92001946956906];700 W NORTH AV
638;63100235;11/06/2006;09:16 PM;5.0;MOTOR VEHICLE THEFT;;;;[43.08508050874258, -87.92224954097155];3731 N 9TH ST
639;63090035;11/05/2006;02:32 AM;5.0;MOTOR VEHICLE THEFT;THEFT FROM MOTOR VEHICLE;;;[43.06047806050552, -87.91853021622701];2309 N 6TH ST
640;63090049;11/05/2006;08:03 AM;5.0;MOTOR VEHICLE THEFT;;;;[43.06958771442825, -87.92989772118624];1400 W HADLEY ST
641;63090072;11/05/2006;12:10 PM;5.0;MOTOR VEHICLE THEFT;;;;[43.05957560680935, -87.90968250979252];2243 N PALMER ST
642;63090094;11/05/2006;11:13 AM;5.0;MOTOR VEHICLE THEFT;;;;[43.05118444179061, -87.92174157474682];815 W GALENA ST
643;63090104;11/05/2006;02:10 PM;5.0;MOTOR VEHICLE THEFT;;;;[43.088903194818066, -87.89958280547039];3921 N HUMBOLDT BL
644;63090159;11/05/2006;02:47 PM;5.0;BURGLARY/BREAKING AND ENTERING;MOTOR VEHICLE THEFT;;;[43.06929750678068, -87.908751];223 E HADLEY ST
645;63090177;11/05/2006;07:08 PM;5.0;MOTOR VEHICLE THEFT;;;;[43.06093200000001, -87.90540013200395];2331 N HOLTON ST
646;63080022;11/04/2006;01:50 AM;7.0;MOTOR VEHICLE THEFT;;;;[43.08833462663833, -87.93329081127618];1800 W ATKINSON AV
647;63080075;11/04/2006;11:07 AM;5.0;MOTOR VEHICLE THEFT;THEFT OF MOTOR VEHICLE PARTS/ACCESSORIES;;;[43.05724250291419, -87.90834761036386];2033 N HUBBARD ST
648;63080090;11/04/2006;10:25 AM;5.0;MOTOR VEHICLE THEFT;;;;[43.08914750620376, -87.90384086081136];505 E CAPITOL DR
649;63080190;11/04/2006;10:29 PM;5.0;MOTOR VEHICLE THEFT;;;;[43.05908075504891, -87.90525506255422];2200 N HOLTON ST
650;63070109;11/03/2006;04:08 PM;5.0;MOTOR VEHICLE THEFT;;;;[43.07346100582839, -87.92256161757723];3015 N 9TH ST
651;63060047;11/02/2006;06:59 AM;5.0;MOTOR VEHICLE THEFT;;;;[43.06320883236194, -87.91254234967418];2450 N 2ND ST
652;63050011;11/01/2006;02:01 AM;5.0;MOTOR VEHICLE THEFT;;;;[43.0862328040281, -87.92873441439195];1411 W ATKINSON AV
653;63050078;11/01/2006;08:21 AM;7.0;MOTOR VEHICLE THEFT;;;;[43.08503417845811, -87.93219393972564];3712 N 17TH ST
654;63050134;11/01/2006;02:13 PM;5.0;MOTOR VEHICLE THEFT;;;;[43.08917557640967, -87.91560457708461];401 W CAPITOL DR
655;63300071;11/30/2006;12:40 PM;7.0;MOTOR VEHICLE THEFT;;;;[43.10165736663973, -87.97560913200395];4641 N 50TH ST
656;63340047;11/30/2006;08:57 AM;7.0;MOTOR VEHICLE THEFT;;;;[43.07445886372554, -87.93863959925535];3055 N 21ST ST
657;63340137;11/30/2006;05:18 PM;7.0;MOTOR VEHICLE THEFT;;;;[43.06919090438299, -87.94491221613296];2773 N 25TH ST
658;63330170;11/29/2006;06:01 PM;7.0;MOTOR VEHICLE THEFT;;;;[43.082609026120245, -87.96435141452709];4100 W KEEFE AV
659;63310024;11/27/2006;05:39 AM;7.0;MOTOR VEHICLE THEFT;;;;[43.10038867055226, -87.9670205809335];4567 N SHERMAN BL
660;63300039;11/26/2006;02:41 AM;7.0;MOTOR VEHICLE THEFT;;;;[43.10361380376828, -87.95957500363534];4747 N HOPKINS ST
661;63300085;11/26/2006;10:18 AM;7.0;MOTOR VEHICLE THEFT;;;;[43.101628480437384, -87.95870062014565];4638 N HOPKINS ST
662;63300120;11/26/2006;10:24 AM;7.0;MOTOR VEHICLE THEFT;;;;[43.097697115182655, -87.96400813200395];4425 N 41ST ST
663;63300126;11/26/2006;10:39 AM;7.0;MOTOR VEHICLE THEFT;;;;[43.08118188481737, -87.963132407958];3404 N 40TH ST
664;63300144;11/26/2006;12:57 PM;7.0;MOTOR VEHICLE THEFT;THEFT FROM MOTOR VEHICLE;;;[43.075217495672184, -87.97323111226845];4731 W BURLEIGH ST
665;63290019;11/25/2006;01:27 AM;7.0;MOTOR VEHICLE THEFT;;;;[43.08498916763807, -87.96221062089545];3729 N 39TH ST
666;63290078;11/25/2006;09:46 AM;7.0;MOTOR VEHICLE THEFT;;;;[43.06893383819033, -87.94613006650677];2747 N 26TH ST
667;63290089;11/25/2006;09:54 AM;7.0;MOTOR VEHICLE THEFT;;;;[43.07910749321932, -87.94555255536962];2524 W CONCORDIA AV
668;63290122;11/25/2006;02:27 PM;7.0;MOTOR VEHICLE THEFT;;;;[43.08136023980035, -87.96429444460172];3408 N 41ST ST
669;63280104;11/24/2006;01:34 PM;7.0;MOTOR VEHICLE THEFT;;;;[43.104602495672175, -87.98099441909515];5403 W HAMPTON AV
670;63270058;11/23/2006;08:45 AM;7.0;MOTOR VEHICLE THEFT;;;;[43.105248335276144, -87.98138059925536];4827 N 55TH ST
671;63270105;11/23/2006;01:37 PM;7.0;MOTOR VEHICLE THEFT;;;;[43.07260483236195, -87.97228538631792];2944 N 47TH ST
672;63260155;11/22/2006;05:17 PM;7.0;MOTOR VEHICLE THEFT;;;;[43.075719586733214, -87.96556063200394];3123 N 42ND ST
673;63260198;11/22/2006;09:31 PM;7.0;MOTOR VEHICLE THEFT;;;;[43.07805871717929, -87.96977494791994];3250 N 45TH ST
674;63250052;11/21/2006;08:38 AM;7.0;MOTOR VEHICLE THEFT;;;;[43.0743157543713, -87.93985812479058];3047 N 22ND ST
675;63240048;11/20/2006;07:12 AM;7.0;MOTOR VEHICLE THEFT;;;;[43.097561852357245, -87.98585283331423];5810 W FOND DU LAC AV
676;63240071;11/20/2006;09:21 AM;7.0;MOTOR VEHICLE THEFT;;;;[43.076950513994035, -87.94430052844942];2479 W AUER AV
677;63240077;11/20/2006;08:09 AM;3.0;MOTOR VEHICLE THEFT;;;;[43.06430339985492, -87.96816018226589];4344 W WRIGHT ST
678;63230087;11/19/2006;11:48 AM;7.0;MOTOR VEHICLE THEFT;;;;[43.10462252842076, -87.95884444463039];3629 W HAMPTON AV
679;63230173;11/19/2006;07:25 PM;7.0;MOTOR VEHICLE THEFT;;;;[43.080875329447736, -87.95954491185313];3380 N 37TH ST
680;63230187;11/19/2006;10:29 PM;5.0;MOTOR VEHICLE THEFT;;;;[43.073435505249805, -87.94721281637645];3000 N 27TH ST
681;63220049;11/18/2006;07:19 AM;7.0;MOTOR VEHICLE THEFT;;;;[43.10317305522538, -87.9593951712734];4727 N HOPKINS ST
682;63220088;11/18/2006;11:23 AM;7.0;MOTOR VEHICLE THEFT;;;;[43.08740941326678, -87.95834536078269];3866 N 36TH ST
683;63220159;11/18/2006;04:10 PM;7.0;MOTOR VEHICLE THEFT;;;;[43.086645136274456, -87.96210242627986];3828 N 39TH ST
684;63220212;11/18/2006;11:47 PM;7.0;MOTOR VEHICLE THEFT;;;;[43.07629907468706, -87.95905683772615];3627 W FOND DU LAC AV
685;63210025;11/17/2006;05:55 AM;7.0;MOTOR VEHICLE THEFT;;;;[43.09861480099832, -87.98054386078269];4460 N 54TH ST
686;63210195;11/17/2006;07:58 PM;7.0;MOTOR VEHICLE THEFT;;;;[43.076844502914184, -87.96745759925535];3175 N SHERMAN BL
687;63210200;11/17/2006;07:09 PM;7.0;MOTOR VEHICLE THEFT;;;;[43.1035514321369, -87.96662772312325];4742 N SHERMAN BL
688;63210218;11/17/2006;09:51 PM;7.0;MOTOR VEHICLE THEFT;;;;[43.08386294336099, -87.96873929866105];4409 W FOND DU LAC AV
689;63210240;11/17/2006;10:29 PM;7.0;MOTOR VEHICLE THEFT;;;;[43.089102838190314, -87.94353815032581];3951 N 24TH PL
690;63200051;11/16/2006;07:29 AM;7.0;MOTOR VEHICLE THEFT;;;;[43.10325958673323, -87.96153763200395];4729 N 39TH ST
691;63200080;11/16/2006;10:47 AM;7.0;MOTOR VEHICLE THEFT;;;;[43.075962586733226, -87.94976007372014];3129 N 29TH ST
692;63200120;11/16/2006;05:02 PM;7.0;MOTOR VEHICLE THEFT;;;;[43.0686171618097, -87.97114539353127];2730 N 46TH ST
693;63200158;11/16/2006;03:09 PM;7.0;MOTOR VEHICLE THEFT;;;;[43.075462631441255, -87.95725183624661];3112 N 35TH ST
694;63190052;11/15/2006;09:18 AM;7.0;MOTOR VEHICLE THEFT;;;;[43.07524746768412, -87.95868316763806];3600 W BURLEIGH ST
695;63180056;11/14/2006;08:28 AM;7.0;MOTOR VEHICLE THEFT;;;;[43.07643271842659, -87.94356315467277];3171 N 24TH PL
696;63190126;11/14/2006;08:52 AM;7.0;MOTOR VEHICLE THEFT;;;;[43.07064199417161, -87.94233338631791];2846 N 24TH ST
697;63170119;11/13/2006;12:14 PM;7.0;MOTOR VEHICLE THEFT;;;;[43.068907978607356, -87.97112494130336];2754 N 46TH ST
698;63160027;11/12/2006;02:46 AM;7.0;MOTOR VEHICLE THEFT;;;;[43.07840111518263, -87.96743959925536];3263 N SHERMAN BL
699;63160172;11/12/2006;07:17 PM;7.0;MOTOR VEHICLE THEFT;;;;[43.08373154593457, -87.98333133668977];3607 N 56TH ST
700;63140069;11/10/2006;10:05 AM;7.0;MOTOR VEHICLE THEFT;;;;[43.08685124562871, -87.96074386078269];3838 N 38TH ST
701;63130052;11/09/2006;07:26 AM;7.0;MOTOR VEHICLE THEFT;;;;[43.102926052455416, -87.95669288631792];4714 N 35TH ST
702;63130100;11/09/2006;04:24 PM;7.0;MOTOR VEHICLE THEFT;;;;[43.08206591756596, -87.95716394777665];3420 N 35TH ST
703;63130128;11/09/2006;02:18 PM;7.0;MOTOR VEHICLE THEFT;;;;[43.08205461226845, -87.9709400809335];3441 N 46TH ST
704;63120015;11/08/2006;01:49 AM;7.0;MOTOR VEHICLE THEFT;;;;[43.084745247276345, -87.94485863203141];2500 W NASH ST
705;63120021;11/08/2006;02:31 AM;7.0;MOTOR VEHICLE THEFT;;;;[43.07352333527612, -87.96213007703837];3009 N 39TH ST
706;63120157;11/08/2006;03:48 PM;7.0;MOTOR VEHICLE THEFT;;;;[43.07189383236195, -87.97356535688755];2914 N 48TH ST
707;63120158;11/08/2006;03:40 PM;7.0;MOTOR VEHICLE THEFT;;;;[43.07205541326678, -87.95970288963613];2924 N 37TH ST
708;63110092;11/07/2006;11:14 AM;7.0;MOTOR VEHICLE THEFT;;;;[43.09640882653355, -87.9580539190665];4348 N 36TH ST
709;63110108;11/07/2006;12:03 PM;7.0;MOTOR VEHICLE THEFT;;;;[43.099505884817376, -87.96675640348595];4500 N SHERMAN BL
710;63110143;11/07/2006;01:11 PM;7.0;MOTOR VEHICLE THEFT;;;;[43.09270275437129, -87.96412963200395];4149 N 41ST ST
711;63110151;11/07/2006;02:12 PM;7.0;MOTOR VEHICLE THEFT;;;;[43.07378386372554, -87.97110162479058];3015 N 46TH ST
712;63120002;11/07/2006;11:13 PM;7.0;MOTOR VEHICLE THEFT;;;;[43.078977838190326, -87.94969159925536];3295 N 29TH ST
713;63100007;11/06/2006;01:37 AM;7.0;MOTOR VEHICLE THEFT;;;;[43.0883691876047, -87.97261085985906];4719 W LEON TR
714;63100059;11/06/2006;10:06 AM;7.0;MOTOR VEHICLE THEFT;;;;[43.07445886372554, -87.93863959925535];3055 N 21ST ST
715;63100081;11/06/2006;10:41 AM;7.0;MOTOR VEHICLE THEFT;;;;[43.096078204830064, -87.95695901543633];4335 N 35TH ST
716;63100090;11/06/2006;02:29 PM;7.0;MOTOR VEHICLE THEFT;;;;[43.09944463214912, -87.97854321123535];5225 W LINCOLN CREEK DR
717;63100096;11/06/2006;11:32 AM;7.0;MOTOR VEHICLE THEFT;;;;[43.08705105315023, -87.95707387251548];3860 N 35TH ST
718;63100098;11/06/2006;03:28 PM;7.0;MOTOR VEHICLE THEFT;;;;[43.087831417710184, -87.97580527202932];3877 N 50TH ST
719;63100139;11/06/2006;12:36 PM;7.0;MOTOR VEHICLE THEFT;;;;[43.076069413266794, -87.95092239353127];3136 N 30TH ST
720;63100173;11/06/2006;05:13 PM;7.0;MOTOR VEHICLE THEFT;;;;[43.103957668330565, -87.97785353133494];4760 N 52ND ST
721;63100227;11/06/2006;06:07 PM;7.0;MOTOR VEHICLE THEFT;;;;[43.096078204830064, -87.95695901543633];4335 N 35 ST
722;63130130;11/06/2006;09:06 AM;7.0;MOTOR VEHICLE THEFT;;;;[43.075225507646046, -87.9661940029142];4222 W BURLEIGH ST
723;63090040;11/05/2006;05:14 AM;7.0;MOTOR VEHICLE THEFT;;;;[43.069302586733215, -87.96997013532217];2769 N 45TH ST
724;63090047;11/05/2006;06:42 AM;7.0;MOTOR VEHICLE THEFT;;;;[43.07271316763806, -87.97236162479058];2951 N 47TH ST
725;63090102;11/05/2006;12:21 PM;7.0;MOTOR VEHICLE THEFT;;;;[43.07151432561087, -87.93996809108661];2200 W LOCUST ST
726;63080071;11/04/2006;10:44 AM;7.0;MOTOR VEHICLE THEFT;;;;[43.07528249321934, -87.9733434970858];4720 W BURLEIGH ST
727;63080128;11/04/2006;03:09 PM;7.0;MOTOR VEHICLE THEFT;;;;[43.07714521604924, -87.96717383722016];3204 N SHERMAN BL
728;63080180;11/04/2006;09:29 PM;7.0;MOTOR VEHICLE THEFT;;;;[43.075719586733214, -87.96556063200394];3123 N 42ND ST
729;63060027;11/02/2006;03:21 AM;7.0;MOTOR VEHICLE THEFT;;;;[43.10426632944774, -87.98522589353128];4774 N 58TH ST
730;63060199;11/02/2006;07:54 PM;7.0;MOTOR VEHICLE THEFT;;;;[43.07189416763808, -87.95857760646872];2913 N 36TH ST
731;63050041;11/01/2006;08:12 AM;7.0;ALL OTHER LARCENY;MOTOR VEHICLE THEFT;;;[43.09987558673322, -87.95923910646873];4541 N 37TH ST
732;63050148;11/01/2006;04:26 PM;7.0;MOTOR VEHICLE THEFT;;;;[43.07516753952927, -87.95765227990651];3501 W BURLEIGH ST
733;63340019;11/30/2006;02:37 AM;6.0;MOTOR VEHICLE THEFT;;;;[43.01697315392065, -87.95558904319697];3332 W GREENFIELD AV
734;63330013;11/29/2006;02:13 AM;6.0;MOTOR VEHICLE THEFT;;;;[43.01878436081137, -87.95143344460172];1204 S 30TH ST
735;63330114;11/29/2006;01:56 PM;6.0;MOTOR VEHICLE THEFT;;;;[43.00718366472387, -87.94922641185313];2060 S 28TH ST
736;63330182;11/29/2006;06:31 PM;6.0;MOTOR VEHICLE THEFT;;;;[43.00743485789715, -87.95163594460172];2046 S 30TH ST
737;63340009;11/29/2006;11:49 PM;6.0;MOTOR VEHICLE THEFT;;;;[43.010157312712984, -87.93882426657771];1909 S 21ST ST
738;63320019;11/28/2006;02:23 AM;6.0;MOTOR VEHICLE THEFT;;;;[43.0216444205088, -87.9579015925616];3500 W NATIONAL AV
739;63320129;11/28/2006;01:32 PM;3.0;MOTOR VEHICLE THEFT;;;;[43.032789000000015, -87.94781884815417];207 N 27TH ST
740;63310013;11/27/2006;01:18 AM;6.0;MOTOR VEHICLE THEFT;;;;[43.01390750291421, -87.94223646234667];1608 S 23RD ST
741;63310084;11/27/2006;10:17 AM;6.0;MOTOR VEHICLE THEFT;;;;[43.016010504327845, -87.93968383236194];2100 W ORCHARD ST
742;63300052;11/26/2006;06:13 AM;6.0;MOTOR VEHICLE THEFT;;;;[42.98915713627446, -87.97403244460172];3046 S 48TH ST
743;63300070;11/26/2006;08:57 AM;6.0;MOTOR VEHICLE THEFT;;;;[43.00627883458364, -87.94246376216157];2113 S MUSKEGO AV
744;63300149;11/26/2006;12:37 PM;6.0;MOTOR VEHICLE THEFT;;;;[43.00902117346644, -87.9589690010096];1957 S 36TH ST
745;63300175;11/26/2006;05:32 PM;6.0;MOTOR VEHICLE THEFT;;;;[43.00134448600596, -87.94892308673322];2724 W HAYES AV
746;63290021;11/25/2006;02:36 AM;6.0;MOTOR VEHICLE THEFT;;;;[43.00474434444571, -87.9420857867848];2237 W GRANT ST
747;63280040;11/24/2006;05:35 AM;6.0;MOTOR VEHICLE THEFT;;;;[43.01884804939795, -87.95393976318553];1207 S 32ND ST
748;63270082;11/23/2006;11:27 AM;6.0;MOTOR VEHICLE THEFT;;;;[42.98858948831365, -87.94943116290527];2900 W OKLAHOMA AV
749;63260010;11/22/2006;01:54 AM;6.0;MOTOR VEHICLE THEFT;;;;[43.01956783236193, -87.94904591517137];1122 S 28TH ST
750;63260122;11/22/2006;02:53 PM;6.0;MOTOR VEHICLE THEFT;;;;[43.017072154046204, -87.94095015404619];2200 W GREENFIELD AV
751;63260171;11/22/2006;06:36 PM;6.0;MOTOR VEHICLE THEFT;;;;[42.98985450678068, -87.953481];3109 W MANITOBA ST
752;63250021;11/21/2006;05:19 AM;6.0;MOTOR VEHICLE THEFT;;;;[43.00760557507647, -87.96039348456367];2034 S 37TH ST
753;63250026;11/21/2006;06:59 AM;6.0;MOTOR VEHICLE THEFT;;;;[42.9890093444327, -87.96177212104071];3069 S 38TH ST
754;63250282;11/21/2006;07:44 PM;6.0;MOTOR VEHICLE THEFT;;;;[43.007760167638054, -87.95044759925536];2033 S 29TH ST
755;63240031;11/20/2006;05:23 AM;6.0;MOTOR VEHICLE THEFT;;;;[43.01768716763806, -87.94225909204201];1317 S 23RD ST
756;63240139;11/20/2006;02:09 PM;6.0;MOTOR VEHICLE THEFT;;;;[43.02383245715254, -87.95280278864908];3100 W PIERCE ST
757;63240190;11/20/2006;05:37 PM;6.0;MOTOR VEHICLE THEFT;;;;[43.01566300582837, -87.95152954818492];1509 S 30TH ST
758;63240223;11/20/2006;07:34 PM;6.0;MOTOR VEHICLE THEFT;;;;[43.01596746681873, -87.94527283236194];2507 W ORCHARD ST
759;63230064;11/19/2006;10:06 AM;6.0;MOTOR VEHICLE THEFT;;;;[43.0031304676841, -87.94233913627446];2236 W LINCOLN AV
760;63230067;11/19/2006;10:41 AM;6.0;MOTOR VEHICLE THEFT;;;;[43.011686630850114, -87.93855103883676];1736 S MUSKEGO AV
761;63230091;11/19/2006;11:44 AM;6.0;MOTOR VEHICLE THEFT;;;;[43.004826533181266, -87.94006158090484];2112 W GRANT ST
762;63230146;11/19/2006;03:02 PM;6.0;MOTOR VEHICLE THEFT;;;;[43.018604832361945, -87.94217545181507];1216 S 23RD ST #UPR
763;63220036;11/18/2006;04:27 AM;6.0;MOTOR VEHICLE THEFT;;;;[43.01746166472387, -87.94500861368208];1325 S 25TH ST
764;63210154;11/17/2006;04:31 PM;6.0;MOTOR VEHICLE THEFT;;;;[43.01746166472387, -87.94500861368208];1325 S 25TH ST
765;63200022;11/16/2006;02:29 AM;6.0;MOTOR VEHICLE THEFT;;;;[43.01870324183956, -87.94227171859421];1227 S 23RD ST
766;63200035;11/16/2006;05:41 AM;6.0;MOTOR VEHICLE THEFT;;;;[43.01413748124545, -87.93909033527612];2029 W LAPHAM ST
767;63190022;11/15/2006;03:36 AM;6.0;MOTOR VEHICLE THEFT;;;;[42.99068680264312, -87.96512591199738];4023 W FOREST HOME AV
768;63170144;11/13/2006;03:13 PM;6.0;MOTOR VEHICLE THEFT;;;;[43.031532286693576, -87.94021802225585];2300 W CANAL ST
769;63160078;11/12/2006;09:26 AM;6.0;MOTOR VEHICLE THEFT;;;;[43.003114513994035, -87.94969158090484];2809 W LINCOLN AV
770;63160084;11/12/2006;10:06 AM;6.0;MOTOR VEHICLE THEFT;;;;[43.02171747879262, -87.95660461809683];3400 W NATIONAL AV
771;63160188;11/12/2006;09:43 PM;2.0;MOTOR VEHICLE THEFT;;;;[43.00729123963365, -87.93542134840985];2055 S 18TH ST
772;63160002;11/11/2006;11:31 PM;6.0;MOTOR VEHICLE THEFT;;;;[43.03135846840618, -87.93513344445749];1721 W CANAL ST
773;63130062;11/09/2006;08:38 AM;6.0;MOTOR VEHICLE THEFT;;;;[43.00557355536961, -87.94509489353128];2152 S 25TH ST
774;63130078;11/09/2006;10:06 AM;6.0;MOTOR VEHICLE THEFT;;;;[43.01845233527612, -87.94494490074464];1224 S 25TH ST
775;63130164;11/09/2006;05:22 PM;6.0;MOTOR VEHICLE THEFT;;;;[43.02262954284748, -87.94016239924409];2127 W NATIONAL AV
776;63120123;11/08/2006;04:06 PM;6.0;MOTOR VEHICLE THEFT;;;;[43.02185952452562, -87.95326879808414];3127 W NATIONAL AV
777;63120219;11/08/2006;08:53 PM;6.0;MOTOR VEHICLE THEFT;;;;[43.00446848563973, -87.94092063425984];2212 S 22ND ST
778;63110045;11/07/2006;07:40 AM;6.0;MOTOR VEHICLE THEFT;;;;[43.02240202553523, -87.95882588631792];806 S 36TH ST
779;63110073;11/07/2006;09:52 AM;6.0;MOTOR VEHICLE THEFT;;;;[43.01696754674262, -87.94116];2205 W GREENFIELD AV
780;63090101;11/05/2006;11:00 AM;6.0;MOTOR VEHICLE THEFT;;;;[43.00957724562872, -87.95276341185313];1932 S 31ST ST
781;63080085;11/04/2006;12:39 PM;6.0;MOTOR VEHICLE THEFT;;;;[43.01897247879261, -87.96144149999999];3744 W SCOTT ST
782;63070107;11/03/2006;02:00 PM;6.0;MOTOR VEHICLE THEFT;;;;[43.016010504327845, -87.93980083236194];2106 W ORCHARD ST
783;63070186;11/03/2006;09:44 PM;6.0;MOTOR VEHICLE THEFT;;;;[43.019603916180984, -87.95508489353128];1116 S 33RD ST
784;63060126;11/02/2006;04:55 PM;6.0;MOTOR VEHICLE THEFT;;;;[43.01900945325738, -87.95693233236193];3414 W SCOTT ST
785;63050018;11/01/2006;03:45 AM;6.0;MOTOR VEHICLE THEFT;;;;[42.988375897630036, -87.95066519443658];3107 S 29TH ST
786;63050119;11/01/2006;01:55 PM;6.0;MOTOR VEHICLE THEFT;;;;[43.019941146813814, -87.93950340571742];1113 S 21ST ST
787;63330118;11/29/2006;03:50 PM;4.0;MOTOR VEHICLE THEFT;;;;[43.181780263573906, -88.00455034665231];8875 N 76TH ST
788;63310112;11/27/2006;11:03 AM;4.0;MOTOR VEHICLE THEFT;;;;[43.15653986955394, -88.00664057040191];7621 N 78TH ST #1
789;63300010;11/26/2006;12:03 AM;4.0;MOTOR VEHICLE THEFT;;;;[43.179483498436824, -88.03133633061766];9630 W BEATRICE ST
790;63300013;11/26/2006;12:29 AM;4.0;MOTOR VEHICLE THEFT;;;;[43.1843948398351, -88.01563338360528];8517 W FAIRY CHASM DR
791;63300135;11/26/2006;10:47 AM;4.0;MOTOR VEHICLE THEFT;;;;[43.18168406771887, -88.0330162288074];8962 N 97TH ST
792;63290028;11/25/2006;03:12 AM;4.0;MOTOR VEHICLE THEFT;;;;[43.11435541326679, -87.97510160646873];5321 N 50TH ST
793;63290088;11/25/2006;09:43 AM;4.0;MOTOR VEHICLE THEFT;;;;[43.1793822272163, -88.03218839350106];9727 W BEATRICE ST #4
794;63270111;11/23/2006;02:34 PM;4.0;MOTOR VEHICLE THEFT;;;;[43.13475, -87.9951216719659];6431 N 67TH ST
795;63260006;11/22/2006;01:36 AM;4.0;MOTOR VEHICLE THEFT;;;;[43.162259590721355, -88.02894463344542];7953 N 94TH ST
796;63260141;11/22/2006;04:43 PM;4.0;MOTOR VEHICLE THEFT;;;;[43.13694042576028, -88.00556237621996];6550 N 76TH ST
797;63260183;11/22/2006;08:57 PM;4.0;MOTOR VEHICLE THEFT;;;;[43.137733933406324, -87.99941356232318];6601 N LANDERS ST
798;63250159;11/21/2006;07:44 AM;4.0;MOTOR VEHICLE THEFT;;;;[43.17762014650574, -87.99568883412351];6841 W BROWN DEER RD
799;63250237;11/21/2006;04:15 PM;4.0;MOTOR VEHICLE THEFT;;;;[43.13503948600598, -87.99952041618097];7026 W BRENTWOOD AV
800;63240005;11/20/2006;12:28 AM;4.0;MOTOR VEHICLE THEFT;;;;[43.12496842492354, -87.9872311392173];5903 N 61ST ST
801;63240224;11/20/2006;07:06 PM;4.0;MOTOR VEHICLE THEFT;;;;[43.1281074532574, -87.98981366472387];6310 W KAUL AV
802;63230030;11/19/2006;03:44 AM;4.0;MOTOR VEHICLE THEFT;;;;[43.12222091035258, -87.98595489353127];5734 N 60TH ST
803;63220016;11/18/2006;01:22 AM;4.0;MOTOR VEHICLE THEFT;;;;[43.11733355562943, -87.96552287768998];5477 N HOPKINS ST
804;63220070;11/18/2006;09:02 AM;4.0;MOTOR VEHICLE THEFT;;;;[43.18353185648352, -88.03024606440064];9591 W ALLYN ST #104
805;63220170;11/18/2006;07:03 PM;4.0;MOTOR VEHICLE THEFT;;;;[43.18676596586643, -88.00442866503913];9301 N 76TH ST
806;63200090;11/16/2006;10:49 AM;4.0;MOTOR VEHICLE THEFT;;;;[43.14083400000001, -88.0250648280341];6758 N 91ST ST
807;63200225;11/16/2006;09:01 PM;4.0;MOTOR VEHICLE THEFT;;;;[43.175293622138334, -88.0104263508801];8700 N SERVITE DR
808;63190081;11/15/2006;10:27 AM;4.0;MOTOR VEHICLE THEFT;;;;[43.167717862911246, -88.04451673143706];8253 N 107TH ST
809;63190131;11/15/2006;04:07 PM;4.0;MOTOR VEHICLE THEFT;;;;[43.12622654954123, -87.98940286799605];5962 N 63RD ST
810;63190139;11/15/2006;04:28 PM;4.0;MOTOR VEHICLE THEFT;;;;[43.17109376002947, -88.04241802108916];10545 W DONNA DR
811;63180022;11/14/2006;03:16 AM;4.0;MOTOR VEHICLE THEFT;;;;[43.17169948514061, -88.00583244503441];7603 W DONNA CT
812;63160171;11/12/2006;03:30 PM;4.0;MOTOR VEHICLE THEFT;;;;[43.13851283819031, -87.98076916085739];6645 N 55TH ST
813;63160207;11/11/2006;10:36 PM;4.0;MOTOR VEHICLE THEFT;;;;[43.159142821089816, -88.03548570331786];7733 N MARINERS ST
814;63140018;11/10/2006;02:45 AM;4.0;MOTOR VEHICLE THEFT;;;;[43.17979173680798, -88.03060229444445];8910 N MICHELE ST
815;63140050;11/10/2006;09:52 AM;4.0;MOTOR VEHICLE THEFT;;;;[43.17077272193983, -88.00661495807614];8430 N SERVITE DR
816;63120107;11/08/2006;12:10 PM;4.0;MOTOR VEHICLE THEFT;;;;[43.16512146549107, -88.00448334794342];8086 N 76TH ST
817;63120108;11/08/2006;12:10 PM;4.0;MOTOR VEHICLE THEFT;;;;[43.16512146549107, -88.00448334794342];8086 N 76TH ST #1
818;63110052;11/07/2006;08:27 AM;4.0;MOTOR VEHICLE THEFT;;;;[43.148424537798505, -87.98356138343239];5701 W GOOD HOPE RD
819;63110053;11/07/2006;08:27 AM;4.0;MOTOR VEHICLE THEFT;;;;[43.148424537798505, -87.98356138343239];5701 W GOOD HOPE RD
820;63110208;11/07/2006;07:48 PM;4.0;MOTOR VEHICLE THEFT;;;;[43.152101727451075, -88.00535813258087];7377 N 76TH ST
821;63090051;11/05/2006;09:11 AM;4.0;MOTOR VEHICLE THEFT;;;;[43.11467983236193, -87.96883388631792];5338 N 45TH ST
822;63090156;11/05/2006;05:00 PM;4.0;MOTOR VEHICLE THEFT;;;;[43.13408349708581, -87.98450637131427];6402 N 58TH ST
823;63080051;11/04/2006;08:11 AM;4.0;MOTOR VEHICLE THEFT;;;;[43.12098036663974, -87.9848900809335];5675 N 58TH ST
824;63080062;11/04/2006;10:02 AM;4.0;MOTOR VEHICLE THEFT;;;;[43.127987316917235, -87.98963546235925];6311 W KAUL AV
825;63060210;11/02/2006;09:38 PM;4.0;MOTOR VEHICLE THEFT;;;;[43.15329045045877, -88.02422059925536];7449 N 90TH ST
826;63050137;11/01/2006;03:33 PM;4.0;MOTOR VEHICLE THEFT;;;;[43.14878352264971, -88.01982097446478];8618 W GOOD HOPE RD
827;63050215;11/01/2006;09:56 PM;4.0;MOTOR VEHICLE THEFT;;;;[43.17296046015362, -88.04288656714195];10531 W WABASH AV
