Incident Number;Date;Time;Police District;Offense 1;Offense 2;Offense 3;Location
150310032;01/31/2015;09:10 AM;7.0;MOTOR VEHICLE THEFT;;;[43.11009438305041, -87.93795978781316]
150310059;01/31/2015;12:37 PM;7.0;MOTOR VEHICLE THEFT;;;[43.10953822790799, -87.96358142524178]
150300044;01/30/2015;09:01 AM;7.0;MOTOR VEHICLE THEFT;;;[43.105253731775406, -87.94286695384608]
150300111;01/30/2015;07:33 PM;7.0;MOTOR VEHICLE THEFT;;;[43.10839663389862, -87.94865534037086]
150310007;01/30/2015;11:42 PM;7.0;MOTOR VEHICLE THEFT;;;[43.10449237562375, -87.93141233301196]
150290077;01/29/2015;01:03 PM;7.0;MOTOR VEHICLE THEFT;;;[43.10991858807347, -87.96374160079347]
150290079;01/29/2015;01:09 PM;7.0;MOTOR VEHICLE THEFT;;;[43.104635799503626, -87.94668666145947]
150290085;01/29/2015;02:06 PM;7.0;THEFT FROM MOTOR VEHICLE;;;[43.105574581103156, -87.9341052728393]
150290159;01/29/2015;10:41 PM;4.0;THEFT OF MOTOR VEHICLE PARTS/ACCESSORIES;;;[43.13035606917833, -87.95845059421879]
150280037;01/28/2015;09:50 AM;4.0;MOTOR VEHICLE THEFT;;;[43.125910964020875, -87.95606732154886]
150280090;01/28/2015;06:36 PM;7.0;MOTOR VEHICLE THEFT;;;[43.10221551073835, -87.93539606347679]
150280094;01/28/2015;06:53 PM;4.0;MOTOR VEHICLE THEFT;;;[43.11789132172822, -87.95058007391049]
150280136;01/28/2015;07:51 PM;5.0;MOTOR VEHICLE THEFT;;;[43.09891533067906, -87.94083282677275]
150270104;01/27/2015;11:54 AM;7.0;MOTOR VEHICLE THEFT;;;[43.10527045646751, -87.97889313131219]
150270156;01/27/2015;10:11 PM;7.0;THEFT FROM MOTOR VEHICLE;;;[43.10823182593913, -87.95198219432206]
150260029;01/26/2015;08:53 AM;4.0;THEFT OF MOTOR VEHICLE PARTS/ACCESSORIES;;;[43.11695533791959, -87.95757197996215]
150260098;01/26/2015;03:41 PM;4.0;MOTOR VEHICLE THEFT;;;[43.114486538823826, -87.95020832835093]
150260133;01/26/2015;08:47 PM;5.0;THEFT OF MOTOR VEHICLE PARTS/ACCESSORIES;;;[43.09085504982181, -87.94090282550422]
150250026;01/25/2015;05:08 AM;4.0;MOTOR VEHICLE THEFT;;;[43.11263940688423, -87.95006853053746]
150250053;01/25/2015;11:22 AM;7.0;MOTOR VEHICLE THEFT;;;[43.11093359620958, -87.93446724546624]
150250072;01/25/2015;02:06 PM;4.0;MOTOR VEHICLE THEFT;;;[43.11490203909892, -87.9339713943636]
150250073;01/25/2015;01:13 PM;7.0;MOTOR VEHICLE THEFT;;;[43.03972542049286, -87.93670086195442]
150240013;01/24/2015;01:50 AM;7.0;MOTOR VEHICLE THEFT;;;[43.10470748086664, -87.94672515783901]
150250004;01/24/2015;11:55 PM;7.0;MOTOR VEHICLE THEFT;;;[43.10741850875826, -87.93798557047694]
150230117;01/23/2015;07:48 PM;7.0;MOTOR VEHICLE THEFT;;;[43.105909350137495, -87.96272433985564]
150220010;01/22/2015;03:59 AM;5.0;MOTOR VEHICLE THEFT;;;[43.091434400278445, -87.9418904285996]
150220011;01/22/2015;04:32 AM;5.0;THEFT FROM MOTOR VEHICLE;;;[43.090900328888154, -87.94190719286189]
150220074;01/22/2015;05:49 PM;5.0;THEFT FROM BUILDING;;;[43.09930653666845, -87.9370260163368]
150210019;01/21/2015;06:09 AM;4.0;THEFT OF MOTOR VEHICLE PARTS/ACCESSORIES;;;[43.147731817370584, -87.96728202844207]
150210042;01/21/2015;07:48 AM;7.0;MOTOR VEHICLE THEFT;;;[43.10683980761212, -87.95901887581971]
150210057;01/21/2015;11:28 AM;4.0;MOTOR VEHICLE THEFT;;;[43.12757734302107, -87.95978628081144]
150210064;01/21/2015;11:14 AM;5.0;THEFT OF MOTOR VEHICLE PARTS/ACCESSORIES;;;[43.09321801939717, -87.9318835283014]
150210068;01/21/2015;12:15 PM;7.0;MOTOR VEHICLE THEFT;;;[43.10668523393747, -87.95281398717498]
150210094;01/21/2015;03:01 PM;5.0;THEFT FROM BUILDING;;;[43.09307623408205, -87.92812798192006]
150200019;01/20/2015;08:47 AM;4.0;MOTOR VEHICLE THEFT;;;[43.11794312897331, -87.95747493771745]
150200083;01/20/2015;03:41 PM;4.0;MOTOR VEHICLE THEFT;;;[43.12041228689861, -87.96624160456565]
150190145;01/19/2015;07:25 PM;4.0;THEFT FROM MOTOR VEHICLE;;;[43.119260250860975, -87.95634902518657]
150180085;01/18/2015;02:46 PM;4.0;MOTOR VEHICLE THEFT;;;[43.129867364988, -87.95839136486882]
150170089;01/17/2015;05:47 PM;7.0;MOTOR VEHICLE THEFT;;;[43.10942327656409, -87.96656934270021]
150160028;01/16/2015;07:59 AM;7.0;MOTOR VEHICLE THEFT;;;[43.10504125615017, -87.93527575217342]
150160032;01/16/2015;09:12 AM;4.0;MOTOR VEHICLE THEFT;;;[43.14288091832083, -87.95880890120907]
150160082;01/16/2015;03:03 PM;4.0;MOTOR VEHICLE THEFT;;;[43.14870465989321, -87.96381907828709]
150150008;01/15/2015;01:13 AM;4.0;THEFT FROM BUILDING;;;[43.14258865214566, -87.95673617613284]
150150023;01/15/2015;07:18 AM;5.0;THEFT OF MOTOR VEHICLE PARTS/ACCESSORIES;;;[43.09574536166019, -87.93050431542105]
150150034;01/15/2015;09:32 AM;5.0;MOTOR VEHICLE THEFT;;;[43.09072948557838, -87.93313324869968]
150150042;01/15/2015;10:48 AM;5.0;THEFT OF MOTOR VEHICLE PARTS/ACCESSORIES;;;[43.09626521027235, -87.93191155567297]
150150077;01/15/2015;02:45 PM;5.0;THEFT FROM MOTOR VEHICLE;;;[43.09640584805254, -87.93183640112824]
150150125;01/15/2015;08:30 PM;4.0;THEFT FROM BUILDING;;;[43.11387076402565, -87.95015882067224]
150140016;01/14/2015;04:39 AM;7.0;MOTOR VEHICLE THEFT;;;[43.10573402730461, -87.94530877777709]
150140105;01/14/2015;06:20 PM;4.0;THEFT FROM MOTOR VEHICLE;;;[43.160230408107964, -87.94715669752281]
150140115;01/14/2015;06:18 PM;4.0;THEFT FROM BUILDING;;;[43.13495083411482, -87.96587514522099]
150130021;01/13/2015;08:23 AM;5.0;THEFT OF MOTOR VEHICLE PARTS/ACCESSORIES;;;[43.090208115313374, -87.94084061490167]
150130037;01/13/2015;10:08 AM;4.0;THEFT FROM MOTOR VEHICLE;THEFT OF MOTOR VEHICLE PARTS/ACCESSORIES;;[43.12087094473941, -87.95866617969966]
150130046;01/13/2015;11:17 AM;5.0;THEFT FROM MOTOR VEHICLE;;;[43.09340957319432, -87.928188300349]
150130104;01/13/2015;05:56 PM;7.0;THEFT FROM BUILDING;;;[43.10942327656409, -87.96656934270021]
150120047;01/12/2015;10:17 AM;7.0;MOTOR VEHICLE THEFT;;;[43.111857888831594, -87.95557085351129]
150120069;01/12/2015;12:13 PM;4.0;MOTOR VEHICLE THEFT;;;[43.133117741491674, -87.97247833640535]
150110064;01/11/2015;10:25 PM;5.0;THEFT FROM MOTOR VEHICLE;;;[43.090511869428326, -87.94343791362803]
150100039;01/10/2015;12:27 PM;5.0;MOTOR VEHICLE THEFT;;;[43.09062374509085, -87.92582845232045]
150090027;01/09/2015;08:54 AM;5.0;THEFT OF MOTOR VEHICLE PARTS/ACCESSORIES;;;[43.090511869428326, -87.94343791362803]
150080032;01/08/2015;12:43 PM;5.0;MOTOR VEHICLE THEFT;;;[43.09141015275742, -87.92941590372021]
150080077;01/08/2015;08:17 PM;7.0;MOTOR VEHICLE THEFT;;;[43.10984793733354, -87.93908991636579]
150070063;01/07/2015;02:29 PM;5.0;THEFT FROM MOTOR VEHICLE;;;[43.10199380896819, -87.94322871962896]
150070077;01/07/2015;04:59 PM;5.0;THEFT OF MOTOR VEHICLE PARTS/ACCESSORIES;;;[43.08978225754623, -87.94100807586125]
150060044;01/06/2015;01:36 PM;7.0;THEFT FROM MOTOR VEHICLE;;;[43.10719202079622, -87.94275066700891]
150060098;01/06/2015;01:38 PM;5.0;MOTOR VEHICLE THEFT;;;[43.094526756905395, -87.94688740363]
150050069;01/05/2015;03:18 PM;5.0;THEFT OF MOTOR VEHICLE PARTS/ACCESSORIES;;;[43.09379162048799, -87.9433697099434]
150040049;01/04/2015;12:29 PM;7.0;MOTOR VEHICLE THEFT;;;[43.104688293830804, -87.96514208264023]
150030036;01/03/2015;07:39 AM;7.0;MOTOR VEHICLE THEFT;;;[43.10511594124881, -87.95898778175996]
150030053;01/03/2015;12:04 PM;4.0;THEFT FROM MOTOR VEHICLE;;;[43.119260250860975, -87.95634902518657]
150030061;01/03/2015;01:39 PM;4.0;MOTOR VEHICLE THEFT;;;[43.11194764656773, -87.96257145330912]
150020045;01/02/2015;09:26 AM;5.0;THEFT FROM MOTOR VEHICLE;;;[43.091429125754644, -87.9434185152515]
150020112;01/02/2015;03:21 PM;7.0;THEFT FROM BUILDING;;;[43.10550915722291, -87.97342285478015]
150010066;01/01/2015;09:39 AM;7.0;MOTOR VEHICLE THEFT;;;[43.10638354376664, -87.95933203414529]
150010121;01/01/2015;04:40 PM;4.0;THEFT OF MOTOR VEHICLE PARTS/ACCESSORIES;;;[43.11562009109542, -87.9636426232077]
150300034;01/30/2015;07:27 AM;3.0;MOTOR VEHICLE THEFT;;;[43.0439536730247, -87.97097538850261]
150290010;01/29/2015;01:06 AM;7.0;MOTOR VEHICLE THEFT;;;[43.07537120811588, -87.98316258628358]
150290054;01/29/2015;10:14 AM;7.0;MOTOR VEHICLE THEFT;;;[43.068139135413844, -87.97620121940997]
150290067;01/29/2015;12:04 PM;7.0;THEFT FROM MOTOR VEHICLE;THEFT OF MOTOR VEHICLE PARTS/ACCESSORIES;;[43.07254360740268, -87.97608117880259]
150290068;01/29/2015;12:11 PM;7.0;THEFT OF MOTOR VEHICLE PARTS/ACCESSORIES;;;[43.08192118641472, -87.98725093308332]
150290087;01/29/2015;02:32 PM;7.0;MOTOR VEHICLE THEFT;;;[43.07185874758426, -87.9797622019633]
150280053;01/28/2015;12:05 PM;7.0;MOTOR VEHICLE THEFT;;;[43.07119296328574, -87.98419948032097]
150280110;01/28/2015;06:14 PM;7.0;THEFT OF MOTOR VEHICLE PARTS/ACCESSORIES;;;[43.07213593752459, -87.99869830088511]
150280159;01/28/2015;09:55 PM;3.0;THEFT FROM BUILDING;;;[43.03204195737152, -87.99643653201957]
150280015;01/27/2015;10:04 PM;3.0;MOTOR VEHICLE THEFT;;;[43.03996238915403, -87.98351457283849]
150240063;01/24/2015;10:15 AM;3.0;THEFT FROM MOTOR VEHICLE;;;[43.033665403636576, -88.00603785786006]
143520009;01/23/2015;04:27 AM;7.0;THEFT FROM BUILDING;;;[43.07415651451265, -87.98204829749017]
150220027;01/22/2015;10:40 AM;7.0;THEFT OF MOTOR VEHICLE PARTS/ACCESSORIES;;;[43.08523260799956, -88.0071649727845]
150220036;01/22/2015;11:11 AM;3.0;THEFT FROM BUILDING;;;[43.04115941557569, -87.98276536922566]
150220064;01/22/2015;03:12 PM;7.0;THEFT OF MOTOR VEHICLE PARTS/ACCESSORIES;;;[43.07191027873745, -87.98826858252829]
150210077;01/21/2015;12:19 PM;7.0;THEFT OF MOTOR VEHICLE PARTS/ACCESSORIES;;;[43.06841692520203, -87.985587404934]
150210096;01/21/2015;03:13 PM;7.0;MOTOR VEHICLE THEFT;;;[43.0711964427627, -87.98210149868441]
150210109;01/21/2015;03:21 PM;3.0;THEFT FROM BUILDING;;;[43.034969533917945, -87.9627438740298]
150200024;01/20/2015;08:56 AM;3.0;THEFT FROM MOTOR VEHICLE;;;[43.05302339521461, -87.9765336708914]
150200111;01/20/2015;05:05 PM;7.0;MOTOR VEHICLE THEFT;;;[43.08669668900211, -87.9946564975985]
150200143;01/20/2015;08:06 PM;7.0;THEFT FROM BUILDING;;;[43.07490406427223, -88.00048590310115]
150190072;01/19/2015;01:45 PM;3.0;MOTOR VEHICLE THEFT;;;[43.068004918793065, -87.98438966804798]
150190101;01/19/2015;04:12 PM;3.0;MOTOR VEHICLE THEFT;;;[43.033838828899945, -87.9601084161697]
150160099;01/16/2015;11:58 AM;3.0;MOTOR VEHICLE THEFT;;;[43.03369353353082, -87.95789029320167]
150150027;01/15/2015;07:49 AM;3.0;THEFT OF MOTOR VEHICLE PARTS/ACCESSORIES;;;[43.034563308351096, -87.96397635262582]
150150059;01/15/2015;12:53 PM;3.0;THEFT OF MOTOR VEHICLE PARTS/ACCESSORIES;;;[43.03132432895569, -87.99391339048981]
150150073;01/15/2015;02:31 PM;3.0;THEFT FROM MOTOR VEHICLE;;;[43.06518650105727, -87.98751877007442]
150140031;01/14/2015;08:33 AM;7.0;MOTOR VEHICLE THEFT;;;[43.089022636186826, -87.99945443287498]
150140046;01/14/2015;10:01 AM;3.0;THEFT FROM MOTOR VEHICLE;;;[43.06804477404819, -87.98897941117013]
150140070;01/14/2015;02:07 PM;3.0;THEFT FROM BUILDING;;;[43.06377347816459, -87.97907773065197]
150150001;01/14/2015;11:25 PM;7.0;THEFT FROM MOTOR VEHICLE;;;[43.074417268443256, -87.99310278746287]
150130048;01/13/2015;11:37 AM;3.0;THEFT OF MOTOR VEHICLE PARTS/ACCESSORIES;;;[43.0459558238033, -87.97150163758971]
150090052;01/09/2015;01:56 PM;7.0;THEFT OF MOTOR VEHICLE PARTS/ACCESSORIES;;;[43.06840680243306, -87.98549797275246]
150070039;01/07/2015;11:26 AM;7.0;MOTOR VEHICLE THEFT;;;[43.08192118641472, -87.98725093308332]
150060015;01/06/2015;07:55 AM;7.0;THEFT FROM MOTOR VEHICLE;;;[43.06747293382995, -87.98974771368529]
150060022;01/06/2015;09:52 AM;3.0;THEFT OF MOTOR VEHICLE PARTS/ACCESSORIES;;;[43.05638567975643, -87.98088892388398]
150060054;01/06/2015;02:38 PM;3.0;THEFT OF MOTOR VEHICLE PARTS/ACCESSORIES;;;[43.03526405649211, -87.96410630735943]
150060064;01/06/2015;03:15 PM;7.0;THEFT FROM MOTOR VEHICLE;;;[43.08988296183031, -87.99978550119914]
150060125;01/06/2015;09:49 PM;7.0;MOTOR VEHICLE THEFT;;;[43.081382361208114, -87.99707018534002]
150050071;01/05/2015;03:22 PM;7.0;MOTOR VEHICLE THEFT;;;[43.07866676116322, -87.97965717913473]
150050111;01/05/2015;06:29 PM;3.0;THEFT FROM BUILDING;;;[43.03589993833259, -88.014331721431]
150050126;01/05/2015;11:37 PM;3.0;THEFT FROM BUILDING;;;[43.03665594261878, -87.98119233715585]
150030041;01/03/2015;09:32 AM;3.0;THEFT FROM MOTOR VEHICLE;;;[43.06678350005956, -87.98095968254256]
150030085;01/03/2015;02:51 PM;3.0;THEFT FROM BUILDING;;;[43.03060286313274, -88.00979355712616]
150020089;01/02/2015;02:54 PM;7.0;MOTOR VEHICLE THEFT;;;[43.07621918157105, -87.97853076927879]
150010125;01/01/2015;04:58 PM;7.0;MOTOR VEHICLE THEFT;;;[43.07348019015973, -87.97629857012214]
150310029;01/31/2015;04:32 AM;2.0;MOTOR VEHICLE THEFT;;;[43.00305610455666, -87.9582644012803]
150310046;01/31/2015;10:51 AM;6.0;THEFT FROM BUILDING;;;[42.988296219795814, -87.99337052552858]
150310122;01/31/2015;09:18 PM;6.0;THEFT OF MOTOR VEHICLE PARTS/ACCESSORIES;;;[42.98475508168275, -87.981844551584]
150290014;01/29/2015;12:25 AM;2.0;MOTOR VEHICLE THEFT;;;[43.00430856878654, -87.95901104542264]
150290025;01/29/2015;03:56 AM;6.0;MOTOR VEHICLE THEFT;;;[42.97432252866287, -88.01784621712847]
150290060;01/29/2015;11:20 AM;6.0;MOTOR VEHICLE THEFT;;;[42.975338642965085, -87.95368351737966]
150280054;01/28/2015;12:15 PM;6.0;THEFT FROM BUILDING;;;[42.98813396501157, -88.02339947680366]
150270030;01/27/2015;08:26 AM;6.0;MOTOR VEHICLE THEFT;;;[42.96800160319253, -87.97821550564032]
150270069;01/27/2015;12:43 PM;6.0;THEFT FROM MOTOR VEHICLE;;;[42.983855242526545, -87.94813905307404]
150260068;01/26/2015;12:02 PM;6.0;THEFT FROM MOTOR VEHICLE;;;[42.98852005565715, -87.97906564376365]
150250077;01/25/2015;02:37 PM;6.0;THEFT FROM BUILDING;;;[42.99685972169988, -87.99746940788611]
150250124;01/25/2015;09:00 PM;6.0;MOTOR VEHICLE THEFT;;;[42.98462383911999, -87.94844223162289]
150240080;01/24/2015;11:41 AM;6.0;THEFT FROM BUILDING;;;[42.97505318195988, -88.00920739070773]
150190023;01/19/2015;05:57 AM;6.0;MOTOR VEHICLE THEFT;;;[42.9834416146399, -87.94222461307464]
150190035;01/19/2015;09:15 AM;6.0;THEFT FROM MOTOR VEHICLE;;;[42.98333845071005, -87.94461903374065]
150190041;01/19/2015;08:52 AM;6.0;MOTOR VEHICLE THEFT;;;[42.98398092637973, -87.94373788789244]
150190113;01/19/2015;05:09 PM;6.0;THEFT FROM MOTOR VEHICLE;;;[42.984450065818976, -87.97569703159195]
150160039;01/16/2015;09:45 AM;6.0;THEFT FROM MOTOR VEHICLE;;;[42.97388001455215, -87.99469811282688]
150160097;01/16/2015;04:50 PM;6.0;MOTOR VEHICLE THEFT;;;[42.98842149535682, -87.95954733993699]
150150066;01/15/2015;12:56 PM;6.0;THEFT FROM BUILDING;;;[42.98462383911999, -87.94844223162289]
150130020;01/13/2015;08:17 AM;6.0;THEFT FROM MOTOR VEHICLE;;;[42.989473076222566, -87.9802581304076]
150120078;01/12/2015;02:12 PM;6.0;THEFT FROM BUILDING;;;[42.98462383911999, -87.94844223162289]
150080076;01/08/2015;06:10 PM;6.0;MOTOR VEHICLE THEFT;;;[42.96806934372631, -87.97828724995583]
150070072;01/06/2015;04:54 PM;6.0;THEFT FROM BUILDING;;;[42.993589728284405, -87.98064475614979]
150050058;01/05/2015;02:12 PM;6.0;THEFT OF MOTOR VEHICLE PARTS/ACCESSORIES;;;[42.97376595173836, -88.01826933376196]
150050115;01/05/2015;09:45 PM;6.0;THEFT FROM MOTOR VEHICLE;;;[42.977353420225256, -88.00609661956258]
150020136;01/02/2015;08:02 PM;6.0;MOTOR VEHICLE THEFT;;;[42.98291901140436, -87.94343319218729]
150310042;01/31/2015;10:19 AM;2.0;MOTOR VEHICLE THEFT;;;[43.044612034319016, -87.92711053752049]
150310044;01/31/2015;11:03 AM;2.0;MOTOR VEHICLE THEFT;;;[43.022216268666966, -87.93199161062358]
150310051;01/31/2015;11:39 AM;2.0;THEFT FROM MOTOR VEHICLE;;;[43.017896906717965, -87.93940964154098]
150300070;01/30/2015;12:45 PM;3.0;THEFT FROM BUILDING;;;[43.03135125375843, -87.91690759580814]
150300099;01/30/2015;06:30 PM;2.0;THEFT FROM BUILDING;;;[43.022911509359744, -87.93580460299927]
150300123;01/30/2015;08:36 PM;2.0;THEFT OF MOTOR VEHICLE PARTS/ACCESSORIES;;;[43.017019718786116, -87.91861389121732]
150290081;01/29/2015;12:09 PM;2.0;THEFT FROM BUILDING;;;[43.008021900991025, -87.92967695622576]
150290086;01/29/2015;02:06 PM;2.0;THEFT OF MOTOR VEHICLE PARTS/ACCESSORIES;;;[43.015172139883475, -87.92793501438865]
150290092;01/29/2015;02:59 PM;2.0;MOTOR VEHICLE THEFT;;;[43.015335219346014, -87.92402173501426]
150280039;01/28/2015;10:40 AM;2.0;THEFT OF MOTOR VEHICLE PARTS/ACCESSORIES;;;[43.01168246097791, -87.91391096841568]
150280041;01/28/2015;10:51 AM;2.0;MOTOR VEHICLE THEFT;;;[43.01488842086502, -87.93073474151436]
150280064;01/28/2015;12:23 PM;2.0;MOTOR VEHICLE THEFT;;;[43.024275318652144, -87.93133359646754]
150280135;01/28/2015;08:33 PM;2.0;MOTOR VEHICLE THEFT;;;[43.01403863077928, -87.93425710807833]
150290007;01/28/2015;11:30 PM;2.0;MOTOR VEHICLE THEFT;;;[43.01008129271861, -87.92561807931014]
150270024;01/27/2015;07:43 AM;2.0;THEFT OF MOTOR VEHICLE PARTS/ACCESSORIES;;;[43.00019325581519, -87.91887625043785]
150260042;01/26/2015;10:21 AM;2.0;MOTOR VEHICLE THEFT;;;[43.01230046069878, -87.9113313440655]
150250044;01/25/2015;09:19 AM;2.0;THEFT FROM MOTOR VEHICLE;;;[43.0186267901953, -87.93940964154098]
150250044;01/25/2015;09:19 AM;2.0;THEFT OF MOTOR VEHICLE PARTS/ACCESSORIES;;;[43.0186267901953, -87.93940964154098]
150250058;01/25/2015;11:17 AM;2.0;MOTOR VEHICLE THEFT;;;[43.00910322693346, -87.92313712767555]
150250079;01/25/2015;03:05 PM;2.0;MOTOR VEHICLE THEFT;;;[43.02178782355031, -87.90982166653589]
150250103;01/25/2015;06:12 PM;2.0;MOTOR VEHICLE THEFT;;;[43.0180438028803, -87.9282324129947]
150240089;01/24/2015;01:17 PM;2.0;MOTOR VEHICLE THEFT;;;[43.009307736364065, -87.93211607859337]
150240150;01/24/2015;08:24 PM;2.0;MOTOR VEHICLE THEFT;;;[43.012210238013154, -87.9341712075344]
150230060;01/23/2015;09:24 AM;2.0;THEFT OF MOTOR VEHICLE PARTS/ACCESSORIES;;;[43.021181311769226, -87.92696560997416]
150230083;01/23/2015;04:18 PM;1.0;THEFT OF MOTOR VEHICLE PARTS/ACCESSORIES;;;[43.03972542049286, -87.93670086195442]
150230100;01/23/2015;05:10 PM;2.0;MOTOR VEHICLE THEFT;;;[43.01803772346324, -87.91857762695514]
150230133;01/23/2015;12:36 PM;2.0;THEFT OF MOTOR VEHICLE PARTS/ACCESSORIES;;;[43.01232077998111, -87.92164957976354]
150230147;01/23/2015;10:54 PM;2.0;MOTOR VEHICLE THEFT;;;[43.014692704106096, -87.93697598705137]
150220110;01/22/2015;10:05 PM;2.0;MOTOR VEHICLE THEFT;;;[43.01486841814409, -87.93669249825939]
150210084;01/21/2015;01:48 PM;2.0;MOTOR VEHICLE THEFT;;;[43.00828149659492, -87.93314296317641]
150210102;01/21/2015;04:15 PM;2.0;THEFT OF MOTOR VEHICLE PARTS/ACCESSORIES;;;[43.00878087483858, -87.92698454879712]
150200037;01/20/2015;10:07 AM;2.0;MOTOR VEHICLE THEFT;;;[43.011060704788804, -87.92709024791583]
150200070;01/20/2015;01:52 PM;2.0;MOTOR VEHICLE THEFT;;;[43.01227069943434, -87.92987570819662]
150190013;01/19/2015;01:52 AM;2.0;THEFT FROM BUILDING;;;[43.01280634913479, -87.92553396751782]
150190127;01/19/2015;06:01 PM;2.0;THEFT FROM BUILDING;;;[43.011006745466034, -87.92612454870817]
150180079;01/18/2015;02:18 PM;2.0;THEFT OF MOTOR VEHICLE PARTS/ACCESSORIES;;;[43.022902752661025, -87.9349293585023]
150180083;01/18/2015;03:14 PM;2.0;THEFT OF MOTOR VEHICLE PARTS/ACCESSORIES;;;[43.00050314870242, -87.92117770009003]
150180098;01/18/2015;02:55 PM;2.0;THEFT FROM MOTOR VEHICLE;;;[43.01705712428793, -87.93849942061098]
150170058;01/17/2015;12:49 PM;2.0;MOTOR VEHICLE THEFT;;;[43.00446012523571, -87.93327700173148]
150170096;01/17/2015;06:42 PM;2.0;THEFT FROM MOTOR VEHICLE;;;[43.023215895698115, -87.91199831367044]
150160030;01/16/2015;08:22 AM;2.0;MOTOR VEHICLE THEFT;;;[43.00831840117439, -87.9315583280536]
150160034;01/16/2015;08:26 AM;2.0;THEFT OF MOTOR VEHICLE PARTS/ACCESSORIES;;;[43.01593009389984, -87.91115235649528]
150160037;01/16/2015;06:48 AM;2.0;MOTOR VEHICLE THEFT;;;[43.04064008047641, -87.93785082415542]
150160138;01/16/2015;07:56 PM;2.0;THEFT FROM MOTOR VEHICLE;;;[43.02188217862073, -87.9168424192415]
150160158;01/16/2015;11:10 PM;2.0;THEFT FROM MOTOR VEHICLE;;;[43.02300101708437, -87.90976345341988]
150150035;01/15/2015;09:49 AM;2.0;MOTOR VEHICLE THEFT;;;[43.008161657435664, -87.92828112926992]
150150045;01/15/2015;11:02 AM;2.0;MOTOR VEHICLE THEFT;;;[43.045931151802336, -87.93538216805183]
150140084;01/14/2015;04:05 PM;2.0;MOTOR VEHICLE THEFT;;;[43.01786628750028, -87.92530070046615]
150140089;01/14/2015;04:52 PM;2.0;MOTOR VEHICLE THEFT;;;[43.00180244422853, -87.92357756525166]
150140099;01/14/2015;05:41 PM;1.0;THEFT FROM MOTOR VEHICLE;;;[43.02964807000353, -87.90961966351591]
150130019;01/13/2015;08:18 AM;2.0;MOTOR VEHICLE THEFT;;;[43.02113453892895, -87.93157877863695]
150130027;01/13/2015;09:19 AM;2.0;MOTOR VEHICLE THEFT;;;[43.02366924034425, -87.9380731518537]
150130031;01/13/2015;09:46 AM;2.0;MOTOR VEHICLE THEFT;;;[43.01977736933122, -87.93188427833599]
150130071;01/13/2015;02:36 PM;2.0;THEFT OF MOTOR VEHICLE PARTS/ACCESSORIES;;;[43.02418855745708, -87.93850759904569]
150130078;01/13/2015;03:08 PM;2.0;MOTOR VEHICLE THEFT;;;[43.04499891007276, -87.93387761755724]
150130093;01/13/2015;05:07 PM;2.0;THEFT FROM MOTOR VEHICLE;;;[43.02216068336992, -87.93217561101488]
150120104;01/12/2015;05:33 PM;2.0;THEFT FROM MOTOR VEHICLE;;;[43.02497117807849, -87.91680793114034]
150120131;01/12/2015;08:03 PM;2.0;THEFT FROM MOTOR VEHICLE;;;[43.01699396759864, -87.92563422753682]
150110011;01/11/2015;03:19 AM;2.0;THEFT OF MOTOR VEHICLE PARTS/ACCESSORIES;;;[43.021179011303445, -87.91087007639214]
150110050;01/11/2015;01:25 PM;2.0;THEFT OF MOTOR VEHICLE PARTS/ACCESSORIES;;;[43.018629205774346, -87.93181047547228]
150110055;01/11/2015;12:39 PM;2.0;THEFT OF MOTOR VEHICLE PARTS/ACCESSORIES;;;[43.00719000021945, -87.93432502847651]
150110061;01/11/2015;02:54 PM;2.0;THEFT FROM BUILDING;DESTRUCTION/DAMAGE/VANDALISM OF PROPERTY;;[43.01699396759864, -87.92563422753682]
150090017;01/09/2015;06:18 AM;2.0;THEFT OF MOTOR VEHICLE PARTS/ACCESSORIES;;;[43.01701913422676, -87.92972710152372]
150090059;01/09/2015;03:03 PM;2.0;MOTOR VEHICLE THEFT;;;[43.04184931879212, -87.93658758694681]
150090066;01/09/2015;04:51 PM;2.0;MOTOR VEHICLE THEFT;;;[43.01908942753613, -87.9226219897123]
150090103;01/09/2015;09:33 PM;2.0;MOTOR VEHICLE THEFT;;;[43.018796432010845, -87.93181047547228]
150080044;01/08/2015;03:31 PM;2.0;THEFT FROM BUILDING;;;[43.01699396759864, -87.92563422753682]
150080055;01/08/2015;06:38 PM;2.0;THEFT FROM MOTOR VEHICLE;THEFT OF MOTOR VEHICLE PARTS/ACCESSORIES;;[43.021854603608176, -87.91260885081704]
150080060;01/08/2015;06:42 PM;2.0;THEFT OF MOTOR VEHICLE PARTS/ACCESSORIES;;;[43.013469189052955, -87.91680550926606]
150070023;01/07/2015;09:57 AM;2.0;THEFT OF MOTOR VEHICLE PARTS/ACCESSORIES;;;[43.004059845086886, -87.92893673054493]
150070037;01/07/2015;11:01 AM;2.0;THEFT OF MOTOR VEHICLE PARTS/ACCESSORIES;;;[43.012329701255794, -87.9343296509918]
150070044;01/07/2015;11:17 AM;2.0;THEFT FROM BUILDING;;;[43.01673403295035, -87.9253860964904]
150060014;01/06/2015;06:52 AM;2.0;MOTOR VEHICLE THEFT;;;[43.02009386054431, -87.92697437746477]
150060021;01/06/2015;09:43 AM;2.0;MOTOR VEHICLE THEFT;;;[43.01695181637433, -87.91980179581543]
150060024;01/06/2015;09:07 AM;2.0;THEFT FROM BUILDING;;;[43.016692812524354, -87.91533535244378]
150060043;01/06/2015;01:22 PM;2.0;MOTOR VEHICLE THEFT;;;[43.042535578854995, -87.92305786143038]
150060062;01/06/2015;03:27 PM;2.0;MOTOR VEHICLE THEFT;;;[43.010081045405, -87.92279617220481]
150060131;01/06/2015;10:53 PM;2.0;THEFT OF MOTOR VEHICLE PARTS/ACCESSORIES;;;[43.00926610314923, -87.91993063898701]
150050078;01/05/2015;04:35 PM;2.0;THEFT OF MOTOR VEHICLE PARTS/ACCESSORIES;;;[43.009328591642316, -87.93672615808498]
150050082;01/05/2015;03:50 PM;2.0;THEFT FROM MOTOR VEHICLE;;;[43.018093397793166, -87.9230187247336]
150040054;01/04/2015;01:44 PM;2.0;MOTOR VEHICLE THEFT;;;[43.01883265400488, -87.93940964154098]
150040071;01/04/2015;04:53 PM;2.0;MOTOR VEHICLE THEFT;;;[43.041791529256784, -87.93544187853911]
150040074;01/04/2015;05:08 PM;2.0;MOTOR VEHICLE THEFT;;;[43.00128222329704, -87.92874886756539]
150040077;01/04/2015;05:46 PM;2.0;THEFT FROM MOTOR VEHICLE;;;[43.0084554866325, -87.93718167189587]
150030040;01/03/2015;09:36 AM;2.0;MOTOR VEHICLE THEFT;;;[43.008320383280136, -87.92602288754546]
150030045;01/03/2015;10:57 AM;2.0;MOTOR VEHICLE THEFT;;;[43.01904432473691, -87.92967765949561]
150030060;01/03/2015;01:34 PM;2.0;MOTOR VEHICLE THEFT;;;[43.02008659761947, -87.91439452218867]
150030084;01/03/2015;03:51 PM;2.0;THEFT FROM BUILDING;;;[43.01310643671377, -87.91853844079566]
150020065;01/02/2015;11:56 AM;2.0;MOTOR VEHICLE THEFT;;;[43.02112871941597, -87.93344866612227]
150020067;01/02/2015;12:19 PM;2.0;THEFT FROM BUILDING;;;[43.02315310593218, -87.91267453729927]
150020079;01/02/2015;12:21 PM;2.0;THEFT FROM BUILDING;;;[43.01009264306214, -87.92198684081927]
150020113;01/02/2015;05:15 PM;2.0;THEFT FROM MOTOR VEHICLE;;;[43.002842103681246, -87.92161730309527]
150020175;01/02/2015;11:33 PM;2.0;MOTOR VEHICLE THEFT;;;[43.0139573320663, -87.93318866132688]
150010138;01/01/2015;07:25 PM;2.0;MOTOR VEHICLE THEFT;;;[43.01904025980127, -87.92809556675621]
150010148;01/01/2015;08:44 PM;2.0;MOTOR VEHICLE THEFT;;;[43.011950381605914, -87.9185142661197]
150300047;01/30/2015;09:41 AM;6.0;MOTOR VEHICLE THEFT;;;[42.98113208997506, -87.93788091637043]
150300100;01/30/2015;06:30 PM;2.0;THEFT OF MOTOR VEHICLE PARTS/ACCESSORIES;;;[43.00295303955221, -87.93581779335568]
150290078;01/29/2015;01:04 PM;6.0;THEFT FROM MOTOR VEHICLE;;;[42.98561309786726, -87.93382921694405]
150290138;01/29/2015;07:42 PM;6.0;THEFT FROM BUILDING;;;[42.93128737331472, -87.93975443801611]
150280143;01/28/2015;10:10 PM;6.0;MOTOR VEHICLE THEFT;;;[42.930140216099176, -87.89020951125917]
150280144;01/28/2015;08:10 PM;6.0;THEFT FROM MOTOR VEHICLE;;;[42.93042806300582, -87.93906012722232]
150270032;01/27/2015;08:23 AM;6.0;THEFT FROM MOTOR VEHICLE;;;[42.930231627688556, -87.93857321268285]
150270059;01/27/2015;09:39 AM;6.0;THEFT FROM MOTOR VEHICLE;;;[42.980119037864426, -87.91796573542956]
150260070;01/26/2015;11:10 AM;6.0;THEFT FROM BUILDING;;;[42.980501752454984, -87.93385722273189]
150260128;01/26/2015;08:07 PM;6.0;MOTOR VEHICLE THEFT;;;[42.959429775364924, -87.93969104750306]
150250119;01/25/2015;07:48 PM;6.0;THEFT OF MOTOR VEHICLE PARTS/ACCESSORIES;;;[42.9862091999957, -87.94450809786963]
150250122;01/25/2015;05:45 PM;6.0;THEFT FROM BUILDING;;;[42.933196926298194, -87.91969356240719]
150240060;01/24/2015;10:00 AM;6.0;MOTOR VEHICLE THEFT;;;[42.98388633658624, -87.93490249305484]
150240074;01/24/2015;10:48 AM;6.0;MOTOR VEHICLE THEFT;;;[42.973969234493666, -87.94136043743345]
150240092;01/24/2015;01:18 PM;6.0;THEFT OF MOTOR VEHICLE PARTS/ACCESSORIES;;;[42.949769813727016, -87.92931437655648]
150220013;01/22/2015;07:15 AM;6.0;THEFT FROM MOTOR VEHICLE;;;[42.98104606892207, -87.92544032560977]
150220030;01/22/2015;10:50 AM;6.0;MOTOR VEHICLE THEFT;;;[42.95945809231819, -87.94243579457549]
150220049;01/22/2015;10:41 AM;6.0;THEFT FROM MOTOR VEHICLE;;;[42.9331960611504, -87.93160231839153]
150210025;01/21/2015;08:35 AM;6.0;THEFT OF MOTOR VEHICLE PARTS/ACCESSORIES;;;[42.93467409783244, -87.91493305151835]
150210052;01/21/2015;10:52 AM;6.0;THEFT FROM BUILDING;;;[42.93367200486023, -87.9337471196331]
150210087;01/21/2015;01:18 PM;6.0;MOTOR VEHICLE THEFT;;;[42.95943212799142, -87.9405121186386]
150210115;01/21/2015;06:05 PM;6.0;THEFT FROM BUILDING;;;[42.987844742142215, -87.94811720134697]
150200016;01/20/2015;07:29 AM;6.0;THEFT OF MOTOR VEHICLE PARTS/ACCESSORIES;;;[42.95331314078993, -87.91366426549268]
150200035;01/20/2015;09:54 AM;6.0;THEFT FROM MOTOR VEHICLE;;;[42.96193446010835, -87.8984134426255]
150200050;01/20/2015;11:27 AM;6.0;MOTOR VEHICLE THEFT;;;[42.960794733990895, -87.91112381740948]
150190034;01/19/2015;09:14 AM;6.0;MOTOR VEHICLE THEFT;;;[43.03972542049286, -87.93670086195442]
150190045;01/19/2015;10:25 AM;6.0;THEFT FROM MOTOR VEHICLE;;;[42.96625048737121, -87.89840654482543]
150190046;01/19/2015;10:32 AM;6.0;THEFT FROM MOTOR VEHICLE;;;[42.96524803197218, -87.89833871975532]
150190068;01/19/2015;01:15 PM;6.0;MOTOR VEHICLE THEFT;;;[42.95945809231819, -87.94243579457549]
150190080;01/19/2015;11:28 AM;6.0;MOTOR VEHICLE THEFT;;;[42.960542385124086, -87.9388481174459]
150190141;01/19/2015;06:46 PM;6.0;MOTOR VEHICLE THEFT;;;[42.973238260138714, -87.91200386338681]
150180045;01/18/2015;08:09 AM;6.0;THEFT OF MOTOR VEHICLE PARTS/ACCESSORIES;;;[42.9812127843436, -87.94092333724143]
150180094;01/18/2015;02:35 PM;6.0;THEFT FROM MOTOR VEHICLE;;;[42.93483083257797, -87.94714194144666]
150180118;01/18/2015;08:36 PM;6.0;MOTOR VEHICLE THEFT;;;[42.95943141303036, -87.94041699644646]
150170048;01/17/2015;08:36 AM;6.0;THEFT FROM MOTOR VEHICLE;;;[42.96306990545287, -87.89958131752303]
150170084;01/17/2015;04:36 PM;6.0;THEFT OF MOTOR VEHICLE PARTS/ACCESSORIES;;;[42.95083902130489, -87.93414218821067]
150160106;01/16/2015;05:21 PM;6.0;THEFT OF MOTOR VEHICLE PARTS/ACCESSORIES;;;[42.98836958738764, -87.93749282293464]
150150092;01/15/2015;04:38 PM;6.0;MOTOR VEHICLE THEFT;;;[42.959287352430465, -87.90881115590935]
150140025;01/14/2015;07:55 AM;6.0;THEFT FROM MOTOR VEHICLE;;;[42.94001175224167, -87.96251669269043]
150140050;01/14/2015;10:40 AM;6.0;THEFT FROM BUILDING;;;[42.98124242419959, -87.94359859729667]
150130018;01/13/2015;07:46 AM;6.0;MOTOR VEHICLE THEFT;;;[42.92829972925023, -87.93852550005101]
150130025;01/13/2015;09:02 AM;6.0;THEFT FROM BUILDING;;;[42.94124591167059, -87.9470906342246]
150120049;01/12/2015;11:16 AM;6.0;THEFT OF MOTOR VEHICLE PARTS/ACCESSORIES;;;[42.9863364666557, -87.94237904825371]
150120103;01/12/2015;04:00 PM;6.0;THEFT FROM BUILDING;;;[42.92609451605017, -87.93045623496647]
150120106;01/12/2015;05:37 PM;6.0;THEFT OF MOTOR VEHICLE PARTS/ACCESSORIES;;;[42.982920425138616, -87.93168146592615]
150120158;01/12/2015;11:33 PM;6.0;THEFT FROM MOTOR VEHICLE;;;[42.93751706256347, -87.90948566632966]
150160049;01/12/2015;01:19 PM;6.0;THEFT FROM BUILDING;;;[42.96548342951775, -87.94157519463874]
150110045;01/11/2015;12:16 PM;2.0;MOTOR VEHICLE THEFT;;;[43.002216485803274, -87.93705442592022]
150090039;01/09/2015;11:47 AM;6.0;THEFT OF MOTOR VEHICLE PARTS/ACCESSORIES;;;[42.93818161299214, -87.94903895788082]
150090048;01/09/2015;01:16 PM;2.0;MOTOR VEHICLE THEFT;;;[43.00374216766801, -87.93446644866691]
150090057;01/09/2015;02:34 PM;6.0;THEFT OF MOTOR VEHICLE PARTS/ACCESSORIES;;;[42.98840714037834, -87.93945109039475]
150060009;01/06/2015;04:12 AM;6.0;THEFT OF MOTOR VEHICLE PARTS/ACCESSORIES;;;[42.9862091999957, -87.94450809786963]
150060060;01/06/2015;02:24 PM;6.0;THEFT FROM BUILDING;;;[42.96031422532235, -87.94380525790558]
150020064;01/02/2015;12:11 PM;6.0;MOTOR VEHICLE THEFT;;;[42.97041249763976, -87.94834388176395]
150310104;01/31/2015;06:45 PM;6.0;THEFT FROM MOTOR VEHICLE;;;[42.98441326196354, -87.91920764881314]
150300052;01/30/2015;09:58 AM;6.0;THEFT FROM BUILDING;;;[42.988329633207115, -87.91975922101045]
150300101;01/30/2015;06:38 PM;2.0;THEFT OF MOTOR VEHICLE PARTS/ACCESSORIES;;;[42.99743426528022, -87.9169757356409]
150290047;01/29/2015;08:58 AM;6.0;THEFT FROM MOTOR VEHICLE;;;[43.00282999610852, -87.90420386071884]
150290099;01/29/2015;03:43 PM;6.0;MOTOR VEHICLE THEFT;;;[42.99360306163311, -87.92515056044925]
150290103;01/29/2015;04:15 PM;6.0;THEFT FROM MOTOR VEHICLE;;;[42.99272353006796, -87.92618712983142]
150290165;01/29/2015;10:57 PM;6.0;MOTOR VEHICLE THEFT;;;[42.98753686193771, -87.92630529894961]
150270045;01/27/2015;07:20 AM;6.0;THEFT OF MOTOR VEHICLE PARTS/ACCESSORIES;;;[42.98617589540237, -87.89928170118878]
150250037;01/25/2015;09:18 AM;2.0;THEFT FROM MOTOR VEHICLE;;;[43.002791075249036, -87.91874222177535]
150240154;01/24/2015;08:31 PM;6.0;THEFT OF MOTOR VEHICLE PARTS/ACCESSORIES;;;[42.98812644937726, -87.87501488972458]
150230002;01/23/2015;12:27 AM;6.0;THEFT OF MOTOR VEHICLE PARTS/ACCESSORIES;;;[43.003856118066494, -87.90615424292321]
150230037;01/23/2015;09:56 AM;6.0;THEFT OF MOTOR VEHICLE PARTS/ACCESSORIES;;;[43.00182745257598, -87.89793684600784]
150230041;01/23/2015;10:50 AM;6.0;MOTOR VEHICLE THEFT;;;[42.99107896232533, -87.92258464266638]
150230061;01/23/2015;02:00 PM;6.0;THEFT FROM BUILDING;;;[42.9984230006221, -87.90049906397985]
150180067;01/18/2015;12:15 PM;2.0;THEFT FROM MOTOR VEHICLE;;;[42.995386931662665, -87.92737894018518]
150170035;01/17/2015;08:31 AM;2.0;MOTOR VEHICLE THEFT;;;[43.00259177559104, -87.91698263973626]
150160093;01/16/2015;04:36 PM;6.0;THEFT FROM MOTOR VEHICLE;THEFT OF MOTOR VEHICLE PARTS/ACCESSORIES;;[42.99235149312801, -87.89512561025794]
150160103;01/16/2015;05:11 PM;2.0;MOTOR VEHICLE THEFT;;;[43.007103212944, -87.90762304536645]
150150107;01/15/2015;06:43 PM;6.0;THEFT FROM BUILDING;;;[42.98913450755259, -87.92881830961653]
150140022;01/14/2015;05:43 AM;6.0;MOTOR VEHICLE THEFT;;;[42.98276049600116, -87.92154253975565]
150140072;01/14/2015;02:26 PM;6.0;THEFT OF MOTOR VEHICLE PARTS/ACCESSORIES;;;[42.989438416350936, -87.93014176992597]
150140119;01/14/2015;07:30 PM;6.0;THEFT FROM MOTOR VEHICLE;;;[43.00289388304736, -87.90345397272188]
150130047;01/13/2015;09:50 AM;6.0;THEFT FROM BUILDING;;;[42.99063096414875, -87.88717440457435]
150120013;01/12/2015;02:42 AM;2.0;MOTOR VEHICLE THEFT;;;[42.99491972126924, -87.92868900419342]
150090007;01/09/2015;02:14 AM;6.0;THEFT OF MOTOR VEHICLE PARTS/ACCESSORIES;;;[42.99194674065063, -87.92919813468541]
150090055;01/09/2015;12:41 PM;6.0;THEFT OF MOTOR VEHICLE PARTS/ACCESSORIES;;;[42.9871192842287, -87.92517919216522]
150080013;01/08/2015;07:18 AM;6.0;MOTOR VEHICLE THEFT;;;[42.99298623193016, -87.8822579845176]
150060012;01/06/2015;06:45 AM;6.0;THEFT OF MOTOR VEHICLE PARTS/ACCESSORIES;;;[42.98229251219078, -87.92519412720645]
150060026;01/06/2015;10:17 AM;2.0;THEFT FROM MOTOR VEHICLE;;;[43.01001955246147, -87.90347831197374]
150050026;01/05/2015;07:13 AM;6.0;THEFT OF MOTOR VEHICLE PARTS/ACCESSORIES;;;[43.001773710889154, -87.90302570027507]
150050091;01/05/2015;04:31 PM;6.0;MOTOR VEHICLE THEFT;;;[43.00255584227938, -87.90477770732457]
150040106;01/04/2015;10:17 PM;2.0;THEFT OF MOTOR VEHICLE PARTS/ACCESSORIES;;;[43.005450447880946, -87.91128634738624]
150030046;01/03/2015;10:28 AM;6.0;THEFT FROM MOTOR VEHICLE;;;[42.982476436139734, -87.90364571537668]
150030099;01/03/2015;07:04 PM;6.0;MOTOR VEHICLE THEFT;;;[42.98638947809303, -87.92512184779429]
150020055;01/02/2015;11:05 AM;6.0;THEFT OF MOTOR VEHICLE PARTS/ACCESSORIES;;;[42.99296331810376, -87.92866224936256]
150020103;01/02/2015;04:28 PM;6.0;THEFT FROM BUILDING;;;[42.98244869385326, -87.91356998506598]
150310082;01/31/2015;01:23 PM;5.0;THEFT FROM BUILDING;;;[43.0706927774508, -87.94976879819069]
150300049;01/30/2015;10:02 AM;3.0;THEFT OF MOTOR VEHICLE PARTS/ACCESSORIES;;;[43.048587122298954, -87.92764923592273]
150290153;01/29/2015;09:44 PM;5.0;MOTOR VEHICLE THEFT;;;[43.06769131890036, -87.92550055950244]
150290166;01/29/2015;11:38 PM;3.0;MOTOR VEHICLE THEFT;;;[43.059718399085966, -87.92685170184382]
150280059;01/28/2015;12:49 PM;7.0;MOTOR VEHICLE THEFT;;;[43.068379817375785, -87.96455261840782]
150280079;01/28/2015;03:08 PM;3.0;MOTOR VEHICLE THEFT;;;[43.06144424755507, -87.94740211171728]
150280095;01/28/2015;05:44 PM;3.0;MOTOR VEHICLE THEFT;;;[43.0679364327213, -87.97262839188602]
150270004;01/27/2015;01:00 AM;3.0;THEFT OF MOTOR VEHICLE PARTS/ACCESSORIES;;;[43.05697173735689, -87.95512476819272]
150270012;01/27/2015;02:29 AM;3.0;MOTOR VEHICLE THEFT;;;[43.060605031697946, -87.95665338904189]
150270070;01/27/2015;11:39 AM;3.0;MOTOR VEHICLE THEFT;;;[43.06490880659726, -87.92763954392905]
150270097;01/27/2015;04:31 PM;7.0;THEFT FROM BUILDING;;;[43.06865405394251, -87.96218799318058]
150260044;01/26/2015;01:13 AM;3.0;MOTOR VEHICLE THEFT;;;[43.002311348091325, -87.95298382144546]
150260074;01/26/2015;02:31 PM;3.0;THEFT FROM BUILDING;;;[43.04877754474899, -87.95855306926796]
150260104;01/26/2015;06:03 PM;3.0;THEFT FROM MOTOR VEHICLE;;;[43.060557137403066, -87.9396227709733]
150250043;01/25/2015;10:09 AM;3.0;THEFT FROM BUILDING;;;[43.06635440922969, -87.94363718360836]
150250126;01/25/2015;09:26 PM;3.0;MOTOR VEHICLE THEFT;;;[43.060557235429144, -87.94638090725232]
150240051;01/24/2015;08:14 AM;3.0;THEFT OF MOTOR VEHICLE PARTS/ACCESSORIES;;;[43.06227265715847, -87.93514933986938]
150240087;01/24/2015;01:14 PM;3.0;MOTOR VEHICLE THEFT;;;[43.059718399085966, -87.92685170184382]
150230010;01/23/2015;01:47 AM;3.0;THEFT FROM MOTOR VEHICLE;;;[43.067947349591634, -87.97386993384958]
150230019;01/23/2015;03:15 AM;3.0;MOTOR VEHICLE THEFT;;;[43.05842794929151, -87.95989909806417]
150220007;01/22/2015;01:56 AM;3.0;MOTOR VEHICLE THEFT;;;[43.060658991020716, -87.96354951639631]
150220044;01/22/2015;10:29 AM;3.0;THEFT FROM BUILDING;;;[43.0605651755435, -87.94796711618869]
150220100;01/22/2015;08:52 PM;3.0;THEFT FROM MOTOR VEHICLE;;;[43.05980110973451, -87.96465632732685]
150220109;01/22/2015;05:04 PM;5.0;MOTOR VEHICLE THEFT;;;[43.06971232936161, -87.9375006281507]
150220118;01/22/2015;11:14 PM;3.0;MOTOR VEHICLE THEFT;;;[43.06667761747917, -87.97621927869596]
150210056;01/21/2015;10:20 AM;7.0;MOTOR VEHICLE THEFT;;;[43.06793885909218, -87.95670725303654]
150210075;01/21/2015;11:32 AM;3.0;MOTOR VEHICLE THEFT;;;[43.05646699825445, -87.9579905343349]
150210101;01/21/2015;04:10 PM;3.0;THEFT FROM BUILDING;;;[43.06408721835152, -87.93521528355774]
150210108;01/21/2015;04:46 PM;3.0;THEFT FROM MOTOR VEHICLE;;;[43.05331297241685, -87.96188375523036]
150210120;01/21/2015;05:19 PM;3.0;THEFT FROM MOTOR VEHICLE;;;[43.06085573660408, -87.96770072760575]
150190115;01/19/2015;05:16 PM;7.0;MOTOR VEHICLE THEFT;;;[43.068930672813394, -87.95516450293866]
150180013;01/18/2015;02:01 AM;3.0;THEFT OF MOTOR VEHICLE PARTS/ACCESSORIES;;;[43.066727921057804, -87.95620217399039]
150180043;01/18/2015;07:22 AM;3.0;MOTOR VEHICLE THEFT;;;[43.05636967272329, -87.9490612664635]
150180058;01/18/2015;11:09 AM;3.0;MOTOR VEHICLE THEFT;;;[43.060074954196864, -87.93655353771481]
150180076;01/18/2015;02:07 PM;3.0;MOTOR VEHICLE THEFT;;;[43.06289966358969, -87.96886651517679]
150170008;01/17/2015;12:29 AM;3.0;THEFT FROM BUILDING;;;[43.05957483671045, -87.96744150432119]
150170062;01/17/2015;01:11 PM;3.0;MOTOR VEHICLE THEFT;;;[43.06128502888208, -87.97124886963883]
150170098;01/17/2015;06:56 PM;3.0;THEFT OF MOTOR VEHICLE PARTS/ACCESSORIES;;;[43.06138808309464, -87.93633470028544]
150170106;01/17/2015;08:07 PM;3.0;MOTOR VEHICLE THEFT;;;[43.052046351059346, -87.94761990863111]
150160054;01/16/2015;12:02 PM;3.0;THEFT FROM MOTOR VEHICLE;;;[43.06114085047096, -87.93874745902724]
150160056;01/16/2015;12:19 PM;3.0;MOTOR VEHICLE THEFT;;;[43.065789632286794, -87.92290847324665]
150160067;01/16/2015;01:48 PM;3.0;THEFT OF MOTOR VEHICLE PARTS/ACCESSORIES;;;[43.05682941154919, -87.95878251330157]
150160071;01/16/2015;09:57 AM;3.0;THEFT FROM BUILDING;;;[43.067778482092365, -87.94787276921215]
150150149;01/15/2015;06:29 PM;7.0;THEFT FROM BUILDING;;;[43.068752035978775, -87.96218677459922]
150140009;01/14/2015;01:23 AM;3.0;MOTOR VEHICLE THEFT;;;[43.061972949992764, -87.97560334561712]
150140033;01/14/2015;09:31 AM;3.0;THEFT OF MOTOR VEHICLE PARTS/ACCESSORIES;;;[43.06431319819666, -87.9562190227889]
150140043;01/14/2015;11:02 AM;3.0;THEFT OF MOTOR VEHICLE PARTS/ACCESSORIES;;;[43.0651649191268, -87.93869242951126]
150140090;01/14/2015;05:10 PM;3.0;THEFT FROM BUILDING;;;[43.06045362993217, -87.9290901476914]
150130110;01/13/2015;06:53 PM;3.0;MOTOR VEHICLE THEFT;;;[43.06794923457062, -87.97517726661681]
150120073;01/12/2015;01:42 PM;3.0;THEFT OF MOTOR VEHICLE PARTS/ACCESSORIES;;;[43.06269248227335, -87.9449958892481]
150120097;01/12/2015;05:43 PM;3.0;THEFT OF MOTOR VEHICLE PARTS/ACCESSORIES;;;[43.0643835845359, -87.93000230576104]
150120101;01/12/2015;05:13 PM;7.0;MOTOR VEHICLE THEFT;;;[43.069078839717804, -87.95861096582263]
150120146;01/12/2015;08:41 PM;3.0;THEFT FROM BUILDING;;;[43.06068998975235, -87.97482869748563]
150110089;01/11/2015;07:05 PM;3.0;MOTOR VEHICLE THEFT;;;[43.06696540053389, -87.95627603531]
150100049;01/10/2015;10:47 AM;3.0;THEFT FROM BUILDING;;;[43.065525851238135, -87.93750096449713]
150090034;01/09/2015;10:26 AM;3.0;THEFT FROM BUILDING;;;[43.06070644824507, -87.94542239632574]
150090050;01/09/2015;01:38 PM;3.0;THEFT FROM MOTOR VEHICLE;;;[43.0554335980832, -87.95880167245843]
150080079;01/08/2015;09:16 PM;3.0;MOTOR VEHICLE THEFT;;;[43.0676074436297, -87.92279753647637]
150070061;01/07/2015;02:43 PM;3.0;THEFT OF MOTOR VEHICLE PARTS/ACCESSORIES;;;[43.0528513701957, -87.95664928633471]
150060020;01/06/2015;09:31 AM;3.0;THEFT FROM MOTOR VEHICLE;;;[43.06622554447438, -87.9761507341683]
150060120;01/06/2015;08:25 PM;3.0;MOTOR VEHICLE THEFT;;;[43.06767106077194, -87.9289153500626]
150050039;01/05/2015;10:18 AM;3.0;THEFT FROM MOTOR VEHICLE;;;[43.044964408481746, -87.95772411467539]
150050048;01/05/2015;12:43 PM;3.0;THEFT FROM BUILDING;;;[43.06449877060288, -87.94737751346071]
150050070;01/05/2015;03:19 PM;3.0;MOTOR VEHICLE THEFT;;;[43.053431320500124, -87.94667562318068]
150050118;01/05/2015;07:43 PM;3.0;THEFT FROM BUILDING;;;[43.05757542077015, -87.96235472748793]
150040031;01/04/2015;06:09 AM;3.0;MOTOR VEHICLE THEFT;;;[43.06502495673749, -87.96100179369705]
150040038;01/04/2015;09:23 AM;3.0;MOTOR VEHICLE THEFT;;;[43.06700420628022, -87.9644921731745]
150040072;01/04/2015;03:02 PM;3.0;MOTOR VEHICLE THEFT;;;[43.059483686823796, -87.96226025550561]
150040087;01/04/2015;06:59 PM;3.0;MOTOR VEHICLE THEFT;;;[43.0584155341507, -87.92556137255855]
150030052;01/03/2015;12:15 PM;3.0;MOTOR VEHICLE THEFT;;;[43.066436783531856, -87.95865775305208]
150030054;01/03/2015;12:08 PM;5.0;THEFT OF MOTOR VEHICLE PARTS/ACCESSORIES;;;[43.06887632318484, -87.92532278152038]
150020052;01/02/2015;11:28 AM;3.0;MOTOR VEHICLE THEFT;;;[43.061972949992764, -87.97560334561712]
150020057;01/02/2015;11:28 AM;3.0;THEFT OF MOTOR VEHICLE PARTS/ACCESSORIES;;;[43.05482594596174, -87.94049045666844]
150020073;01/02/2015;11:10 AM;3.0;THEFT FROM MOTOR VEHICLE;;;[43.04447673221654, -87.9623944181671]
150020157;01/02/2015;09:02 PM;3.0;MOTOR VEHICLE THEFT;;;[43.0605651755435, -87.94796711618869]
150010093;01/01/2015;12:10 PM;3.0;THEFT FROM BUILDING;;;[43.05865918387531, -87.9623413140996]
150310062;01/31/2015;11:55 AM;7.0;THEFT FROM MOTOR VEHICLE;;;[43.09468397098959, -87.99062760228122]
150310127;01/31/2015;10:30 PM;4.0;MOTOR VEHICLE THEFT;;;[43.11513549231023, -87.98737664931213]
150300038;01/30/2015;08:09 AM;7.0;MOTOR VEHICLE THEFT;;;[43.10338401336264, -87.98999184364789]
150300088;01/30/2015;03:08 PM;4.0;THEFT FROM BUILDING;;;[43.11779985348153, -88.03232771225333]
150290040;01/29/2015;08:33 AM;7.0;THEFT FROM BUILDING;;;[43.106122556911544, -88.00199183675306]
150290053;01/29/2015;10:04 AM;4.0;MOTOR VEHICLE THEFT;;;[43.12173375610905, -88.00586771242422]
150290055;01/29/2015;10:20 AM;7.0;MOTOR VEHICLE THEFT;;;[43.10326670219763, -87.98800888709968]
150290108;01/29/2015;05:24 PM;7.0;MOTOR VEHICLE THEFT;;;[43.108434032205935, -87.98999259548111]
150290114;01/29/2015;05:43 PM;7.0;MOTOR VEHICLE THEFT;;;[43.09004906211561, -87.99953101014722]
150280030;01/28/2015;09:02 AM;7.0;MOTOR VEHICLE THEFT;;;[43.09988881891496, -88.00568914213943]
150280137;01/28/2015;08:47 PM;7.0;THEFT FROM BUILDING;;;[43.093524854589475, -87.99198047761615]
150290004;01/28/2015;09:20 PM;4.0;THEFT FROM BUILDING;;;[43.1258445697722, -87.9959300545276]
150270031;01/27/2015;07:52 AM;4.0;THEFT FROM MOTOR VEHICLE;;;[43.1254409918094, -87.99967625965087]
150270103;01/27/2015;05:01 PM;7.0;THEFT FROM MOTOR VEHICLE;;;[43.09230850533436, -88.00706721737743]
150270117;01/27/2015;05:14 PM;7.0;THEFT FROM MOTOR VEHICLE;;;[43.10476975442174, -87.9953660276193]
150270155;01/27/2015;09:31 PM;4.0;THEFT FROM BUILDING;;;[43.11846167986374, -87.99894045773516]
150260062;01/26/2015;10:25 AM;7.0;THEFT OF MOTOR VEHICLE PARTS/ACCESSORIES;;;[43.09445212666543, -88.00065434162377]
150260161;01/26/2015;12:20 AM;7.0;MOTOR VEHICLE THEFT;;;[43.097240578091316, -88.00090930302116]
150250075;01/25/2015;02:23 PM;7.0;THEFT FROM MOTOR VEHICLE;;;[43.097864742664854, -87.99568046568015]
150250116;01/25/2015;08:05 PM;7.0;THEFT OF MOTOR VEHICLE PARTS/ACCESSORIES;;;[43.105098169745816, -88.00670011411819]
150240002;01/24/2015;12:01 AM;7.0;MOTOR VEHICLE THEFT;;;[43.111297136354835, -88.00762123752929]
150240108;01/24/2015;03:22 PM;4.0;THEFT FROM MOTOR VEHICLE;;;[43.113744590041904, -87.98973471938103]
150240141;01/24/2015;04:55 PM;7.0;THEFT FROM BUILDING;;;[43.09731965457951, -87.98541053616651]
150230089;01/23/2015;03:53 PM;7.0;THEFT FROM BUILDING;;;[43.09182021932878, -87.97893931689521]
150230096;01/23/2015;05:24 PM;7.0;THEFT OF MOTOR VEHICLE PARTS/ACCESSORIES;;;[43.10799732052101, -88.0032746450081]
150220023;01/22/2015;10:08 AM;7.0;MOTOR VEHICLE THEFT;;;[43.10504342441561, -88.00215933728282]
150220094;01/22/2015;08:03 PM;7.0;MOTOR VEHICLE THEFT;;;[43.099173017022224, -87.99626218135381]
150200091;01/20/2015;04:29 PM;7.0;THEFT OF MOTOR VEHICLE PARTS/ACCESSORIES;;;[43.09415342404236, -87.98936845878654]
150200108;01/20/2015;05:39 PM;7.0;MOTOR VEHICLE THEFT;;;[43.09613602805632, -87.99060254447107]
150200170;01/20/2015;09:43 PM;7.0;THEFT FROM BUILDING;;;[43.10786212903514, -88.00320269564713]
150190031;01/19/2015;07:48 AM;7.0;MOTOR VEHICLE THEFT;;;[43.10570874556328, -88.00191582245645]
150190043;01/19/2015;10:06 AM;7.0;MOTOR VEHICLE THEFT;;;[43.10486464279012, -87.98907686620362]
150190064;01/19/2015;01:07 PM;4.0;THEFT FROM MOTOR VEHICLE;THEFT OF MOTOR VEHICLE PARTS/ACCESSORIES;;[43.11453967976348, -87.97998246122086]
150180077;01/18/2015;01:45 PM;7.0;MOTOR VEHICLE THEFT;;;[43.11159930496507, -87.99728333635613]
150170017;01/17/2015;02:25 AM;4.0;MOTOR VEHICLE THEFT;;;[43.120174300204894, -87.99110557755961]
150170029;01/17/2015;05:58 AM;7.0;THEFT OF MOTOR VEHICLE PARTS/ACCESSORIES;;;[43.11143431893976, -87.99728698850294]
150170073;01/17/2015;03:25 PM;7.0;THEFT FROM BUILDING;;;[43.105089312323, -88.01420139257942]
150170123;01/17/2015;10:19 PM;4.0;MOTOR VEHICLE THEFT;;;[43.12447241926782, -87.99840276747295]
150160075;01/16/2015;02:46 PM;4.0;THEFT OF MOTOR VEHICLE PARTS/ACCESSORIES;;;[43.131720255286666, -88.00557014294697]
150160090;01/16/2015;03:52 PM;4.0;THEFT OF MOTOR VEHICLE PARTS/ACCESSORIES;;;[43.12375084282826, -88.00584913782666]
150130034;01/13/2015;09:59 AM;4.0;MOTOR VEHICLE THEFT;;;[43.1323296457976, -88.01366597670267]
150130050;01/13/2015;12:17 PM;4.0;THEFT FROM BUILDING;;;[43.12359698951053, -88.00728608178645]
150120081;01/12/2015;02:26 PM;7.0;THEFT OF MOTOR VEHICLE PARTS/ACCESSORIES;;;[43.09100485079432, -87.99944910619053]
150120125;01/12/2015;07:02 PM;7.0;THEFT FROM BUILDING;;;[43.09090951726154, -88.00639437250152]
150110034;01/11/2015;10:30 AM;4.0;THEFT FROM MOTOR VEHICLE;;;[43.11269113408969, -88.00619319415983]
150110059;01/11/2015;01:25 PM;7.0;THEFT FROM BUILDING;;;[43.090050403904115, -87.99593017054019]
150090092;01/09/2015;08:03 PM;4.0;MOTOR VEHICLE THEFT;;;[43.11742372192833, -87.99109671923742]
150080005;01/08/2015;02:28 AM;7.0;THEFT OF MOTOR VEHICLE PARTS/ACCESSORIES;;;[43.09080820683437, -87.97351530238853]
150080074;01/08/2015;08:58 PM;7.0;THEFT FROM MOTOR VEHICLE;;;[43.09009365499929, -87.984723400164]
150070017;01/07/2015;09:13 AM;7.0;THEFT OF MOTOR VEHICLE PARTS/ACCESSORIES;;;[43.08658220890294, -87.98204502395794]
150070083;01/07/2015;05:46 PM;4.0;MOTOR VEHICLE THEFT;;;[43.12043567916436, -88.02834375156209]
143420007;01/06/2015;03:53 AM;7.0;MOTOR VEHICLE THEFT;;;[43.09492565839349, -87.98813672572851]
150040035;01/04/2015;08:45 AM;7.0;THEFT FROM MOTOR VEHICLE;;;[43.10804933371088, -88.00624025568248]
150040036;01/04/2015;08:11 AM;7.0;MOTOR VEHICLE THEFT;;;[43.09347440262269, -87.9851219464199]
150030038;01/03/2015;09:13 AM;4.0;MOTOR VEHICLE THEFT;;;[43.11648160474334, -88.01529053093248]
150030070;01/03/2015;02:29 PM;7.0;MOTOR VEHICLE THEFT;;;[43.090088219496806, -87.98438764817064]
150030074;01/03/2015;03:04 PM;4.0;MOTOR VEHICLE THEFT;;;[43.1214273346049, -88.00024487490026]
150030077;01/03/2015;03:49 PM;7.0;MOTOR VEHICLE THEFT;;;[43.094119248905315, -87.9799164905528]
150030090;01/03/2015;05:48 PM;7.0;THEFT FROM BUILDING;;;[43.08842602054551, -87.9868864846228]
150030094;01/03/2015;05:53 PM;4.0;MOTOR VEHICLE THEFT;;;[43.1204759553022, -88.02232443172636]
150300035;01/30/2015;07:24 AM;5.0;MOTOR VEHICLE THEFT;;;[43.068245988362776, -87.90411516148475]
150300050;01/30/2015;10:04 AM;5.0;MOTOR VEHICLE THEFT;;;[43.07378365199503, -87.89636403337266]
150300069;01/30/2015;01:07 PM;1.0;THEFT FROM BUILDING;;;[43.07127880447433, -87.88921085999243]
150300081;01/30/2015;12:40 PM;5.0;MOTOR VEHICLE THEFT;;;[43.0632661139411, -87.9016707511035]
150290048;01/29/2015;07:54 AM;1.0;MOTOR VEHICLE THEFT;;;[43.07766854606763, -87.89121283270526]
150290051;01/29/2015;09:39 AM;1.0;MOTOR VEHICLE THEFT;;;[43.06142096590594, -87.88556598328273]
150290076;01/29/2015;12:53 PM;1.0;THEFT FROM MOTOR VEHICLE;;;[43.05559693924846, -87.8970979754904]
150210012;01/28/2015;12:10 AM;1.0;THEFT FROM BUILDING;;;[43.05305192260926, -87.89498671626319]
150280076;01/28/2015;02:28 PM;1.0;THEFT FROM MOTOR VEHICLE;;;[43.066461793677945, -87.87811002076006]
150280154;01/28/2015;10:22 PM;1.0;MOTOR VEHICLE THEFT;;;[43.04818856435185, -87.90451611072916]
150280156;01/28/2015;10:31 PM;1.0;THEFT FROM MOTOR VEHICLE;;;[43.05009526468581, -87.89506275124421]
150270039;01/27/2015;08:51 AM;1.0;MOTOR VEHICLE THEFT;;;[43.053366058497886, -87.89679664145109]
150270093;01/27/2015;02:27 PM;1.0;THEFT FROM BUILDING;;;[43.04605660632842, -87.90478680216842]
150260061;01/26/2015;12:08 PM;1.0;MOTOR VEHICLE THEFT;;;[43.071028408935035, -87.87909071706218]
150260078;01/26/2015;03:22 PM;5.0;THEFT FROM MOTOR VEHICLE;;;[43.061978428662655, -87.89743071295624]
150260100;01/26/2015;05:29 PM;1.0;THEFT FROM MOTOR VEHICLE;THEFT OF MOTOR VEHICLE PARTS/ACCESSORIES;;[43.046516732762086, -87.91119770301083]
150250093;01/25/2015;05:12 PM;1.0;MOTOR VEHICLE THEFT;;;[43.06488731190103, -87.87911923906086]
150240065;01/24/2015;09:40 AM;1.0;THEFT FROM MOTOR VEHICLE;;;[43.05614743405795, -87.89909512603845]
150240068;01/24/2015;11:10 AM;1.0;THEFT FROM BUILDING;;;[43.046402274246645, -87.91119651140912]
150240070;01/24/2015;11:17 AM;5.0;MOTOR VEHICLE THEFT;;;[43.07155191778787, -87.9027533271036]
150240091;01/24/2015;01:28 PM;1.0;THEFT FROM MOTOR VEHICLE;;;[43.05388830380326, -87.90082729044633]
150240095;01/24/2015;01:22 PM;5.0;THEFT FROM MOTOR VEHICLE;;;[43.07475734257838, -87.89893556292509]
150250082;01/24/2015;03:24 PM;5.0;MOTOR VEHICLE THEFT;;;[43.06394140407366, -87.90159977750693]
150210069;01/21/2015;12:24 PM;5.0;MOTOR VEHICLE THEFT;;;[43.06602825390189, -87.9028880347542]
150200034;01/20/2015;09:50 AM;1.0;THEFT FROM MOTOR VEHICLE;;;[43.05461425544462, -87.89369613606704]
150190026;01/19/2015;06:46 AM;1.0;MOTOR VEHICLE THEFT;;;[43.06010462013319, -87.88670850809041]
150180111;01/18/2015;06:50 PM;5.0;MOTOR VEHICLE THEFT;;;[43.06022639373418, -87.89879393948792]
150170082;01/17/2015;05:04 PM;5.0;THEFT OF MOTOR VEHICLE PARTS/ACCESSORIES;;;[43.07143720926092, -87.8991736251619]
150150040;01/15/2015;10:14 AM;1.0;THEFT FROM BUILDING;;;[43.06693058597887, -87.87811445082048]
150130127;01/13/2015;09:41 PM;1.0;THEFT FROM MOTOR VEHICLE;;;[43.047727727453776, -87.9115366422015]
150130128;01/13/2015;09:46 PM;1.0;MOTOR VEHICLE THEFT;;;[43.05815984160449, -87.88564676668415]
150120126;01/12/2015;07:47 PM;1.0;MOTOR VEHICLE THEFT;;;[43.0715937101827, -87.88794554265189]
150110073;01/11/2015;05:48 PM;1.0;MOTOR VEHICLE THEFT;;;[43.05446668658942, -87.90063977190715]
150100036;01/10/2015;10:34 AM;5.0;THEFT FROM BUILDING;;;[43.0711410571152, -87.89477147702127]
150090021;01/09/2015;07:03 AM;5.0;MOTOR VEHICLE THEFT;;;[43.068236653399936, -87.90155769283251]
150090028;01/09/2015;09:25 AM;1.0;MOTOR VEHICLE THEFT;;;[43.0537513847197, -87.89523956155574]
150090095;01/09/2015;08:10 PM;1.0;THEFT FROM MOTOR VEHICLE;;;[43.0510515380991, -87.89414705254364]
150080038;01/08/2015;01:55 PM;5.0;THEFT OF MOTOR VEHICLE PARTS/ACCESSORIES;;;[43.067840734063736, -87.90285167156662]
150080078;01/08/2015;08:26 PM;1.0;THEFT FROM MOTOR VEHICLE;THEFT OF MOTOR VEHICLE PARTS/ACCESSORIES;;[43.05636759618869, -87.89800669005592]
150070055;01/07/2015;01:27 PM;1.0;THEFT FROM MOTOR VEHICLE;;;[43.0575604758364, -87.88775778759106]
150070064;01/07/2015;02:20 PM;1.0;MOTOR VEHICLE THEFT;;;[43.04616579301802, -87.90728144867916]
150060118;01/06/2015;08:41 PM;1.0;THEFT FROM MOTOR VEHICLE;;;[43.04606228644644, -87.91245497681496]
150040013;01/04/2015;01:44 AM;1.0;THEFT FROM BUILDING;;;[43.06015857945596, -87.88738664187923]
150040015;01/04/2015;02:28 AM;1.0;THEFT FROM MOTOR VEHICLE;THEFT OF MOTOR VEHICLE PARTS/ACCESSORIES;;[43.0461541980589, -87.91245836635977]
150040080;01/04/2015;05:59 PM;5.0;THEFT OF MOTOR VEHICLE PARTS/ACCESSORIES;;;[43.07044083777555, -87.90029272622758]
150040096;01/04/2015;08:11 PM;1.0;THEFT FROM BUILDING;;;[43.072100863964806, -87.8878670165488]
150030037;01/03/2015;08:32 AM;5.0;MOTOR VEHICLE THEFT;;;[43.070524212123814, -87.89917888889386]
150020017;01/02/2015;03:55 AM;1.0;MOTOR VEHICLE THEFT;;;[43.04943770918402, -87.8979341381492]
150020031;01/02/2015;07:52 AM;1.0;THEFT OF MOTOR VEHICLE PARTS/ACCESSORIES;;;[43.058655191784794, -87.88970272170246]
150020039;01/02/2015;08:21 AM;1.0;THEFT FROM MOTOR VEHICLE;;;[43.048527994572396, -87.90605082808247]
150020066;01/02/2015;12:01 PM;1.0;THEFT OF MOTOR VEHICLE PARTS/ACCESSORIES;;;[43.06055741799156, -87.88803684272534]
150020114;01/02/2015;04:54 PM;1.0;THEFT FROM BUILDING;;;[43.04578836194446, -87.92491188577412]
150020149;01/02/2015;05:11 PM;5.0;THEFT OF MOTOR VEHICLE PARTS/ACCESSORIES;;;[43.06384405156285, -87.89895202861248]
150020153;01/02/2015;09:33 PM;1.0;THEFT FROM BUILDING;;;[43.046402274246645, -87.91119651140912]
150010067;01/01/2015;07:19 AM;1.0;THEFT FROM BUILDING;;;[43.04581083870033, -87.91142563348541]
150010111;01/01/2015;02:37 PM;1.0;THEFT FROM BUILDING;;;[43.04616092049116, -87.90349072261796]
150010126;01/01/2015;05:10 PM;5.0;THEFT OF MOTOR VEHICLE PARTS/ACCESSORIES;;;[43.06947084970108, -87.90409954655604]
150310068;01/31/2015;01:59 PM;1.0;THEFT FROM MOTOR VEHICLE;;;[43.03752936149192, -87.93825696608536]
150310075;01/31/2015;03:53 PM;1.0;THEFT FROM BUILDING;;;[43.04111217688654, -87.90553314413853]
150310101;01/31/2015;06:47 PM;3.0;THEFT FROM MOTOR VEHICLE;;;[43.03861187813675, -87.93986084490132]
150300133;01/30/2015;09:52 PM;1.0;THEFT FROM BUILDING;;;[43.044405265791454, -87.91449111657101]
150290035;01/29/2015;07:52 AM;3.0;THEFT FROM MOTOR VEHICLE;;;[43.036131629772, -87.95192958937827]
150280011;01/28/2015;01:27 AM;3.0;THEFT FROM BUILDING;;;[43.03865336206411, -87.95197795221992]
150280029;01/28/2015;08:48 AM;3.0;THEFT FROM MOTOR VEHICLE;;;[43.03877817537358, -87.94783301558044]
150270075;01/27/2015;01:23 PM;1.0;THEFT FROM MOTOR VEHICLE;;;[43.040147073030084, -87.89819008430419]
150270076;01/27/2015;01:24 PM;1.0;MOTOR VEHICLE THEFT;;;[43.036143189657594, -87.91751554380653]
150270084;01/27/2015;01:55 PM;3.0;MOTOR VEHICLE THEFT;;;[43.04168889952422, -87.9508482463487]
150270106;01/27/2015;03:45 PM;3.0;THEFT FROM BUILDING;;;[43.040325908614875, -87.95351350504347]
150260025;01/26/2015;07:19 AM;3.0;THEFT FROM MOTOR VEHICLE;THEFT OF MOTOR VEHICLE PARTS/ACCESSORIES;;[43.04734716494079, -87.95047776973252]
150260026;01/26/2015;08:11 AM;1.0;THEFT FROM MOTOR VEHICLE;THEFT OF MOTOR VEHICLE PARTS/ACCESSORIES;;[43.03749808666845, -87.916092549231]
150260037;01/26/2015;09:57 AM;3.0;THEFT OF MOTOR VEHICLE PARTS/ACCESSORIES;;;[43.03674876974105, -87.95275758979017]
150260052;01/26/2015;09:45 AM;1.0;THEFT FROM BUILDING;;;[43.03883131631329, -87.91512653436132]
150260069;01/26/2015;01:18 PM;3.0;MOTOR VEHICLE THEFT;;;[43.03614687687798, -87.95314238990858]
150190032;01/25/2015;09:34 AM;1.0;THEFT FROM BUILDING;;;[43.039434411569914, -87.90923048100115]
150250019;01/25/2015;02:51 AM;1.0;THEFT FROM MOTOR VEHICLE;;;[43.043021808111064, -87.91440352080508]
150250041;01/25/2015;09:59 AM;1.0;THEFT FROM BUILDING;;;[43.03443290485575, -87.90724224723112]
150250132;01/25/2015;10:23 PM;1.0;THEFT FROM MOTOR VEHICLE;;;[43.04709538444553, -87.92285640339952]
150250135;01/25/2015;10:53 PM;3.0;THEFT OF MOTOR VEHICLE PARTS/ACCESSORIES;;;[43.04767779439578, -87.94997794992167]
150250143;01/25/2015;10:29 PM;1.0;THEFT FROM MOTOR VEHICLE;;;[43.04709538444553, -87.92285640339952]
150240020;01/24/2015;02:15 AM;1.0;THEFT FROM MOTOR VEHICLE;;;[43.04375526279625, -87.9121877279805]
150240102;01/24/2015;02:43 PM;1.0;THEFT FROM BUILDING;;;[43.03883131631329, -87.91512653436132]
150240109;01/24/2015;03:23 PM;1.0;THEFT FROM BUILDING;;;[43.04097848636917, -87.90551844741765]
150240147;01/24/2015;07:59 PM;3.0;MOTOR VEHICLE THEFT;;;[43.0416119616238, -87.93491082347492]
150230047;01/23/2015;11:43 AM;3.0;THEFT FROM MOTOR VEHICLE;;;[43.048636051713515, -87.9431566497588]
150230050;01/23/2015;11:15 AM;3.0;THEFT OF MOTOR VEHICLE PARTS/ACCESSORIES;;;[43.04327634412908, -87.93842024519739]
150240018;01/23/2015;08:17 PM;3.0;THEFT FROM COIN-OPPERATED MACHINES;;;[43.04280779914171, -87.93778269871183]
150220040;01/22/2015;11:30 AM;3.0;THEFT OF MOTOR VEHICLE PARTS/ACCESSORIES;;;[43.050430760372365, -87.94276716057522]
150220055;01/22/2015;01:21 PM;3.0;THEFT OF MOTOR VEHICLE PARTS/ACCESSORIES;;;[43.04722327343643, -87.92707722932988]
150220068;01/22/2015;03:41 PM;1.0;THEFT FROM BUILDING;;;[43.043007105094944, -87.92087896239343]
150220082;01/22/2015;06:09 PM;3.0;THEFT FROM MOTOR VEHICLE;;;[43.04722489401473, -87.92715103309291]
150200018;01/20/2015;08:28 AM;3.0;THEFT FROM MOTOR VEHICLE;THEFT OF MOTOR VEHICLE PARTS/ACCESSORIES;;[43.04950090544355, -87.93008755789373]
150200032;01/20/2015;09:42 AM;3.0;MOTOR VEHICLE THEFT;;;[43.049437898940994, -87.95641467119935]
150200076;01/20/2015;12:06 PM;3.0;MOTOR VEHICLE THEFT;;;[43.03881034412319, -87.9553298361023]
150190062;01/19/2015;12:15 PM;1.0;THEFT FROM BUILDING;;;[43.045036047576616, -87.91112526531799]
150190123;01/19/2015;05:58 PM;1.0;THEFT FROM MOTOR VEHICLE;;;[43.04354796187005, -87.91063252407093]
150190166;01/19/2015;09:43 PM;3.0;MOTOR VEHICLE THEFT;;;[43.04434608500492, -87.92725217534684]
150180109;01/18/2015;07:25 PM;1.0;THEFT FROM BUILDING;;;[43.04493220016201, -87.91111407505377]
150170080;01/17/2015;04:40 PM;3.0;THEFT FROM MOTOR VEHICLE;;;[43.03861176302354, -87.93886336095454]
150170083;01/17/2015;04:56 PM;1.0;THEFT FROM BUILDING;;;[43.03885664032276, -87.922370845937]
150170090;01/17/2015;05:12 PM;1.0;THEFT FROM MOTOR VEHICLE;;;[43.03765012695288, -87.916092549231]
150170115;01/17/2015;09:15 PM;1.0;THEFT FROM MOTOR VEHICLE;;;[43.039201089659684, -87.91909501772011]
150170128;01/17/2015;11:04 PM;1.0;THEFT FROM MOTOR VEHICLE;;;[43.04156807920458, -87.91618848890687]
150160041;01/16/2015;10:16 AM;3.0;THEFT FROM MOTOR VEHICLE;;;[43.041650412137926, -87.93161944777853]
150160094;01/16/2015;04:30 PM;1.0;THEFT FROM MOTOR VEHICLE;;;[43.039159826066225, -87.91299850817381]
150150020;01/15/2015;06:32 AM;3.0;MOTOR VEHICLE THEFT;;;[43.04923300909718, -87.95122225999853]
150150069;01/15/2015;09:33 AM;3.0;THEFT FROM COIN-OPPERATED MACHINES;;;[43.04164955508401, -87.95654029659664]
150150082;01/15/2015;04:14 PM;3.0;THEFT OF MOTOR VEHICLE PARTS/ACCESSORIES;;;[43.05045599085241, -87.94269404209558]
150150122;01/15/2015;08:13 PM;3.0;MOTOR VEHICLE THEFT;;;[43.04073198399499, -87.93940861811245]
150140044;01/14/2015;10:08 AM;3.0;MOTOR VEHICLE THEFT;;;[43.04679139470818, -87.95763466180944]
150140060;01/14/2015;12:54 PM;3.0;MOTOR VEHICLE THEFT;;;[43.047226779893094, -87.95271215064446]
150140118;01/14/2015;02:53 PM;3.0;THEFT FROM MOTOR VEHICLE;;;[43.04161757069545, -87.94918279634823]
150140123;01/14/2015;07:50 PM;1.0;THEFT FROM MOTOR VEHICLE;;;[43.03649665559726, -87.90878939861108]
150130036;01/13/2015;10:07 AM;3.0;MOTOR VEHICLE THEFT;;;[43.04382064800558, -87.94289822597159]
150130038;01/13/2015;09:11 AM;1.0;MOTOR VEHICLE THEFT;;;[43.04433320671319, -87.90208799696273]
150130040;01/13/2015;08:25 AM;3.0;THEFT FROM MOTOR VEHICLE;;;[43.04876520155392, -87.95403806790176]
150130054;01/13/2015;12:31 PM;3.0;THEFT FROM MOTOR VEHICLE;THEFT OF MOTOR VEHICLE PARTS/ACCESSORIES;;[43.033165511879986, -87.95526069172678]
150130055;01/13/2015;10:51 AM;3.0;THEFT FROM BUILDING;;;[43.03768616188796, -87.93670683615079]
150130056;01/13/2015;12:37 PM;3.0;THEFT FROM MOTOR VEHICLE;;;[43.0417001266606, -87.94301965513222]
150130066;01/13/2015;01:05 PM;1.0;THEFT FROM MOTOR VEHICLE;;;[43.04272439601516, -87.92031812448107]
150130095;01/13/2015;05:16 PM;3.0;THEFT FROM BUILDING;;;[43.03861187813675, -87.9433003353414]
150130115;01/13/2015;04:22 PM;3.0;THEFT FROM BUILDING;;;[43.04167276029074, -87.94930011021114]
150130130;01/13/2015;10:06 PM;1.0;THEFT FROM MOTOR VEHICLE;THEFT OF MOTOR VEHICLE PARTS/ACCESSORIES;;[43.03738683423609, -87.91854710666286]
150120035;01/12/2015;09:44 AM;3.0;THEFT OF MOTOR VEHICLE PARTS/ACCESSORIES;;;[43.04877158404247, -87.94028397682331]
150120037;01/12/2015;10:01 AM;3.0;THEFT FROM MOTOR VEHICLE;;;[43.044650258203944, -87.94995179583793]
150120039;01/12/2015;10:11 AM;3.0;THEFT FROM BUILDING;;;[43.04034735744568, -87.93601108734106]
150120084;01/12/2015;10:21 AM;3.0;THEFT FROM MOTOR VEHICLE;;;[43.03755468280349, -87.95196043522515]
150120090;01/12/2015;02:37 PM;3.0;THEFT FROM MOTOR VEHICLE;THEFT OF MOTOR VEHICLE PARTS/ACCESSORIES;;[43.04465694736132, -87.95210883865121]
150120152;01/12/2015;10:09 PM;1.0;THEFT FROM BUILDING;;;[43.03872421605081, -87.91053244751367]
150110081;01/11/2015;06:17 PM;1.0;THEFT FROM MOTOR VEHICLE;;;[43.053543023492864, -87.88511817126584]
150110096;01/11/2015;08:31 PM;3.0;THEFT FROM BUILDING;;;[43.04124831535859, -87.94055783387614]
150110112;01/11/2015;10:09 PM;1.0;THEFT FROM MOTOR VEHICLE;;;[43.03876271782627, -87.91355613011052]
150100011;01/10/2015;02:38 AM;1.0;THEFT FROM BUILDING;;;[43.04309351915168, -87.91447829133932]
150100032;01/10/2015;10:56 AM;1.0;THEFT FROM MOTOR VEHICLE;;;[43.0436182834581, -87.91883732777967]
150090062;01/09/2015;03:20 PM;1.0;THEFT OF MOTOR VEHICLE PARTS/ACCESSORIES;;;[43.04045361144608, -87.91300339059325]
150090071;01/09/2015;05:15 PM;1.0;THEFT FROM BUILDING;;;[43.041320908634134, -87.90811768957894]
143520033;01/08/2015;10:38 AM;3.0;THEFT FROM BUILDING;;;[43.04444713912528, -87.94954567099512]
150080015;01/08/2015;09:10 AM;1.0;THEFT OF MOTOR VEHICLE PARTS/ACCESSORIES;;;[43.0444806073952, -87.89966381323364]
150080059;01/08/2015;06:48 PM;3.0;THEFT OF MOTOR VEHICLE PARTS/ACCESSORIES;;;[43.04485913833969, -87.93779318840416]
150080069;01/08/2015;08:02 PM;3.0;THEFT FROM BUILDING;;;[43.04031705389002, -87.9395403229268]
150080090;01/08/2015;10:35 PM;1.0;THEFT FROM MOTOR VEHICLE;;;[43.03190016396252, -87.90687099899662]
150070059;01/07/2015;02:20 PM;1.0;THEFT FROM MOTOR VEHICLE;THEFT OF MOTOR VEHICLE PARTS/ACCESSORIES;;[43.04429929148023, -87.90080751615318]
150070066;01/07/2015;02:32 PM;1.0;THEFT FROM BUILDING;;;[43.038782829365175, -87.91099233113039]
150070068;01/07/2015;02:46 PM;1.0;THEFT FROM BUILDING;;;[43.043007105094944, -87.92087896239343]
150060038;01/06/2015;09:11 AM;3.0;THEFT FROM BUILDING;;;[43.034025016442456, -87.95153637700145]
150060042;01/06/2015;11:49 AM;1.0;THEFT FROM BUILDING;;;[43.035103542795355, -87.90865869384288]
150060070;01/06/2015;04:36 PM;3.0;MOTOR VEHICLE THEFT;;;[43.038786708141174, -87.93878039489852]
150060107;01/06/2015;07:59 PM;1.0;THEFT FROM MOTOR VEHICLE;;;[43.041992465680835, -87.90431089443143]
150060136;01/06/2015;11:20 PM;1.0;THEFT FROM MOTOR VEHICLE;;;[43.04381178338821, -87.91219690376334]
150050045;01/05/2015;12:23 PM;3.0;THEFT FROM MOTOR VEHICLE;;;[43.05011947983121, -87.93707870221954]
150050047;01/05/2015;12:26 PM;1.0;THEFT FROM BUILDING;;;[43.038786214413335, -87.92133526670841]
150050065;01/05/2015;02:43 PM;1.0;THEFT FROM BUILDING;;;[43.04482835364672, -87.9111028847895]
150040062;01/04/2015;03:09 PM;3.0;THEFT FROM MOTOR VEHICLE;;;[43.05011947983121, -87.93707870221954]
150040107;01/04/2015;10:24 PM;3.0;THEFT FROM BUILDING;;;[43.038786708141174, -87.93809039905187]
150030065;01/03/2015;01:58 PM;1.0;THEFT FROM BUILDING;;;[43.04097848636917, -87.90551844741765]
150030083;01/03/2015;05:02 PM;1.0;THEFT FROM BUILDING;;;[43.03370196827234, -87.90878421222084]
150030086;01/03/2015;05:26 PM;3.0;MOTOR VEHICLE THEFT;;;[43.04629398508047, -87.94523269693065]
150020050;01/02/2015;09:34 AM;1.0;THEFT FROM BUILDING;;;[43.03290905850736, -87.90925089021562]
150020084;01/02/2015;02:05 PM;3.0;THEFT OF MOTOR VEHICLE PARTS/ACCESSORIES;;;[43.04444333319435, -87.9302274798136]
150020115;01/02/2015;03:50 PM;3.0;THEFT FROM BUILDING;;;[43.043199761460926, -87.94800027868916]
150020145;01/02/2015;08:45 PM;1.0;THEFT FROM MOTOR VEHICLE;;;[43.04578836194446, -87.92509683315154]
150010042;01/01/2015;04:05 AM;1.0;THEFT FROM BUILDING;;;[43.043406492216945, -87.91448236886544]
150010058;01/01/2015;08:35 AM;1.0;MOTOR VEHICLE THEFT;;;[43.04449918469072, -87.91441497996658]
150010139;01/01/2015;07:27 PM;3.0;THEFT FROM BUILDING;;;[43.0426387967442, -87.93535256057146]
150020010;01/01/2015;09:58 PM;3.0;THEFT FROM BUILDING;;;[43.037710620749635, -87.95282431498936]
150310100;01/31/2015;06:34 PM;7.0;THEFT FROM MOTOR VEHICLE;;;[43.10493303803037, -88.00832958044504]
150300089;01/30/2015;04:48 PM;4.0;MOTOR VEHICLE THEFT;;;[43.10969326743145, -88.04335647981691]
150300130;01/30/2015;09:45 PM;4.0;MOTOR VEHICLE THEFT;;;[43.12183624734604, -88.03846096719911]
150290043;01/29/2015;07:17 AM;7.0;MOTOR VEHICLE THEFT;;;[43.07778598763434, -88.03452579562821]
150290057;01/29/2015;10:30 AM;7.0;MOTOR VEHICLE THEFT;;;[43.087219973923766, -88.03291981869393]
150290095;01/29/2015;03:24 PM;7.0;THEFT FROM BUILDING;;;[43.10140713982872, -88.02508639811799]
150280026;01/28/2015;08:18 AM;4.0;THEFT FROM MOTOR VEHICLE;;;[43.106415459806726, -88.04208453627155]
150280132;01/28/2015;07:34 PM;7.0;THEFT FROM MOTOR VEHICLE;;;[43.097197871085996, -88.00873040558298]
150280149;01/28/2015;09:28 PM;7.0;THEFT FROM BUILDING;;;[43.09587134678634, -88.00869723588795]
150270043;01/27/2015;09:07 AM;7.0;MOTOR VEHICLE THEFT;;;[43.091832029225884, -88.01754111672835]
150260033;01/26/2015;09:37 AM;7.0;MOTOR VEHICLE THEFT;;;[43.0686076705087, -88.03514535117625]
150260038;01/26/2015;09:36 AM;7.0;MOTOR VEHICLE THEFT;;;[43.07236425740564, -88.02505220769245]
150250032;01/25/2015;07:02 AM;4.0;MOTOR VEHICLE THEFT;;;[43.132226556511455, -88.030357885807]
150230023;01/23/2015;06:36 AM;7.0;MOTOR VEHICLE THEFT;;;[43.0912429166284, -88.0124990865628]
150230024;01/23/2015;05:52 AM;4.0;THEFT FROM MOTOR VEHICLE;;;[43.141908204401204, -88.03208993150434]
150230055;01/23/2015;01:20 PM;4.0;MOTOR VEHICLE THEFT;;;[43.11438677433125, -88.05557333993693]
150230059;01/23/2015;01:34 PM;4.0;THEFT FROM MOTOR VEHICLE;;;[43.14129173892371, -88.03307917496318]
150220020;01/22/2015;09:45 AM;7.0;THEFT FROM MOTOR VEHICLE;THEFT OF MOTOR VEHICLE PARTS/ACCESSORIES;;[43.07801940127547, -88.03125109336247]
150220039;01/22/2015;11:28 AM;7.0;MOTOR VEHICLE THEFT;;;[43.09096516551108, -88.04057693977319]
150220077;01/22/2015;06:00 PM;4.0;MOTOR VEHICLE THEFT;;;[43.10607850452044, -88.040881687639]
150210055;01/21/2015;09:56 AM;7.0;MOTOR VEHICLE THEFT;;;[43.08137645805817, -88.02992802785542]
150210088;01/21/2015;01:58 PM;7.0;THEFT FROM BUILDING;;;[43.09003557498289, -88.00792294119003]
150210089;01/21/2015;02:13 PM;7.0;THEFT FROM MOTOR VEHICLE;;;[43.08890876133137, -88.01508040253776]
150210128;01/21/2015;08:08 PM;4.0;MOTOR VEHICLE THEFT;;;[43.126223312956654, -88.02580363982537]
150190038;01/19/2015;09:51 AM;4.0;MOTOR VEHICLE THEFT;;;[43.12742144464505, -88.05069753236444]
150190071;01/19/2015;01:29 PM;7.0;THEFT FROM MOTOR VEHICLE;;;[43.094119385602255, -88.00906253870443]
150190078;01/19/2015;02:05 PM;7.0;THEFT FROM BUILDING;;;[43.10492464285909, -88.01094110464749]
150190156;01/19/2015;08:44 PM;4.0;MOTOR VEHICLE THEFT;;;[43.13907352782218, -88.03922706637525]
150180012;01/18/2015;01:46 AM;4.0;MOTOR VEHICLE THEFT;;;[43.11290300357183, -88.05558608962554]
150160045;01/16/2015;10:49 AM;7.0;MOTOR VEHICLE THEFT;;;[43.08092073650391, -88.00745257507549]
150160114;01/16/2015;05:15 PM;4.0;THEFT FROM BUILDING;;;[43.11951944087059, -88.04112828264334]
150150032;01/15/2015;09:06 AM;7.0;THEFT FROM MOTOR VEHICLE;THEFT OF MOTOR VEHICLE PARTS/ACCESSORIES;;[43.08989439671012, -88.01917638548105]
150140065;01/14/2015;01:37 PM;7.0;THEFT OF MOTOR VEHICLE PARTS/ACCESSORIES;;;[43.104816556040305, -88.01870347158717]
150140078;01/14/2015;03:16 PM;4.0;THEFT OF MOTOR VEHICLE PARTS/ACCESSORIES;;;[43.11409310251577, -88.05557815490715]
150140096;01/14/2015;05:03 PM;4.0;THEFT FROM MOTOR VEHICLE;;;[43.11929521020687, -88.05231600447922]
150130017;01/13/2015;07:06 AM;4.0;MOTOR VEHICLE THEFT;;;[43.137409504146376, -88.03900539068547]
150130079;01/13/2015;03:10 PM;7.0;THEFT OF MOTOR VEHICLE PARTS/ACCESSORIES;;;[43.09706944699849, -88.01882067843081]
150120045;01/12/2015;10:36 AM;7.0;THEFT FROM BUILDING;;;[43.08538456374771, -88.02832368049269]
150100022;01/10/2015;08:17 AM;7.0;THEFT FROM MOTOR VEHICLE;;;[43.11004023936664, -88.02269963787722]
150080019;01/08/2015;10:41 AM;7.0;THEFT OF MOTOR VEHICLE PARTS/ACCESSORIES;;;[43.102303057041524, -88.00709768910627]
150080062;01/08/2015;07:27 PM;4.0;THEFT FROM MOTOR VEHICLE;;;[43.11951944087059, -88.04112828264334]
150070062;01/07/2015;02:53 PM;7.0;MOTOR VEHICLE THEFT;;;[43.10492464285909, -88.01959287590972]
150060017;01/06/2015;07:21 AM;7.0;MOTOR VEHICLE THEFT;;;[43.10842685381732, -88.02226640746795]
150060046;01/06/2015;02:00 PM;7.0;MOTOR VEHICLE THEFT;;;[43.07804732342635, -88.02502562643076]
150060078;01/06/2015;02:49 PM;7.0;THEFT FROM BUILDING;;;[43.08960674315779, -88.03324788598036]
150060117;01/06/2015;09:04 PM;7.0;THEFT FROM MOTOR VEHICLE;;;[43.075703263895605, -88.00748870533869]
150030017;01/03/2015;02:37 AM;7.0;MOTOR VEHICLE THEFT;;;[43.08978912656801, -88.0278989216971]
150020032;01/02/2015;08:24 AM;4.0;THEFT FROM BUILDING;;;[43.13747123361162, -88.03700151410783]
150020098;01/02/2015;07:00 PM;7.0;THEFT FROM BUILDING;;;[43.07524354395548, -88.00811979379267]
150020100;01/02/2015;04:07 PM;7.0;THEFT FROM MOTOR VEHICLE;;;[43.08083445824474, -88.01297560673811]
150020158;01/02/2015;09:54 PM;4.0;MOTOR VEHICLE THEFT;;;[43.13596459039462, -88.04274054673806]
150020130;01/01/2015;07:40 PM;4.0;MOTOR VEHICLE THEFT;;;[43.11729623763233, -88.05477302605351]
150310019;01/31/2015;05:36 AM;5.0;THEFT FROM MOTOR VEHICLE;;;[43.07506019197535, -87.92619632180202]
150310028;01/31/2015;07:16 AM;5.0;THEFT FROM BUILDING;;;[43.07753981351266, -87.90975959263034]
150310065;01/31/2015;01:21 PM;5.0;THEFT OF MOTOR VEHICLE PARTS/ACCESSORIES;;;[43.07971827457982, -87.92974276321718]
150310086;01/31/2015;05:04 PM;5.0;MOTOR VEHICLE THEFT;;;[43.04845883131111, -87.92037821178428]
150310091;01/31/2015;05:34 PM;5.0;THEFT OF MOTOR VEHICLE PARTS/ACCESSORIES;;;[43.0823381939536, -87.92233033867342]
150300032;01/30/2015;07:00 AM;5.0;MOTOR VEHICLE THEFT;;;[43.07115743017238, -87.90750404797268]
150300039;01/30/2015;07:36 AM;5.0;THEFT FROM MOTOR VEHICLE;;;[43.08199850742625, -87.93091126134487]
150300040;01/30/2015;08:24 AM;5.0;THEFT OF MOTOR VEHICLE PARTS/ACCESSORIES;;;[43.07890938745936, -87.92375098691775]
150300041;01/30/2015;08:29 AM;5.0;THEFT OF MOTOR VEHICLE PARTS/ACCESSORIES;;;[43.07712195071855, -87.91383149352782]
150300067;01/30/2015;12:44 PM;5.0;THEFT FROM BUILDING;;;[43.062868845621836, -87.91102766009766]
150290029;01/29/2015;05:57 AM;5.0;MOTOR VEHICLE THEFT;;;[43.054761032896465, -87.9184076613837]
150290045;01/29/2015;08:49 AM;5.0;MOTOR VEHICLE THEFT;;;[43.05902408649348, -87.90927798409092]
150290098;01/29/2015;02:28 PM;5.0;THEFT FROM BUILDING;;;[43.09174955240104, -87.90716539926296]
150290100;01/29/2015;03:46 PM;5.0;THEFT OF MOTOR VEHICLE PARTS/ACCESSORIES;;;[43.08480349198868, -87.93350765085665]
150280035;01/28/2015;09:48 AM;5.0;THEFT OF MOTOR VEHICLE PARTS/ACCESSORIES;;;[43.0774579113546, -87.92743154153163]
150280048;01/28/2015;11:44 AM;5.0;THEFT FROM BUILDING;;;[43.063895346194386, -87.91505962839835]
150280063;01/28/2015;12:19 PM;5.0;THEFT FROM BUILDING;;;[43.080365373664165, -87.92979362887212]
150280100;01/28/2015;05:34 PM;5.0;MOTOR VEHICLE THEFT;;;[43.074078983059735, -87.92387431005062]
150280109;01/28/2015;06:07 PM;5.0;MOTOR VEHICLE THEFT;;;[43.05904250550833, -87.91051811861553]
150270038;01/27/2015;07:27 AM;5.0;MOTOR VEHICLE THEFT;;;[43.056745509298935, -87.90835106634785]
150260036;01/26/2015;09:47 AM;5.0;THEFT FROM MOTOR VEHICLE;;;[43.05920440506037, -87.89929233477267]
150260046;01/26/2015;10:34 AM;5.0;THEFT FROM MOTOR VEHICLE;;;[43.08546548114816, -87.9421078684826]
150260066;01/26/2015;12:47 PM;5.0;THEFT FROM MOTOR VEHICLE;;;[43.0846516495551, -87.94119957030313]
150260136;01/26/2015;08:20 PM;5.0;THEFT FROM MOTOR VEHICLE;;;[43.04724887083984, -87.92022426943373]
150260139;01/26/2015;09:26 PM;5.0;THEFT FROM BUILDING;;;[43.08917718737837, -87.90591974110242]
150250056;01/25/2015;10:32 AM;5.0;THEFT FROM MOTOR VEHICLE;THEFT OF MOTOR VEHICLE PARTS/ACCESSORIES;;[43.07593897710319, -87.92617813031569]
150250062;01/25/2015;01:15 PM;5.0;MOTOR VEHICLE THEFT;;;[43.084619303639045, -87.94237329169329]
150250110;01/25/2015;07:05 PM;1.0;MOTOR VEHICLE THEFT;;;[43.05249845554039, -87.91519265341742]
150240007;01/24/2015;12:59 AM;5.0;MOTOR VEHICLE THEFT;;;[43.08547914994392, -87.93953275872906]
150240083;01/24/2015;12:34 PM;5.0;THEFT FROM BUILDING;;;[43.0702018384452, -87.91255860929164]
150240085;01/24/2015;09:54 AM;5.0;MOTOR VEHICLE THEFT;;;[43.08863031323949, -87.92949034330394]
150240101;01/24/2015;02:23 PM;5.0;THEFT OF MOTOR VEHICLE PARTS/ACCESSORIES;;;[43.089153833783485, -87.90403384028872]
150240168;01/24/2015;09:47 PM;5.0;MOTOR VEHICLE THEFT;;;[43.06833333051986, -87.9095518141641]
150230066;01/23/2015;02:18 PM;5.0;MOTOR VEHICLE THEFT;;;[43.05528430882487, -87.9186942888096]
150230131;01/23/2015;08:31 PM;5.0;MOTOR VEHICLE THEFT;;;[43.05880641728345, -87.91557345245212]
150220014;01/22/2015;07:16 AM;5.0;THEFT OF MOTOR VEHICLE PARTS/ACCESSORIES;;;[43.04787714621443, -87.92012683868188]
150220043;01/22/2015;11:59 AM;5.0;THEFT FROM BUILDING;;;[43.05305438135571, -87.9200116436217]
150220046;01/22/2015;10:58 AM;5.0;THEFT OF MOTOR VEHICLE PARTS/ACCESSORIES;;;[43.089153833783485, -87.90403384028872]
150210073;01/21/2015;12:52 PM;1.0;MOTOR VEHICLE THEFT;;;[43.0506175153871, -87.91487986561253]
150210090;01/21/2015;02:16 PM;5.0;THEFT FROM BUILDING;;;[43.071914814917875, -87.91688561637733]
150200001;01/20/2015;12:06 AM;5.0;THEFT FROM MOTOR VEHICLE;;;[43.0852987108679, -87.89575707103126]
150200029;01/20/2015;08:45 AM;5.0;THEFT OF MOTOR VEHICLE PARTS/ACCESSORIES;;;[43.08622912427575, -87.94209210066913]
150190024;01/19/2015;05:35 AM;5.0;MOTOR VEHICLE THEFT;;;[43.05647856353596, -87.90936644950125]
150190037;01/19/2015;09:46 AM;5.0;THEFT OF MOTOR VEHICLE PARTS/ACCESSORIES;;;[43.08518374063823, -87.93326087059194]
150190042;01/19/2015;09:57 AM;5.0;THEFT FROM MOTOR VEHICLE;;;[43.07346880564194, -87.92255547225648]
150190084;01/19/2015;12:11 PM;5.0;THEFT FROM BUILDING;;;[43.06307713220497, -87.90539140109149]
150190134;01/19/2015;06:18 PM;5.0;THEFT FROM MOTOR VEHICLE;;;[43.04724887083984, -87.92015043149644]
150180001;01/18/2015;12:04 AM;5.0;MOTOR VEHICLE THEFT;;;[43.08700625273747, -87.92715153311599]
150180025;01/18/2015;03:19 AM;5.0;MOTOR VEHICLE THEFT;;;[43.07294276969418, -87.90910050198579]
150180061;01/18/2015;10:08 AM;5.0;MOTOR VEHICLE THEFT;;;[43.0659608973786, -87.91257452639252]
150180082;01/18/2015;11:57 AM;5.0;THEFT FROM BUILDING;;;[43.089234756579856, -87.91113764088863]
150180133;01/18/2015;10:28 PM;5.0;THEFT FROM MOTOR VEHICLE;;;[43.08952087319085, -87.93601360274482]
150170126;01/17/2015;10:32 PM;5.0;MOTOR VEHICLE THEFT;;;[43.08174155672856, -87.93724550127808]
150160029;01/16/2015;08:14 AM;5.0;THEFT FROM MOTOR VEHICLE;;;[43.08693909316571, -87.92343602365281]
150160046;01/16/2015;10:50 AM;5.0;MOTOR VEHICLE THEFT;;;[43.073805874242794, -87.9052107785538]
150160059;01/16/2015;12:35 PM;5.0;MOTOR VEHICLE THEFT;;;[43.059217907481525, -87.89782401796327]
150160068;01/16/2015;12:40 PM;5.0;THEFT FROM BUILDING;;;[43.08320564762363, -87.9353021751545]
150150037;01/15/2015;10:00 AM;5.0;THEFT OF MOTOR VEHICLE PARTS/ACCESSORIES;;;[43.07924281560457, -87.9075073098137]
150150071;01/15/2015;01:18 PM;5.0;THEFT FROM MOTOR VEHICLE;;;[43.0579437093358, -87.89817104115986]
150150083;01/15/2015;04:17 PM;5.0;THEFT OF MOTOR VEHICLE PARTS/ACCESSORIES;;;[43.089153833783485, -87.90403384028872]
150150101;01/15/2015;06:37 PM;5.0;THEFT FROM MOTOR VEHICLE;;;[43.07179348558202, -87.92747945021569]
150130014;01/13/2015;07:21 AM;5.0;MOTOR VEHICLE THEFT;;;[43.05533861078936, -87.91272131193824]
150130069;01/13/2015;11:48 AM;5.0;THEFT FROM MOTOR VEHICLE;;;[43.05436355413582, -87.914282660016]
150140036;01/13/2015;09:33 AM;5.0;THEFT FROM BUILDING;;;[43.08867640439365, -87.89931665154148]
150120031;01/12/2015;08:19 AM;5.0;THEFT OF MOTOR VEHICLE PARTS/ACCESSORIES;;;[43.08117448291716, -87.9137871596489]
150110016;01/11/2015;03:03 AM;5.0;THEFT FROM BUILDING;;;[43.05902906693899, -87.90644307728542]
150110032;01/11/2015;10:24 AM;5.0;THEFT FROM BUILDING;;;[43.06787035953056, -87.90534479552514]
150110042;01/11/2015;09:21 AM;5.0;THEFT FROM MOTOR VEHICLE;THEFT OF MOTOR VEHICLE PARTS/ACCESSORIES;;[43.08700625273747, -87.92715153311599]
150110047;01/11/2015;12:27 PM;5.0;THEFT FROM MOTOR VEHICLE;;;[43.078268262571385, -87.92985175295524]
150090042;01/09/2015;11:36 AM;5.0;THEFT FROM BUILDING;;;[43.085233063056535, -87.89515222929117]
150090067;01/09/2015;05:06 PM;5.0;MOTOR VEHICLE THEFT;;;[43.075822839553496, -87.92870580982446]
150090096;01/09/2015;07:38 PM;5.0;MOTOR VEHICLE THEFT;;;[43.087488985429445, -87.94350335009875]
150080021;01/08/2015;11:18 AM;5.0;THEFT FROM BUILDING;;;[43.08301037063319, -87.92131984783191]
150070030;01/07/2015;02:18 AM;1.0;MOTOR VEHICLE THEFT;;;[43.049876449739486, -87.91624090409368]
150070038;01/07/2015;11:13 AM;5.0;MOTOR VEHICLE THEFT;;;[43.0786844939953, -87.93222799652403]
150060034;01/06/2015;11:56 AM;5.0;MOTOR VEHICLE THEFT;;;[43.08923019162114, -87.91030466182991]
150060071;01/06/2015;04:59 PM;5.0;THEFT FROM MOTOR VEHICLE;;;[43.055928267476645, -87.90506688342913]
150060073;01/06/2015;05:00 PM;5.0;MOTOR VEHICLE THEFT;;;[43.08022409556668, -87.90850766079916]
150050059;01/05/2015;02:26 PM;5.0;MOTOR VEHICLE THEFT;;;[43.084009414903676, -87.91306123498725]
150040102;01/04/2015;09:47 PM;5.0;THEFT FROM MOTOR VEHICLE;;;[43.05688079611292, -87.91118773852253]
150030073;01/03/2015;03:01 PM;5.0;THEFT OF MOTOR VEHICLE PARTS/ACCESSORIES;;;[43.0852987108679, -87.89575707103126]
150030075;01/03/2015;03:48 PM;5.0;THEFT OF MOTOR VEHICLE PARTS/ACCESSORIES;;;[43.048836555563696, -87.92147679571679]
150030076;01/03/2015;03:16 PM;5.0;THEFT FROM BUILDING;;;[43.076122852488766, -87.90398967548236]
150030079;01/03/2015;04:06 PM;5.0;THEFT FROM BUILDING;;;[43.08917718737837, -87.90591974110242]
150020040;01/02/2015;09:46 AM;1.0;MOTOR VEHICLE THEFT;;;[43.0471620008268, -87.91581001282105]
150020106;01/02/2015;10:30 PM;5.0;THEFT FROM BUILDING;;;[43.078881459912566, -87.92155769423141]
150010090;01/01/2015;12:26 PM;5.0;THEFT OF MOTOR VEHICLE PARTS/ACCESSORIES;;;[43.083252534677854, -87.91213350785432]
150010156;01/01/2015;09:34 PM;5.0;THEFT FROM BUILDING;;;[43.07371020706148, -87.91244148968224]
150310022;01/31/2015;05:49 AM;7.0;MOTOR VEHICLE THEFT;;;[43.10458365411347, -87.97460410259646]
150310031;01/31/2015;08:56 AM;7.0;MOTOR VEHICLE THEFT;;;[43.099558896327096, -87.98067045607593]
150310073;01/31/2015;03:44 PM;7.0;THEFT OF MOTOR VEHICLE PARTS/ACCESSORIES;;;[43.07523652564623, -87.97366271656034]
150300045;01/30/2015;09:21 AM;7.0;THEFT OF MOTOR VEHICLE PARTS/ACCESSORIES;;;[43.09345289263797, -87.9673533959417]
150290017;01/29/2015;01:55 AM;7.0;MOTOR VEHICLE THEFT;;;[43.08357757664493, -87.9758415418529]
150290082;01/29/2015;01:31 PM;7.0;MOTOR VEHICLE THEFT;;;[43.10075831944198, -87.96048070222184]
150290126;01/29/2015;07:00 PM;5.0;MOTOR VEHICLE THEFT;;;[43.07729690662802, -87.94721169106589]
150270063;01/27/2015;12:26 PM;5.0;MOTOR VEHICLE THEFT;;;[43.077038776019776, -87.95106178587196]
150270081;01/27/2015;01:41 PM;5.0;MOTOR VEHICLE THEFT;;;[43.079101114825676, -87.94479869040646]
150270113;01/27/2015;06:12 PM;5.0;THEFT OF MOTOR VEHICLE PARTS/ACCESSORIES;;;[43.0703545424293, -87.94486323385041]
150260053;01/26/2015;10:52 AM;7.0;THEFT FROM BUILDING;;;[43.07938781239875, -87.9595748385072]
150260079;01/26/2015;03:42 PM;7.0;MOTOR VEHICLE THEFT;;;[43.08351422929934, -87.95967374594585]
150260151;01/26/2015;09:52 PM;7.0;MOTOR VEHICLE THEFT;;;[43.071085936767645, -87.97357472149542]
150260160;01/26/2015;11:37 PM;7.0;MOTOR VEHICLE THEFT;;;[43.06876597007454, -87.97241722927095]
150250066;01/25/2015;01:32 PM;7.0;THEFT OF MOTOR VEHICLE PARTS/ACCESSORIES;;;[43.089771854188825, -87.9612025547533]
150240042;01/24/2015;05:28 AM;7.0;MOTOR VEHICLE THEFT;;;[43.07378570874454, -87.96204696419528]
150240110;01/24/2015;12:56 PM;7.0;THEFT FROM BUILDING;;;[43.08051150090614, -87.96314071876839]
150240121;01/24/2015;05:02 PM;7.0;MOTOR VEHICLE THEFT;;;[43.08684391611496, -87.96081457822942]
150230029;01/23/2015;08:12 AM;5.0;THEFT FROM MOTOR VEHICLE;;;[43.08819050428946, -87.94829631841958]
150230031;01/23/2015;08:42 AM;7.0;MOTOR VEHICLE THEFT;;;[43.07975911908915, -87.97595844292704]
150230032;01/23/2015;08:42 AM;7.0;MOTOR VEHICLE THEFT;;;[43.07975911908915, -87.97595844292704]
150210080;01/22/2015;11:50 AM;7.0;MOTOR VEHICLE THEFT;;;[43.071973197106445, -87.96867897235592]
150220051;01/22/2015;12:52 PM;7.0;MOTOR VEHICLE THEFT;;;[43.077299195402645, -87.96317834460416]
150220058;01/22/2015;01:51 PM;5.0;THEFT FROM MOTOR VEHICLE;;;[43.080328214576525, -87.94845716576481]
150230004;01/22/2015;12:48 AM;7.0;MOTOR VEHICLE THEFT;;;[43.082698170085564, -87.96422896589331]
150210062;01/21/2015;11:45 AM;7.0;MOTOR VEHICLE THEFT;;;[43.0844940217828, -87.98090537428283]
150210097;01/21/2015;04:04 PM;7.0;MOTOR VEHICLE THEFT;;;[43.07376249724257, -87.96982849478843]
150210145;01/21/2015;09:49 PM;7.0;THEFT OF MOTOR VEHICLE PARTS/ACCESSORIES;;;[43.09053696501002, -87.96992727991926]
150200088;01/20/2015;04:11 PM;7.0;MOTOR VEHICLE THEFT;;;[43.07832961522064, -87.97093800638311]
150200097;01/20/2015;04:41 PM;3.0;MOTOR VEHICLE THEFT;;;[43.064719835652966, -87.96764188046762]
150190048;01/19/2015;10:48 AM;7.0;MOTOR VEHICLE THEFT;;;[43.104617375992234, -87.95867083009398]
150190049;01/19/2015;10:52 AM;7.0;MOTOR VEHICLE THEFT;;;[43.104617375992234, -87.95867083009398]
150190076;01/19/2015;12:14 PM;7.0;THEFT FROM BUILDING;;;[43.073427926059026, -87.96725993120009]
150190124;01/19/2015;05:59 PM;7.0;MOTOR VEHICLE THEFT;;;[43.09985348275313, -87.96394349049893]
150180046;01/18/2015;08:25 AM;7.0;MOTOR VEHICLE THEFT;;;[43.09589899554334, -87.96500977528012]
150180138;01/18/2015;10:49 PM;7.0;MOTOR VEHICLE THEFT;;;[43.09897547913613, -87.96559453336027]
150150094;01/15/2015;04:34 PM;3.0;MOTOR VEHICLE THEFT;;;[43.064719835652966, -87.96764188046762]
150140035;01/14/2015;10:03 AM;7.0;MOTOR VEHICLE THEFT;;;[43.08998011559095, -87.96694820639385]
150140056;01/14/2015;12:16 PM;7.0;THEFT OF MOTOR VEHICLE PARTS/ACCESSORIES;;;[43.1075234047824, -87.98002619974852]
150140092;01/14/2015;05:22 PM;7.0;THEFT FROM BUILDING;;;[43.103728308915436, -87.96388732963578]
150130033;01/13/2015;09:55 AM;7.0;MOTOR VEHICLE THEFT;;;[43.07432689467157, -87.96437260201321]
150130077;01/13/2015;03:07 PM;7.0;THEFT FROM BUILDING;;;[43.08040861846405, -87.96713847955641]
150120025;01/12/2015;07:56 AM;7.0;MOTOR VEHICLE THEFT;;;[43.07256172964122, -87.96088417496395]
150120036;01/12/2015;09:52 AM;7.0;MOTOR VEHICLE THEFT;;;[43.073871446511134, -87.95848330525956]
150120040;01/12/2015;10:20 AM;7.0;THEFT FROM MOTOR VEHICLE;;;[43.09943035442842, -87.96387910083905]
150120050;01/12/2015;11:29 AM;7.0;MOTOR VEHICLE THEFT;;;[43.07298101246488, -87.97104222881501]
150120079;01/12/2015;02:13 PM;5.0;THEFT OF MOTOR VEHICLE PARTS/ACCESSORIES;;;[43.07434475161011, -87.94480721777808]
150110019;01/11/2015;06:46 AM;7.0;MOTOR VEHICLE THEFT;;;[43.10216751392073, -87.97787305099973]
150100041;01/10/2015;12:30 PM;5.0;THEFT OF MOTOR VEHICLE PARTS/ACCESSORIES;ALL OTHER OFFENSES;;[43.07957132086085, -87.94470129562751]
150100041;01/10/2015;12:30 PM;5.0;THEFT OF MOTOR VEHICLE PARTS/ACCESSORIES;;;[43.07957132086085, -87.94470129562751]
150100042;01/10/2015;01:32 PM;7.0;MOTOR VEHICLE THEFT;;;[43.093849228360284, -87.96688716850724]
150100055;01/10/2015;04:06 PM;7.0;THEFT FROM BUILDING;;;[43.08475726593616, -87.96220343993605]
150080016;01/08/2015;09:38 AM;7.0;MOTOR VEHICLE THEFT;;;[43.092978268233594, -87.95702459141097]
150060041;01/06/2015;12:32 PM;7.0;MOTOR VEHICLE THEFT;;;[43.08722690050217, -87.95841427060134]
150050049;01/05/2015;12:58 PM;7.0;THEFT FROM BUILDING;;;[43.10256907020755, -87.97558139766261]
150040041;01/04/2015;10:17 AM;7.0;THEFT FROM MOTOR VEHICLE;;;[43.0975980181351, -87.95810156193676]
150040059;01/04/2015;02:35 PM;7.0;THEFT OF MOTOR VEHICLE PARTS/ACCESSORIES;;;[43.071050507076336, -87.97237340980422]
150030010;01/03/2015;01:47 AM;7.0;MOTOR VEHICLE THEFT;;;[43.08889315359727, -87.97009440003575]
150030029;01/03/2015;05:07 AM;7.0;MOTOR VEHICLE THEFT;;;[43.08469814360552, -87.95844306599395]
150030078;01/03/2015;02:44 PM;7.0;MOTOR VEHICLE THEFT;;;[43.08811743707116, -87.97583386434059]
150020029;01/02/2015;08:27 AM;5.0;MOTOR VEHICLE THEFT;;;[43.07149180980031, -87.94126978577123]
150310121;01/31/2015;09:00 PM;2.0;THEFT FROM MOTOR VEHICLE;;;[43.01458642132741, -87.96198098543334]
150300048;01/30/2015;08:03 AM;2.0;THEFT FROM BUILDING;;;[43.01413049652632, -87.94681572496495]
150300055;01/30/2015;09:44 AM;2.0;THEFT OF MOTOR VEHICLE PARTS/ACCESSORIES;;;[43.02140054849764, -87.95507418492491]
150300091;01/30/2015;04:56 PM;2.0;THEFT OF MOTOR VEHICLE PARTS/ACCESSORIES;;;[43.01515311112826, -87.95153666028784]
150290002;01/29/2015;12:17 AM;3.0;THEFT FROM BUILDING;;;[43.03136225786301, -87.93513110881287]
150290038;01/29/2015;08:13 AM;2.0;MOTOR VEHICLE THEFT;;;[43.02417301717213, -87.94257166055291]
150290134;01/29/2015;07:46 PM;2.0;MOTOR VEHICLE THEFT;;;[43.00671308524181, -87.9468380227558]
150280069;01/28/2015;02:08 PM;2.0;THEFT OF MOTOR VEHICLE PARTS/ACCESSORIES;;;[43.0153588382409, -87.95153127244947]
150280129;01/28/2015;07:56 PM;2.0;MOTOR VEHICLE THEFT;;;[43.01115597087244, -87.95902576732453]
150270028;01/27/2015;08:14 AM;2.0;MOTOR VEHICLE THEFT;;;[43.00419233770731, -87.94093759689179]
150270033;01/27/2015;08:30 AM;2.0;MOTOR VEHICLE THEFT;;;[43.00718697939669, -87.95282431409004]
150270036;01/27/2015;08:35 AM;2.0;THEFT FROM MOTOR VEHICLE;;;[43.00743732547329, -87.95773624473111]
150270037;01/27/2015;08:41 AM;2.0;MOTOR VEHICLE THEFT;;;[43.0147896069559, -87.94358523876696]
150270087;01/27/2015;02:19 PM;2.0;MOTOR VEHICLE THEFT;;;[43.0156678443966, -87.94363995441961]
150270120;01/27/2015;05:29 PM;6.0;BURGLARY/BREAKING AND ENTERING;THEFT FROM BUILDING;;[42.9886041845366, -87.94921890862497]
143250090;01/26/2015;02:00 PM;2.0;THEFT FROM MOTOR VEHICLE;;;[43.020152649226475, -87.95767243783195]
150260028;01/26/2015;07:38 AM;2.0;MOTOR VEHICLE THEFT;;;[43.04056932001919, -87.93941104178538]
150260117;01/26/2015;07:14 PM;2.0;MOTOR VEHICLE THEFT;;;[43.0124365218291, -87.944238312947]
150250029;01/25/2015;05:38 AM;2.0;MOTOR VEHICLE THEFT;;;[43.026378449806714, -87.94785315859559]
150250030;01/25/2015;05:23 AM;2.0;THEFT FROM MOTOR VEHICLE;;;[43.02300025176129, -87.94901930589549]
150250069;01/25/2015;01:00 PM;2.0;THEFT FROM BUILDING;;;[43.003488614608955, -87.94402097828475]
150250080;01/25/2015;03:15 PM;6.0;THEFT FROM BUILDING;;;[42.9886041845366, -87.94921890862497]
150250084;01/25/2015;03:50 PM;2.0;THEFT OF MOTOR VEHICLE PARTS/ACCESSORIES;;;[43.012107431114146, -87.94645085562172]
150240043;01/24/2015;06:30 AM;2.0;THEFT OF MOTOR VEHICLE PARTS/ACCESSORIES;;;[43.02242871281595, -87.94382900090687]
150240055;01/24/2015;08:58 AM;2.0;THEFT FROM MOTOR VEHICLE;;;[43.00840079975819, -87.93713786052308]
150240100;01/24/2015;02:17 PM;2.0;THEFT FROM MOTOR VEHICLE;;;[43.01395033803874, -87.96024256713997]
150240103;01/24/2015;02:48 PM;2.0;THEFT OF MOTOR VEHICLE PARTS/ACCESSORIES;;;[43.00421807090834, -87.95293814308008]
150240106;01/24/2015;03:14 PM;2.0;MOTOR VEHICLE THEFT;;;[43.023083963355305, -87.95259599241035]
150250001;01/24/2015;11:24 PM;2.0;MOTOR VEHICLE THEFT;;;[43.02529145094081, -87.94901930499617]
150230018;01/23/2015;01:32 AM;2.0;MOTOR VEHICLE THEFT;;;[43.007031563956616, -87.94200759407443]
150230042;01/23/2015;10:57 AM;2.0;MOTOR VEHICLE THEFT;;;[43.02106869416599, -87.93995695544834]
150230054;01/23/2015;01:11 PM;2.0;THEFT OF MOTOR VEHICLE PARTS/ACCESSORIES;;;[43.014757694513094, -87.95522625938361]
150220090;01/22/2015;05:11 PM;2.0;THEFT FROM BUILDING;;;[43.00659153737064, -87.93548053679655]
150200068;01/20/2015;01:40 PM;2.0;MOTOR VEHICLE THEFT;;;[43.02382724583185, -87.95295474996095]
150200167;01/20/2015;11:08 PM;2.0;MOTOR VEHICLE THEFT;;;[43.0189262293631, -87.93948344260599]
150180038;01/18/2015;05:35 AM;2.0;MOTOR VEHICLE THEFT;;;[43.00368683058389, -87.95043811322756]
150180047;01/18/2015;08:49 AM;2.0;MOTOR VEHICLE THEFT;;;[43.000781868389595, -87.95292961301044]
150180136;01/18/2015;09:28 PM;2.0;THEFT FROM BUILDING;;;[43.01690392387809, -87.950439831832]
150170027;01/17/2015;05:36 AM;2.0;THEFT OF MOTOR VEHICLE PARTS/ACCESSORIES;;;[43.01856538898261, -87.95150196174535]
150170091;01/17/2015;05:55 PM;3.0;THEFT FROM BUILDING;;;[43.03136225786301, -87.93513110881287]
150180039;01/17/2015;09:01 PM;3.0;THEFT FROM BUILDING;;;[43.03136225786301, -87.93513110881287]
150160021;01/16/2015;03:01 AM;3.0;THEFT FROM MOTOR VEHICLE;;;[43.03136225786301, -87.93513110881287]
150160140;01/16/2015;09:03 PM;2.0;MOTOR VEHICLE THEFT;;;[43.039236653349974, -87.94294846210107]
150140012;01/14/2015;03:19 AM;2.0;MOTOR VEHICLE THEFT;;;[42.996417804738996, -87.95051511857707]
150140042;01/14/2015;10:44 AM;2.0;MOTOR VEHICLE THEFT;;;[43.01419920473063, -87.94239093908982]
150140097;01/14/2015;05:34 PM;2.0;THEFT FROM BUILDING;;;[43.01225599282088, -87.9539646517465]
150130015;01/13/2015;07:46 AM;2.0;THEFT OF MOTOR VEHICLE PARTS/ACCESSORIES;;;[43.03897960732411, -87.94633973179242]
150130061;01/13/2015;12:28 PM;2.0;THEFT OF MOTOR VEHICLE PARTS/ACCESSORIES;;;[42.99672628479129, -87.94937072677686]
150130065;01/13/2015;01:04 PM;2.0;THEFT OF MOTOR VEHICLE PARTS/ACCESSORIES;;;[43.01243550469587, -87.93990106528116]
150130067;01/13/2015;01:19 PM;2.0;THEFT FROM BUILDING;;;[43.01856163341375, -87.94768472277099]
150130075;01/13/2015;02:33 PM;2.0;THEFT FROM BUILDING;;;[43.018135654238165, -87.96081732385966]
150120149;01/12/2015;10:07 PM;2.0;MOTOR VEHICLE THEFT;;;[43.021807935988534, -87.9552360125312]
150090025;01/09/2015;08:00 AM;2.0;THEFT OF MOTOR VEHICLE PARTS/ACCESSORIES;;;[43.01410202039301, -87.94956377434795]
150090033;01/09/2015;10:18 AM;2.0;THEFT FROM MOTOR VEHICLE;;;[43.0124769805293, -87.94660216565666]
150090058;01/09/2015;02:48 PM;2.0;THEFT OF MOTOR VEHICLE PARTS/ACCESSORIES;;;[43.02064384903548, -87.95149932853042]
150080027;01/08/2015;12:25 PM;2.0;THEFT FROM MOTOR VEHICLE;;;[43.00365572932952, -87.94246213302023]
150080045;01/08/2015;04:18 PM;2.0;MOTOR VEHICLE THEFT;;;[43.014103297430324, -87.94945398960914]
150070015;01/07/2015;08:49 AM;2.0;MOTOR VEHICLE THEFT;;;[43.019058428804556, -87.94389842317293]
150070047;01/07/2015;12:21 PM;2.0;MOTOR VEHICLE THEFT;;;[43.00956924842319, -87.94224743247224]
150060061;01/06/2015;03:09 PM;2.0;MOTOR VEHICLE THEFT;;;[43.02265162057694, -87.94093158672257]
150060067;01/06/2015;03:49 PM;2.0;MOTOR VEHICLE THEFT;;;[43.003866419800545, -87.94922656095628]
150060097;01/06/2015;07:20 PM;3.0;THEFT FROM MOTOR VEHICLE;;;[43.03136225786301, -87.93513110881287]
150050016;01/05/2015;03:10 AM;2.0;MOTOR VEHICLE THEFT;;;[43.01246126667519, -87.94542156805016]
150050096;01/05/2015;05:59 PM;2.0;THEFT FROM MOTOR VEHICLE;;;[43.026378449806714, -87.94785315859559]
150040063;01/04/2015;03:11 PM;2.0;THEFT OF MOTOR VEHICLE PARTS/ACCESSORIES;;;[43.0052136869632, -87.95779455767195]
150030051;01/03/2015;12:04 PM;2.0;MOTOR VEHICLE THEFT;;;[43.003182484485194, -87.94968865960317]
150020035;01/02/2015;09:04 AM;2.0;MOTOR VEHICLE THEFT;;;[43.023107049851546, -87.95259599241035]
150010047;01/01/2015;05:31 AM;3.0;THEFT FROM MOTOR VEHICLE;;;[43.03136225786301, -87.93513110881287]
150010151;01/01/2015;09:11 PM;2.0;MOTOR VEHICLE THEFT;;;[43.01771816556197, -87.95370983154271]
150300098;01/30/2015;06:17 PM;4.0;THEFT FROM BUILDING;;;[43.148535099016726, -87.99961048413576]
150280127;01/28/2015;07:29 PM;4.0;MOTOR VEHICLE THEFT;;;[43.17771886653355, -88.01228708308167]
150280138;01/28/2015;03:27 PM;4.0;THEFT FROM BUILDING;MOTOR VEHICLE THEFT;;[43.12252530070316, -87.98413022442952]
150270025;01/27/2015;07:23 AM;4.0;MOTOR VEHICLE THEFT;;;[43.157688265702006, -88.03902559215658]
150270027;01/27/2015;08:13 AM;4.0;MOTOR VEHICLE THEFT;;;[43.122464682799944, -87.98492080045378]
150260024;01/26/2015;08:03 AM;4.0;MOTOR VEHICLE THEFT;;;[43.18080433615228, -88.01566507158503]
150260034;01/26/2015;09:41 AM;4.0;THEFT OF MOTOR VEHICLE PARTS/ACCESSORIES;;;[43.14267239251802, -87.98468129930177]
150240050;01/24/2015;08:08 AM;4.0;THEFT OF MOTOR VEHICLE PARTS/ACCESSORIES;;;[43.13697654713104, -87.97954341489589]
150230021;01/23/2015;05:05 AM;4.0;THEFT FROM MOTOR VEHICLE;;;[43.13949715257263, -88.01650462288927]
150230027;01/23/2015;07:43 AM;4.0;MOTOR VEHICLE THEFT;;;[43.16992496756433, -88.03163870925823]
150220059;01/22/2015;02:03 PM;4.0;THEFT OF MOTOR VEHICLE PARTS/ACCESSORIES;;;[43.11943738762642, -87.9817340231059]
150220066;01/22/2015;02:48 PM;4.0;MOTOR VEHICLE THEFT;;;[43.177844686184415, -88.02471482253026]
150220105;01/22/2015;09:19 PM;4.0;THEFT OF MOTOR VEHICLE PARTS/ACCESSORIES;;;[43.14460648530218, -87.98688240979459]
150200115;01/20/2015;06:10 PM;4.0;THEFT OF MOTOR VEHICLE PARTS/ACCESSORIES;;;[43.1517034906247, -87.98313473427982]
150180112;01/18/2015;06:19 PM;4.0;MOTOR VEHICLE THEFT;;;[43.184170395148726, -88.0147420793827]
150170045;01/17/2015;09:35 AM;4.0;MOTOR VEHICLE THEFT;;;[43.135365590650565, -88.0150323697473]
150170069;01/17/2015;12:54 PM;4.0;THEFT FROM BUILDING;;;[43.1850508224386, -88.01698515404087]
150170079;01/17/2015;04:38 PM;4.0;THEFT OF MOTOR VEHICLE PARTS/ACCESSORIES;;;[43.182381017670934, -88.0280844230569]
150160091;01/16/2015;01:47 PM;4.0;THEFT FROM BUILDING;;;[43.12557371285766, -87.98942116445443]
150160118;01/16/2015;05:35 PM;4.0;THEFT FROM BUILDING;;;[43.18192522866747, -88.0329899613169]
150150150;01/15/2015;11:58 PM;4.0;MOTOR VEHICLE THEFT;;;[43.177613194394496, -88.02349757934905]
150140074;01/14/2015;02:43 PM;4.0;THEFT FROM MOTOR VEHICLE;;;[43.13434435291066, -87.98891607191842]
150140117;01/14/2015;06:56 PM;4.0;MOTOR VEHICLE THEFT;;;[43.1423693884376, -87.98556039739367]
150110117;01/11/2015;11:31 PM;4.0;THEFT FROM BUILDING;;;[43.13532642607481, -88.00214434738297]
150100053;01/10/2015;03:31 PM;4.0;MOTOR VEHICLE THEFT;;;[43.13248352969225, -87.98604967445215]
150080034;01/08/2015;01:17 PM;4.0;THEFT FROM BUILDING;;;[43.11925936143149, -87.97683659852942]
150070104;01/07/2015;09:10 PM;4.0;THEFT FROM MOTOR VEHICLE;;;[43.11925500421614, -87.98383096962277]
150060122;01/06/2015;09:21 PM;4.0;MOTOR VEHICLE THEFT;;;[43.16267014381316, -88.00486015427191]
150050030;01/05/2015;09:52 AM;4.0;THEFT FROM MOTOR VEHICLE;;;[43.17801196907823, -88.0031899072876]
150050054;01/05/2015;01:51 PM;4.0;THEFT FROM BUILDING;;;[43.141325173019425, -87.97707038628852]
150040066;01/04/2015;03:01 PM;4.0;MOTOR VEHICLE THEFT;;;[43.137478930009706, -87.97945509967235]
150040095;01/04/2015;08:03 PM;4.0;MOTOR VEHICLE THEFT;;;[43.141646319123424, -87.98566174829028]
150020078;01/03/2015;02:22 AM;4.0;MOTOR VEHICLE THEFT;;;[43.1485602323699, -88.0024837407313]
150020033;01/02/2015;08:25 AM;4.0;THEFT OF MOTOR VEHICLE PARTS/ACCESSORIES;;;[43.16026234753042, -87.97572933973646]
150020038;01/02/2015;10:06 AM;4.0;MOTOR VEHICLE THEFT;;;[43.17021422190993, -88.03968143355053]
150020049;01/02/2015;10:26 AM;4.0;THEFT OF MOTOR VEHICLE PARTS/ACCESSORIES;;;[43.11752873936092, -87.97632118897093]
150020076;01/02/2015;10:56 AM;4.0;THEFT FROM MOTOR VEHICLE;THEFT OF MOTOR VEHICLE PARTS/ACCESSORIES;;[43.13844101754, -88.01857474892478]
150020162;01/02/2015;10:07 PM;4.0;MOTOR VEHICLE THEFT;;;[43.148535099016726, -87.99961048413576]
150010071;01/01/2015;09:58 AM;4.0;MOTOR VEHICLE THEFT;;;[43.18397533849219, -88.00278906506253]
150010082;01/01/2015;11:43 AM;4.0;MOTOR VEHICLE THEFT;;;[43.121192724865466, -87.99022783204805]
