;Incident Number;Date;Time;Police District;Offense 1;Offense 2;Offense 3;Location;Address
0;151810065;06/30/2015;10:27 AM;5.0;MOTOR VEHICLE THEFT;;;[43.08978762106314, -87.93883689398197];4000 N TEUTONIA AV
1;151800042;06/29/2015;06:35 AM;4.0;MOTOR VEHICLE THEFT;;;[43.1245634427258, -87.94908930391252];2914 W BOBOLINK AV
2;151800053;06/29/2015;09:00 AM;4.0;MOTOR VEHICLE THEFT;;;[43.121772586733215, -87.9562011719659];5719 N 35TH ST
3;151800055;06/29/2015;09:14 AM;4.0;MOTOR VEHICLE THEFT;;;[43.117605838190315, -87.96236015753918];5505 N 40TH ST
4;151800067;06/29/2015;10:40 AM;7.0;MOTOR VEHICLE THEFT;;;[43.11140483819031, -87.9564576503258];5173 N 35TH ST
5;151810001;06/29/2015;11:01 PM;7.0;MOTOR VEHICLE THEFT;;;[43.10577604743512, -87.93954421224497];4821 N 22ND ST
6;151790036;06/28/2015;01:07 AM;7.0;MOTOR VEHICLE THEFT;;;[43.107851567574635, -87.94838117211013];4971 N TEUTONIA AV #LWR
7;151790079;06/28/2015;01:40 PM;4.0;MOTOR VEHICLE THEFT;;;[43.1160660313636, -87.95999863200394];5419 N 38TH ST
8;151790082;06/28/2015;11:49 AM;4.0;MOTOR VEHICLE THEFT;;;[43.11436075698016, -87.93387120310129];5353 N GREEN BAY AV
9;151790083;06/28/2015;02:55 PM;4.0;MOTOR VEHICLE THEFT;;;[43.11436075698016, -87.93387120310129];5353 N GREEN BAY AV
10;151780052;06/27/2015;11:13 AM;4.0;MOTOR VEHICLE THEFT;;;[43.123715466818716, -87.95065075145709];3025 W ORIOLE DR
11;151780079;06/27/2015;03:09 PM;4.0;MOTOR VEHICLE THEFT;;;[43.11182946047075, -87.94739266763806];2726 W VILLARD AV
12;151780100;06/27/2015;04:02 PM;4.0;MOTOR VEHICLE THEFT;;;[43.11276286372555, -87.96006965753918];5239 N 38TH ST
13;151780140;06/27/2015;09:17 PM;4.0;MOTOR VEHICLE THEFT;;;[43.12658429331842, -87.95512524325842];3414 W FLORIST AV
14;151760048;06/25/2015;09:36 AM;4.0;MOTOR VEHICLE THEFT;;;[43.11391490590919, -87.9501708961274];5301 N TEUTONIA AV
15;151760096;06/25/2015;02:33 PM;5.0;MOTOR VEHICLE THEFT;;;[43.09416842670577, -87.93433745855543];1900 W OLIVE ST
16;151750107;06/24/2015;02:43 PM;4.0;MOTOR VEHICLE THEFT;;;[43.12437741104509, -87.95158658621362];5877 N TEUTONIA AV
17;151740053;06/23/2015;09:41 AM;5.0;MOTOR VEHICLE THEFT;;;[43.097933064660445, -87.92788970194452];4453 N GREEN BAY AV
18;151740103;06/23/2015;03:11 PM;4.0;MOTOR VEHICLE THEFT;;;[43.111933484272235, -87.95412052915958];3300 W VILLARD AV
19;151740145;06/23/2015;06:47 PM;4.0;MOTOR VEHICLE THEFT;;;[43.11925251154119, -87.95699058090484];3518 W SILVER SPRING DR
20;151730046;06/22/2015;04:53 AM;7.0;MOTOR VEHICLE THEFT;;;[43.1059560153558, -87.9409874756243];2344 W LINWAL LA
21;151720062;06/21/2015;10:40 AM;4.0;MOTOR VEHICLE THEFT;;;[43.117364482110844, -87.95227033236193];3124 W SHERIDAN AV
22;151720093;06/21/2015;02:41 PM;7.0;MOTOR VEHICLE THEFT;;;[43.11177750678069, -87.94829266763806];2815 W VILLARD AV
23;151710121;06/20/2015;07:43 PM;5.0;MOTOR VEHICLE THEFT;;;[43.09765963386534, -87.94800096755796];4422 N 28TH ST
24;151700152;06/19/2015;05:17 PM;4.0;MOTOR VEHICLE THEFT;;;[43.12895717620306, -87.95224264186731];6151 N TEUTONIA AV
25;151670039;06/16/2015;07:32 AM;5.0;MOTOR VEHICLE THEFT;;;[43.09301233804608, -87.93930646292358];4142 N 22ND ST
26;151660091;06/15/2015;12:57 PM;5.0;MOTOR VEHICLE THEFT;;;[43.10132452510255, -87.94545258090484];2541 W VICTORY LA
27;151650170;06/14/2015;11:44 PM;7.0;MOTOR VEHICLE THEFT;;;[43.10824772985632, -87.97716274243663];5125 W FAIRMOUNT AV
28;151640016;06/13/2015;02:34 AM;5.0;MOTOR VEHICLE THEFT;;;[43.099982779906526, -87.94175111036385];4551 N 24TH ST
29;151640064;06/13/2015;10:37 AM;5.0;MOTOR VEHICLE THEFT;;;[43.093769509414116, -87.94692991194177];4241 N 27TH ST
30;151640116;06/13/2015;08:25 AM;4.0;MOTOR VEHICLE THEFT;;;[43.12436483819033, -87.96100812479058];5867 N 39TH ST
31;151640128;06/13/2015;06:01 PM;4.0;MOTOR VEHICLE THEFT;;;[43.143347949782466, -87.9553881855112];6907 N TEUTONIA AV
32;151640166;06/13/2015;10:41 PM;4.0;MOTOR VEHICLE THEFT;;;[43.12704933706935, -87.96598683082559];6014 N SHERMAN BL
33;151630104;06/12/2015;03:40 PM;4.0;MOTOR VEHICLE THEFT;;;[43.15085752063047, -87.96055427699231];3909 W CLINTON AV
34;151620107;06/11/2015;04:41 PM;4.0;MOTOR VEHICLE THEFT;;;[43.125981830692666, -87.96602422470077];5962 N SHERMAN BL
35;151610065;06/10/2015;10:34 AM;4.0;MOTOR VEHICLE THEFT;;;[43.116146161809695, -87.96465487910454];5420 N 42ND ST
36;151610067;06/10/2015;11:53 AM;5.0;MOTOR VEHICLE THEFT;;;[43.092743467684116, -87.9414924970858];2320 W HOPE AV
37;151610085;06/10/2015;11:16 AM;4.0;MOTOR VEHICLE THEFT;;;[43.128987467153024, -87.96267164174898];4014 W KAUL AV
38;151610106;06/10/2015;04:23 PM;5.0;MOTOR VEHICLE THEFT;;;[43.09241987705574, -87.92443329805548];4136 N GREEN BAY AV
39;151610109;06/10/2015;04:35 PM;4.0;MOTOR VEHICLE THEFT;;;[43.12891245657562, -87.95884122300768];3700 W KAUL AV
40;151610165;06/10/2015;10:19 PM;7.0;MOTOR VEHICLE THEFT;;;[43.1082254787926, -87.95388264210284];3230 W FAIRMOUNT AV
41;151600186;06/09/2015;06:45 PM;5.0;MOTOR VEHICLE THEFT;;;[43.09210763336026, -87.92939491185312];4130 N 15TH ST
42;151600191;06/09/2015;09:13 PM;7.0;MOTOR VEHICLE THEFT;;;[43.10702924562872, -87.96775388631792];4922 N 44TH ST
43;151590119;06/08/2015;04:54 PM;4.0;MOTOR VEHICLE THEFT;;;[43.11925348600596, -87.9564915];3500 W SILVER SPRING DR
44;151590135;06/08/2015;05:48 PM;4.0;MOTOR VEHICLE THEFT;;;[43.11678586372554, -87.95876915753918];5455 N 37TH ST
45;151590147;06/08/2015;05:24 PM;4.0;MOTOR VEHICLE THEFT;;;[43.11196379033719, -87.95758461800685];5200 N 36TH ST
46;151630127;06/08/2015;06:17 PM;5.0;MOTOR VEHICLE THEFT;;;[43.09051399417163, -87.94691386799605];4022 N 27TH ST
47;151570062;06/06/2015;11:02 AM;5.0;MOTOR VEHICLE THEFT;;;[43.098160411593334, -87.94447446505838];4453 N 25TH ST
48;151570073;06/06/2015;12:39 PM;7.0;MOTOR VEHICLE THEFT;;;[43.10915441909515, -87.94529959925535];5035 N 26TH ST
49;151550053;06/04/2015;10:53 AM;4.0;MOTOR VEHICLE THEFT;;;[43.12459529078192, -87.94629910085513];2716 W BOBOLINK AV
50;151540064;06/03/2015;12:20 PM;4.0;MOTOR VEHICLE THEFT;;;[43.14369465944377, -87.95545539110708];6873 N TEUTONIA AV
51;151550004;06/03/2015;11:07 PM;4.0;MOTOR VEHICLE THEFT;;;[43.11188748324192, -87.94990788341512];5200 N TEUTONIA AV
52;151530031;06/02/2015;07:43 AM;5.0;MOTOR VEHICLE THEFT;;;[43.09049722009348, -87.94084388631792];4030 N 23RD ST
53;151520025;06/01/2015;07:15 AM;4.0;MOTOR VEHICLE THEFT;;;[43.12899394298966, -87.9627509707478];4020 W KAUL AV
54;151520053;06/01/2015;10:03 AM;7.0;MOTOR VEHICLE THEFT;;;[43.09924205606212, -87.92858467949637];4519 N GREEN BAY AV
55;151810039;06/30/2015;07:36 AM;3.0;MOTOR VEHICLE THEFT;;;[43.045762339690874, -87.96725990241808];4201 W MARTIN DR
56;151800081;06/29/2015;11:56 AM;7.0;MOTOR VEHICLE THEFT;;;[43.07113845045876, -87.97978954818491];2859 N 53RD ST
57;151770058;06/26/2015;11:07 AM;3.0;MOTOR VEHICLE THEFT;;;[43.03379417526181, -87.95787731706649];3506 W MT VERNON AV
58;151770069;06/26/2015;12:26 PM;3.0;MOTOR VEHICLE THEFT;;;[43.04941263918866, -87.97875337910455];1410 N 52ND ST
59;151740015;06/23/2015;02:15 AM;3.0;MOTOR VEHICLE THEFT;;;[43.048368167638074, -87.96716159536022];1377 N 42ND ST
60;151740146;06/23/2015;06:33 PM;3.0;MOTOR VEHICLE THEFT;;;[43.04790058673322, -87.98522543738835];1314 N 58TH ST
61;151730060;06/22/2015;09:00 AM;7.0;MOTOR VEHICLE THEFT;;;[43.08084715313151, -87.9821438605205];5500 W PHILIP PL
62;151730089;06/22/2015;11:26 AM;3.0;MOTOR VEHICLE THEFT;;;[43.06765667583237, -87.98496770578234];5758 W APPLETON AV
63;151730153;06/22/2015;04:14 PM;3.0;MOTOR VEHICLE THEFT;;;[43.06800654674262, -87.98551127699231];5801 W CENTER ST
64;151720124;06/21/2015;06:38 PM;7.0;MOTOR VEHICLE THEFT;;;[43.07130016763807, -87.98420236078269];2868 N 57TH ST
65;151810147;06/21/2015;06:43 PM;7.0;MOTOR VEHICLE THEFT;;;[43.06860816180969, -87.98208638631792];2724 N 55TH ST
66;151710094;06/20/2015;04:38 PM;7.0;MOTOR VEHICLE THEFT;;;[43.073474483841586, -87.9761812590745];5000 W CHAMBERS ST
67;151700023;06/19/2015;04:17 AM;7.0;MOTOR VEHICLE THEFT;;;[43.08754170079067, -87.99929735778159];3875 N 70TH ST
68;151700197;06/19/2015;09:09 PM;7.0;MOTOR VEHICLE THEFT;;;[43.08814159535195, -88.00711240543343];3900 N 76TH ST
69;151690054;06/18/2015;08:50 AM;7.0;MOTOR VEHICLE THEFT;;;[43.072601481245464, -87.99299991618096];6431 W GIRARD AV
70;151690055;06/18/2015;08:52 AM;7.0;MOTOR VEHICLE THEFT;;;[43.074758294477476, -87.98737884779825];3055 N 60TH ST
71;151690093;06/18/2015;10:04 AM;3.0;MOTOR VEHICLE THEFT;;;[43.02952316000948, -88.00743710461606];7603 W DIXON ST
72;151630126;06/12/2015;06:15 PM;3.0;MOTOR VEHICLE THEFT;;;[43.06419883236194, -87.98631541185313];2476 N 59TH ST
73;151600177;06/09/2015;08:04 PM;7.0;MOTOR VEHICLE THEFT;;;[43.07364844463038, -87.9862490809335];3003 N 59TH ST
74;151590060;06/08/2015;10:20 AM;7.0;MOTOR VEHICLE THEFT;;;[43.07108400000001, -87.98323436410091];2862 N 56TH ST
75;151600004;06/08/2015;09:18 PM;7.0;MOTOR VEHICLE THEFT;;;[43.07537517114739, -87.9785872634089];5200 W BURLEIGH ST
76;151580046;06/07/2015;09:51 AM;7.0;MOTOR VEHICLE THEFT;;;[43.08805153621105, -87.98918517346644];6131 W MELVINA ST
77;151570088;06/06/2015;02:48 PM;3.0;MOTOR VEHICLE THEFT;;;[43.05895183236194, -87.98414288631791];2182 N 57TH ST
78;151540177;06/03/2015;11:29 PM;3.0;MOTOR VEHICLE THEFT;;;[43.06074080224188, -87.97762010826851];5100 W NORTH AV
79;151520010;06/01/2015;02:11 AM;7.0;MOTOR VEHICLE THEFT;;;[43.08727441326678, -87.98950441906649];3846 N 62ND ST
80;151810069;06/30/2015;10:21 AM;6.0;MOTOR VEHICLE THEFT;;;[42.98489091248832, -87.94843751889785];3355 S 27TH ST
81;151800113;06/29/2015;01:44 PM;6.0;MOTOR VEHICLE THEFT;;;[42.98199690758263, -87.94850954602053];3473 S 27TH ST
82;151770111;06/26/2015;04:57 PM;6.0;MOTOR VEHICLE THEFT;;;[42.9883477044563, -87.96080627012905];3721 W OKLAHOMA AV
83;151750054;06/24/2015;07:52 AM;6.0;MOTOR VEHICLE THEFT;;;[42.9750051392758, -88.00919413517606];4060 S 77TH ST
84;151740057;06/23/2015;10:32 AM;6.0;MOTOR VEHICLE THEFT;;;[42.97227707190002, -88.00819404557953];3965 S 76TH ST
85;151740074;06/23/2015;12:50 PM;6.0;MOTOR VEHICLE THEFT;;;[42.97666165128054, -87.94859734871946];3737 S 27TH ST
86;151730021;06/22/2015;01:52 AM;2.0;MOTOR VEHICLE THEFT;;;[43.00351283819032, -87.95910858482863];2255 S 36TH ST
87;151730176;06/22/2015;05:44 PM;6.0;MOTOR VEHICLE THEFT;;;[42.98489091248832, -87.94843751889785];3355 S 27TH ST
88;151730201;06/22/2015;07:20 PM;6.0;MOTOR VEHICLE THEFT;;;[42.98489091248832, -87.94843751889785];3355 S 27TH ST
89;151730206;06/22/2015;08:29 PM;6.0;MOTOR VEHICLE THEFT;;;[42.98489091248832, -87.94843751889785];3355 S 27TH ST
90;151700065;06/21/2015;11:21 AM;2.0;MOTOR VEHICLE THEFT;;;[42.999399511541185, -87.95722066763805];3410 W ARTHUR AV
91;151700100;06/19/2015;11:03 AM;2.0;MOTOR VEHICLE THEFT;;;[43.00408618734491, -87.95901497013695];2228 S 36TH ST
92;151700130;06/19/2015;03:05 PM;6.0;MOTOR VEHICLE THEFT;;;[42.98489091248832, -87.94843751889785];3355 S 27TH ST
93;151680102;06/17/2015;05:41 PM;6.0;MOTOR VEHICLE THEFT;;;[42.98453499599454, -87.95229865136133];3330 S 30TH ST
94;151680114;06/17/2015;06:37 PM;6.0;MOTOR VEHICLE THEFT;;;[42.970373861009996, -88.00869528213686];7636 W WATERFORD AV
95;151680157;06/17/2015;06:35 PM;6.0;MOTOR VEHICLE THEFT;;;[42.97227707190002, -88.00819404557953];3965 S 76TH ST #2
96;151680158;06/17/2015;10:16 PM;6.0;MOTOR VEHICLE THEFT;;;[42.97329802473981, -88.00816702357437];3921 S 76TH ST
97;151670049;06/16/2015;09:47 AM;6.0;MOTOR VEHICLE THEFT;;;[42.98489091248832, -87.94843751889785];3355 S 27TH ST
98;151670093;06/16/2015;01:52 PM;6.0;MOTOR VEHICLE THEFT;;;[42.97604492200935, -88.00707806650678];3761 S 75TH ST
99;151670104;06/16/2015;02:45 PM;6.0;MOTOR VEHICLE THEFT;;;[42.98111953173897, -87.94937347097367];2701 W MORGAN AV
100;151670108;06/16/2015;02:13 PM;6.0;MOTOR VEHICLE THEFT;;;[42.97666165128054, -87.94859734871946];3737 S 27TH ST
101;151660187;06/15/2015;09:32 PM;6.0;MOTOR VEHICLE THEFT;;;[42.97869314458434, -87.9960322307693];6615 W WARNIMONT AV
102;151660188;06/15/2015;09:37 PM;2.0;MOTOR VEHICLE THEFT;;;[43.00394556119801, -87.9605575226497];2235 S 37TH ST
103;151610097;06/10/2015;03:19 PM;6.0;MOTOR VEHICLE THEFT;;;[42.997170950314526, -88.00125294460172];2608 S 71ST ST
104;151590166;06/08/2015;09:31 PM;6.0;MOTOR VEHICLE THEFT;;;[42.980380088016, -87.94856134868154];3557 S 27TH ST
105;151560088;06/05/2015;12:51 PM;6.0;MOTOR VEHICLE THEFT;;;[42.991785450458764, -87.99894851543633];2901 S 69TH ST
106;151560194;06/05/2015;10:55 PM;6.0;MOTOR VEHICLE THEFT;;;[42.980380088016, -87.94856134868154];3557 S 27TH ST
107;151550097;06/04/2015;03:41 PM;6.0;MOTOR VEHICLE THEFT;;;[42.98851245383432, -87.985011544434];5634 W OKLAHOMA AV
108;151540087;06/03/2015;02:59 PM;6.0;MOTOR VEHICLE THEFT;;;[42.98104448124544, -87.99307977407813];6407 W MORGAN AV
109;151810057;06/30/2015;09:53 AM;2.0;MOTOR VEHICLE THEFT;;;[43.01620367638063, -87.92119098268775];1435 S 8TH ST #A
110;151810111;06/30/2015;12:03 PM;2.0;MOTOR VEHICLE THEFT;;;[43.01623682653357, -87.9225344662418];1434 S 9TH ST
111;151800062;06/29/2015;09:53 AM;2.0;MOTOR VEHICLE THEFT;;;[43.018688979602636, -87.91969699164149];1234 S 7TH ST
112;151800116;06/29/2015;12:51 PM;2.0;MOTOR VEHICLE THEFT;;;[43.022940561169335, -87.93384997293558];1635 W NATIONAL AV
113;151800164;06/29/2015;01:53 PM;2.0;MOTOR VEHICLE THEFT;;;[43.015634580904845, -87.91682807761528];1515 S 5TH ST
114;151800197;06/29/2015;08:45 PM;2.0;MOTOR VEHICLE THEFT;;;[43.01391529808416, -87.91978399177702];1610 S 7TH ST
115;151800222;06/29/2015;11:16 PM;2.0;MOTOR VEHICLE THEFT;;;[43.01599253952926, -87.92984135789716];1413 W ORCHARD ST
116;151790006;06/28/2015;12:29 AM;2.0;MOTOR VEHICLE THEFT;;;[43.01028675385547, -87.93429852811451];1700 W BURNHAM ST
117;151790071;06/28/2015;01:23 PM;2.0;MOTOR VEHICLE THEFT;;;[43.02007051399403, -87.92040156841136];723 W WASHINGTON ST
118;151790134;06/28/2015;07:59 PM;2.0;MOTOR VEHICLE THEFT;;;[43.01698554674263, -87.92718316763806];1209 W GREENFIELD AV
119;151770132;06/26/2015;06:34 PM;2.0;MOTOR VEHICLE THEFT;;;[43.01903551399403, -87.930144];1425 W SCOTT ST
120;151750071;06/24/2015;10:32 AM;2.0;MOTOR VEHICLE THEFT;;;[43.016828553147924, -87.91832645764346];1400 S 6TH ST
121;151730055;06/22/2015;08:10 AM;3.0;MOTOR VEHICLE THEFT;;;[43.03127738181295, -87.93132892311255];1515 W CANAL ST
122;151730088;06/22/2015;10:53 AM;2.0;MOTOR VEHICLE THEFT;;;[43.022879512695035, -87.93621351985107];1818 W NATIONAL AV
123;151730115;06/22/2015;12:29 PM;2.0;MOTOR VEHICLE THEFT;;;[43.01909346047075, -87.92149066763807];808 W SCOTT ST
124;151730213;06/22/2015;07:41 PM;2.0;MOTOR VEHICLE THEFT;;;[43.022879512695035, -87.93621351985107];1818 W NATIONAL AV
125;151730234;06/22/2015;10:54 PM;2.0;MOTOR VEHICLE THEFT;;;[43.00520354954125, -87.93107598456368];2158 S 15TH ST
126;151730001;06/21/2015;11:11 PM;2.0;MOTOR VEHICLE THEFT;;;[43.02047733527613, -87.93058055539827];1031 S 15TH ST
127;151730026;06/21/2015;11:17 PM;2.0;MOTOR VEHICLE THEFT;;;[43.021332, -87.91407905539828];935 S 3RD ST
128;151710059;06/20/2015;11:14 AM;2.0;MOTOR VEHICLE THEFT;;;[43.01909346047075, -87.92149066763807];808 W SCOTT ST
129;151710067;06/20/2015;12:36 PM;2.0;MOTOR VEHICLE THEFT;;;[43.017713664723885, -87.93675338631792];1314 S 19TH ST
130;151710111;06/20/2015;06:00 PM;2.0;MOTOR VEHICLE THEFT;;;[43.002896467684124, -87.92544250582837];1018 W LINCOLN AV
131;151700073;06/19/2015;10:44 AM;2.0;MOTOR VEHICLE THEFT;;;[43.012322474897466, -87.92746199999999];1218 W HISTORIC MITCHELL ST
132;151690047;06/18/2015;07:17 AM;2.0;MOTOR VEHICLE THEFT;;;[43.01803952120739, -87.92811373022104];1241 W MADISON ST
133;151690072;06/18/2015;10:14 AM;2.0;MOTOR VEHICLE THEFT;;;[43.019757, -87.93801641517136];1110 S 20TH ST
134;151690143;06/18/2015;05:35 PM;2.0;MOTOR VEHICLE THEFT;;;[43.02004842271176, -87.93312973085386];1601 W WASHINGTON ST
135;151690165;06/18/2015;06:50 PM;2.0;MOTOR VEHICLE THEFT;;;[43.01226751399403, -87.92218366763807];829 W HISTORIC MITCHELL ST
136;151680093;06/17/2015;04:07 PM;2.0;MOTOR VEHICLE THEFT;;;[43.02084328642738, -87.91131976397922];1009 S 1ST ST
137;151670004;06/16/2015;12:22 AM;2.0;MOTOR VEHICLE THEFT;;;[43.01796182298295, -87.92932834830746];1305 S 14TH ST
138;151670051;06/16/2015;09:57 AM;2.0;MOTOR VEHICLE THEFT;;;[43.02199657507646, -87.91684294070657];900 S 5TH ST
139;151670095;06/16/2015;12:47 PM;2.0;MOTOR VEHICLE THEFT;;;[43.0190715004327, -87.93383441909516];1624 W SCOTT ST
140;151650035;06/14/2015;05:21 AM;2.0;MOTOR VEHICLE THEFT;;;[43.020054000000016, -87.93809005929342];1101 S 20TH ST
141;151650044;06/14/2015;07:21 AM;2.0;MOTOR VEHICLE THEFT;;;[43.007175754371275, -87.9200415337582];2051 S 7TH ST
142;151650060;06/14/2015;10:18 AM;2.0;MOTOR VEHICLE THEFT;;;[43.007175754371275, -87.92146108814687];2051 S 8TH ST
143;151650067;06/14/2015;11:23 AM;2.0;MOTOR VEHICLE THEFT;;;[43.0141734704254, -87.93597851621574];1586 S MUSKEGO AV
144;151650079;06/14/2015;12:50 PM;2.0;MOTOR VEHICLE THEFT;;;[43.00953328282071, -87.93672056650678];1929 S 19TH ST
145;151650089;06/14/2015;11:49 AM;2.0;MOTOR VEHICLE THEFT;;;[43.01524146321206, -87.93630145793192];1538 S UNION ST
146;151650105;06/14/2015;04:12 PM;2.0;MOTOR VEHICLE THEFT;;;[43.022879512695035, -87.93621351985107];1818 W NATIONAL AV
147;151650111;06/14/2015;03:24 PM;2.0;MOTOR VEHICLE THEFT;;;[43.022879512695035, -87.93621351985107];1818 W NATIONAL AV
148;151640110;06/13/2015;03:35 PM;2.0;MOTOR VEHICLE THEFT;;;[43.005823994171635, -87.9332424551333];2126 S 16TH ST
149;151640175;06/13/2015;11:48 PM;2.0;MOTOR VEHICLE THEFT;;;[42.99674324562872, -87.92986291185314];2638 S 14TH ST
150;151620041;06/11/2015;08:44 AM;2.0;MOTOR VEHICLE THEFT;;;[43.01324949763408, -87.91099979242864];1651 S 1ST ST
151;151610027;06/10/2015;05:27 AM;2.0;MOTOR VEHICLE THEFT;;;[43.02215152510252, -87.92495083236193];1033 W WALKER ST
152;151610042;06/10/2015;09:16 AM;2.0;MOTOR VEHICLE THEFT;;;[43.01700752842076, -87.92895166763806];1339 W GREENFIELD AV
153;151610149;06/10/2015;08:52 PM;2.0;MOTOR VEHICLE THEFT;;;[43.019025539529245, -87.92759258381903];1225 W SCOTT ST
154;151600024;06/09/2015;07:16 AM;2.0;MOTOR VEHICLE THEFT;;;[42.99608686372554, -87.92995758482863];2673 S 14TH ST
155;151560045;06/06/2015;08:41 AM;2.0;MOTOR VEHICLE THEFT;;;[43.010335676380635, -87.91999054097155];1829 S 7TH ST
156;151520042;06/01/2015;09:34 AM;2.0;MOTOR VEHICLE THEFT;;;[43.01903551399403, -87.92863208381902];1321 W SCOTT ST
157;151810113;06/30/2015;02:47 PM;6.0;MOTOR VEHICLE THEFT;;;[42.976998282820716, -87.93633004097155];3717 S 18TH ST
158;151810172;06/30/2015;09:11 PM;2.0;MOTOR VEHICLE THEFT;;;[43.00551045045876, -87.9354405337582];2145 S 18TH ST
159;151800074;06/29/2015;11:11 AM;6.0;MOTOR VEHICLE THEFT;;;[42.981211521207406, -87.94619116763806];2509 W MORGAN AV
160;151800096;06/29/2015;11:40 AM;6.0;MOTOR VEHICLE THEFT;;;[42.97948853952925, -87.946074];2503 W WARNIMONT AV
161;151800192;06/29/2015;06:32 PM;6.0;MOTOR VEHICLE THEFT;;;[42.98202173427639, -87.94392779721166];2307 W VERONA CT
162;151800209;06/29/2015;04:41 PM;2.0;MOTOR VEHICLE THEFT;;;[43.000713670552244, -87.93706397013695];2418 S 19TH ST
163;151770035;06/26/2015;08:15 AM;6.0;MOTOR VEHICLE THEFT;;;[42.931286488458824, -87.94233008381903];2211 W ALVINA AV
164;151770041;06/26/2015;09:14 AM;6.0;MOTOR VEHICLE THEFT;;;[42.97381748124544, -87.94450366763806];2327 W HOWARD AV
165;151750099;06/24/2015;02:06 PM;6.0;MOTOR VEHICLE THEFT;;;[42.95190551284019, -87.9172016276761];501 W EDGERTON AV
166;151750116;06/24/2015;03:38 PM;6.0;MOTOR VEHICLE THEFT;;;[42.97957901641727, -87.9469042511973];2536 W WARNIMONT AV
167;151730222;06/22/2015;09:54 PM;6.0;MOTOR VEHICLE THEFT;;;[42.98562657951987, -87.93384059608044];3237 S 16TH ST
168;151720053;06/21/2015;07:21 AM;6.0;MOTOR VEHICLE THEFT;;;[42.98593458090485, -87.93375647013696];3224 S 16TH ST
169;151720054;06/21/2015;08:53 AM;6.0;MOTOR VEHICLE THEFT;;;[42.9769053701467, -87.94817849154101];3730 S 27TH ST
170;151720086;06/21/2015;01:17 PM;6.0;MOTOR VEHICLE THEFT;;;[42.96013371193532, -87.9438229432745];4601 S 23RD ST
171;151710012;06/20/2015;02:17 AM;2.0;MOTOR VEHICLE THEFT;;;[43.00160428282069, -87.93453949711447];2361 S 17TH ST
172;151700114;06/19/2015;01:56 PM;6.0;MOTOR VEHICLE THEFT;;;[42.95190551284019, -87.9172016276761];501 W EDGERTON AV
173;151700117;06/19/2015;01:58 PM;6.0;MOTOR VEHICLE THEFT;;;[42.95190551284019, -87.9172016276761];501 W EDGERTON AV
174;151690016;06/18/2015;04:09 AM;6.0;MOTOR VEHICLE THEFT;;;[42.98266900582837, -87.93737756650677];3409 S 19TH ST
175;151690105;06/18/2015;01:38 PM;6.0;MOTOR VEHICLE THEFT;;;[42.978223980293166, -87.93511806708369];3635 S 17TH ST
176;151680007;06/17/2015;12:51 AM;6.0;MOTOR VEHICLE THEFT;;;[42.923779473455184, -87.93164127208662];1401 W GIUFFRE CT
177;151680112;06/17/2015;06:34 PM;6.0;MOTOR VEHICLE THEFT;;;[42.98839754342441, -87.93937311226844];2025 W OKLAHOMA AV
178;151690001;06/17/2015;07:39 PM;6.0;MOTOR VEHICLE THEFT;;;[42.98839754342441, -87.93937311226844];2025 W OKLAHOMA AV
179;151670010;06/16/2015;01:45 AM;6.0;MOTOR VEHICLE THEFT;;;[42.96757449708582, -87.94373007372015];4257 S 23RD ST
180;151670014;06/16/2015;02:35 AM;6.0;MOTOR VEHICLE THEFT;;;[42.96796449567217, -87.94607450291419];2511 W LEROY AV
181;151670112;06/16/2015;03:19 PM;6.0;MOTOR VEHICLE THEFT;;;[42.98853447331001, -87.94492352983438];2500 W OKLAHOMA AV
182;151650050;06/14/2015;08:37 AM;6.0;MOTOR VEHICLE THEFT;;;[42.96035242871944, -87.93882862224048];4618 S 20TH ST
183;151630028;06/12/2015;07:10 AM;6.0;MOTOR VEHICLE THEFT;;;[42.97153500000002, -87.91815103707641];4017 S 5TH PL
184;151600010;06/09/2015;01:19 AM;6.0;MOTOR VEHICLE THEFT;;;[42.945632497085825, -87.94885546566488];5444 S 27TH ST
185;151590156;06/08/2015;08:28 PM;6.0;MOTOR VEHICLE THEFT;;;[42.961326275033436, -87.93884178232581];4570 S 20TH ST
186;151580095;06/07/2015;04:38 PM;6.0;MOTOR VEHICLE THEFT;;;[42.94463840340626, -87.92936791330978];5500 S 13TH ST
187;151540002;06/03/2015;12:05 AM;6.0;MOTOR VEHICLE THEFT;;;[42.96650247879261, -87.91370083236194];208 W BOLIVAR AV
188;151530034;06/02/2015;08:30 AM;6.0;MOTOR VEHICLE THEFT;;;[42.96751748124546, -87.93204227699232];1503 W LEROY AV
189;151530070;06/02/2015;12:35 PM;6.0;MOTOR VEHICLE THEFT;;;[42.94067413627445, -87.94898250779121];5700 S 27TH ST
190;151520063;06/01/2015;11:47 AM;2.0;MOTOR VEHICLE THEFT;;;[42.99931674271454, -87.93556650678066];2488 S 18TH ST
191;151810038;06/30/2015;05:30 AM;6.0;MOTOR VEHICLE THEFT;;;[42.99001082653356, -87.92018596292358];3002 S 7TH ST
192;151810040;06/30/2015;08:07 AM;6.0;MOTOR VEHICLE THEFT;;;[42.982756478792616, -87.88032963918864];2306 E HOLT AV
193;151810146;06/30/2015;06:20 PM;6.0;MOTOR VEHICLE THEFT;;;[42.995124586733226, -87.89680759925535];2721 S LOGAN AV
194;151790010;06/28/2015;12:39 AM;2.0;MOTOR VEHICLE THEFT;;;[42.998498329447756, -87.92243341185313];2530 S 9TH ST
195;151790148;06/28/2015;07:29 PM;6.0;MOTOR VEHICLE THEFT;;;[42.969923453257394, -87.89830127699231];838 E WATERFORD AV
196;151780105;06/27/2015;04:53 PM;2.0;MOTOR VEHICLE THEFT;;;[42.99919448211082, -87.91849022592187];574 W ARTHUR AV
197;151770031;06/26/2015;06:52 AM;2.0;MOTOR VEHICLE THEFT;;;[42.99700528282071, -87.92011954818491];2627 S 7TH ST
198;151730132;06/22/2015;02:52 PM;6.0;MOTOR VEHICLE THEFT;;;[43.000608532315894, -87.90107383236193];643 E CONWAY ST
199;151720052;06/21/2015;08:10 AM;2.0;MOTOR VEHICLE THEFT;;;[43.00084732944774, -87.91879397013695];2434 S 6TH ST
200;151720065;06/21/2015;11:22 AM;6.0;MOTOR VEHICLE THEFT;;;[42.99362458437396, -87.8894651514464];2744 S FULTON ST
201;151720147;06/21/2015;09:25 PM;6.0;MOTOR VEHICLE THEFT;;;[42.98765483819031, -87.92757851543632];3123 S 12TH ST
202;151710019;06/20/2015;03:46 AM;6.0;MOTOR VEHICLE THEFT;;;[42.979445632812016, -87.90857041675788];3575 S HOWELL AV
203;151710125;06/20/2015;07:17 PM;6.0;MOTOR VEHICLE THEFT;;;[42.98832550822297, -87.9196905];620 W OKLAHOMA AV
204;151700063;06/19/2015;10:22 AM;6.0;MOTOR VEHICLE THEFT;;;[42.99909408964743, -87.90864104428977];2501 S GREELEY ST
205;151700121;06/19/2015;02:19 PM;6.0;MOTOR VEHICLE THEFT;;;[42.99600149321933, -87.90563266763806];346 E DOVER ST
206;151700153;06/19/2015;07:41 PM;6.0;MOTOR VEHICLE THEFT;;;[42.98382866472389, -87.92153341185313];3336 S 8TH ST
207;151700200;06/19/2015;10:43 PM;6.0;MOTOR VEHICLE THEFT;;;[42.98238950346244, -87.9138];227 W HOLT AV
208;151690050;06/18/2015;07:59 AM;2.0;MOTOR VEHICLE THEFT;;;[42.999056077990645, -87.91693246292358];2502 S 5TH ST
209;151690195;06/18/2015;09:39 PM;6.0;MOTOR VEHICLE THEFT;;;[42.98480986372556, -87.92160004818491];3277 S 8TH ST
210;151650055;06/14/2015;09:48 AM;6.0;MOTOR VEHICLE THEFT;;;[42.997813950343186, -87.90323851485941];514 E OTJEN ST
211;151650074;06/14/2015;12:02 PM;6.0;MOTOR VEHICLE THEFT;;;[42.971776492353946, -87.89555330682671];1105 E NORWICH ST
212;151650082;06/14/2015;01:07 PM;6.0;MOTOR VEHICLE THEFT;;;[42.99822958673323, -87.89676108482863];2549 S LOGAN AV
213;151650125;06/14/2015;07:24 PM;6.0;MOTOR VEHICLE THEFT;;;[42.99822958673323, -87.89676108482863];2549 S LOGAN AV
214;151630095;06/12/2015;01:41 PM;6.0;MOTOR VEHICLE THEFT;;;[42.99020712, -87.92515512];1000 W MANITOBA ST
215;151600021;06/09/2015;06:17 AM;6.0;MOTOR VEHICLE THEFT;;;[42.995225460470756, -87.90592066763806];328 E ROSEDALE AV
216;151600023;06/09/2015;06:47 AM;6.0;MOTOR VEHICLE THEFT;;;[42.993650875440416, -87.90970745848014];133 E MONTANA ST
217;151600205;06/09/2015;11:13 PM;6.0;MOTOR VEHICLE THEFT;;;[42.98826995894153, -87.87549157977966];3092 S WENTWORTH AV
218;151580155;06/08/2015;12:50 AM;6.0;MOTOR VEHICLE THEFT;;;[42.985043665820406, -87.88176024871579];3287 S KINNICKINNIC AV
219;151590004;06/08/2015;12:16 AM;6.0;MOTOR VEHICLE THEFT;;;[42.99352325728549, -87.88712446292358];2764 S ELLEN ST
220;151590010;06/08/2015;12:44 AM;6.0;MOTOR VEHICLE THEFT;;;[43.004763838190314, -87.90155804154847];2147 S WINCHESTER ST
221;151590035;06/08/2015;07:20 AM;6.0;MOTOR VEHICLE THEFT;;;[42.98986738190317, -87.92140399177703];3006 S 8TH ST
222;151590100;06/08/2015;02:35 PM;6.0;MOTOR VEHICLE THEFT;;;[42.996364241445114, -87.89917483660285];2617 S PINE AV
223;151580034;06/07/2015;07:18 AM;6.0;MOTOR VEHICLE THEFT;;;[42.997413633388916, -87.89596145380564];1028 E POTTER AV
224;151580077;06/07/2015;01:57 PM;6.0;MOTOR VEHICLE THEFT;;;[42.989890653326924, -87.88066868333419];2965 S DELAWARE AV
225;151580123;06/07/2015;07:54 PM;6.0;MOTOR VEHICLE THEFT;;;[42.99201552174081, -87.91908971438298];600 W DAKOTA ST
226;151570031;06/06/2015;04:24 AM;6.0;MOTOR VEHICLE THEFT;;;[43.001824493219324, -87.89796];900 E LINUS ST
227;151560042;06/05/2015;08:28 AM;6.0;MOTOR VEHICLE THEFT;;;[42.989058251457095, -87.8968144773503];3024 S LOGAN AV
228;151560113;06/05/2015;03:15 PM;6.0;MOTOR VEHICLE THEFT;;;[42.97724874271452, -87.90570394791995];3700 S WHITNALL AV
229;151550060;06/04/2015;12:15 PM;6.0;MOTOR VEHICLE THEFT;;;[42.98187450043268, -87.8826237485429];2116 E VOLLMER AV
230;151550119;06/04/2015;06:32 PM;6.0;MOTOR VEHICLE THEFT;;;[42.996663563996606, -87.89494117972751];1122 E RUSSELL AV
231;151540112;06/03/2015;05:47 PM;6.0;MOTOR VEHICLE THEFT;;;[43.00041988469686, -87.90206450097506];2440 S KINNICKINNIC AV
232;151530025;06/02/2015;06:40 AM;6.0;MOTOR VEHICLE THEFT;;;[42.97739345325738, -87.90455233236193];434 E BRADLEY AV
233;151530108;06/02/2015;05:02 PM;6.0;MOTOR VEHICLE THEFT;;;[42.9919801222455, -87.9263206222455];1100 W DAKOTA ST
234;151790054;06/28/2015;09:44 AM;3.0;MOTOR VEHICLE THEFT;;;[43.05300392921235, -87.9269917599985];1722 N 12TH ST
235;151780029;06/27/2015;07:15 AM;3.0;MOTOR VEHICLE THEFT;;;[43.066890115182645, -87.94740904097155];2647 N 27TH ST
236;151770037;06/26/2015;08:43 AM;3.0;MOTOR VEHICLE THEFT;;;[43.06076813016485, -87.94634026827863];2600 W NORTH AV
237;151770049;06/26/2015;10:08 AM;3.0;MOTOR VEHICLE THEFT;;;[43.06499969608748, -87.93629959925535];2541 N 19TH ST
238;151710142;06/20/2015;02:42 PM;3.0;MOTOR VEHICLE THEFT;;;[43.05399599412003, -87.92959957808934];1338 W FOND DU LAC AV
239;151700090;06/19/2015;12:05 PM;3.0;MOTOR VEHICLE THEFT;;;[43.041722467684124, -87.95805308381902];3508 W KILBOURN AV
240;151690013;06/18/2015;01:24 AM;3.0;MOTOR VEHICLE THEFT;;;[43.05612861783702, -87.93264369175964];1540 W FOND DU LAC AV
241;151690156;06/18/2015;06:29 PM;3.0;MOTOR VEHICLE THEFT;;;[43.04218238762698, -87.9631604442679];4000 W STATE ST
242;151660014;06/15/2015;01:21 AM;3.0;MOTOR VEHICLE THEFT;;;[43.05385732944774, -87.93514238631792];1748 N 18TH ST
243;151660112;06/15/2015;02:34 PM;3.0;MOTOR VEHICLE THEFT;;;[43.06776241326679, -87.969913430175];2676 N 45TH ST
244;151650118;06/14/2015;06:04 PM;3.0;MOTOR VEHICLE THEFT;;;[43.04029150288552, -87.96093283236193];3745 W WELLS ST
245;151640100;06/13/2015;02:20 PM;3.0;MOTOR VEHICLE THEFT;;;[43.06261617346644, -87.94624909925535];2407 N 26TH ST
246;151620009;06/11/2015;12:59 AM;3.0;MOTOR VEHICLE THEFT;;;[43.06600650043269, -87.94053];2218 W CLARKE ST
247;151610053;06/10/2015;10:40 AM;3.0;MOTOR VEHICLE THEFT;;;[43.06313641326679, -87.96879338631791];2428 N 44TH ST
248;151600088;06/09/2015;12:50 PM;3.0;MOTOR VEHICLE THEFT;;;[43.06669255536963, -87.97614286078269];2624 N 50TH ST
249;151600153;06/09/2015;06:18 PM;3.0;MOTOR VEHICLE THEFT;;;[43.03888818172833, -87.96084796095937];3732 W WISCONSIN AV
250;151590098;06/08/2015;01:48 PM;3.0;MOTOR VEHICLE THEFT;;;[43.06603948773672, -87.94928372592187];2816 W CLARKE ST
251;151570049;06/06/2015;09:56 AM;3.0;MOTOR VEHICLE THEFT;;;[43.06642258673324, -87.97497006982499];2617 N 49TH ST
252;151570092;06/06/2015;03:37 PM;3.0;MOTOR VEHICLE THEFT;;;[43.06048649321932, -87.93320005536961];1622 W NORTH AV
253;151570098;06/06/2015;04:36 PM;3.0;MOTOR VEHICLE THEFT;;;[43.066890115182645, -87.94740904097155];2647 N 27TH ST
254;151550151;06/04/2015;03:46 PM;3.0;MOTOR VEHICLE THEFT;;;[43.06444268645016, -87.95107120559742];2510 N 30TH ST
255;151540119;06/03/2015;03:51 PM;3.0;MOTOR VEHICLE THEFT;;;[43.062156419095174, -87.94501114311245];2375 N 25TH ST
256;151520131;06/01/2015;07:35 PM;3.0;MOTOR VEHICLE THEFT;;;[43.0426003411045, -87.95967004818492];943 N 37TH ST
257;151810114;06/30/2015;02:44 PM;7.0;MOTOR VEHICLE THEFT;;;[43.090045497691385, -87.99511056217895];6620 W CAPITOL DR
258;151810187;06/30/2015;09:11 PM;7.0;MOTOR VEHICLE THEFT;;;[43.10464987232389, -88.0064879847079];4780 N 76TH ST
259;151800180;06/29/2015;07:24 PM;4.0;MOTOR VEHICLE THEFT;;;[43.125171706070795, -88.01574537131427];5902 N 84TH ST
260;151780062;06/27/2015;12:51 PM;4.0;MOTOR VEHICLE THEFT;;;[43.11353700000001, -88.0146181392173];5257 N 83RD ST
261;151780147;06/27/2015;09:47 PM;7.0;MOTOR VEHICLE THEFT;;;[43.10070358673323, -88.00187288631791];4572 N 72ND ST
262;151780152;06/27/2015;09:41 PM;7.0;MOTOR VEHICLE THEFT;;;[43.090134401484285, -87.98439297263099];5700 W CAPITOL DR
263;151770116;06/26/2015;05:26 PM;7.0;MOTOR VEHICLE THEFT;;;[43.09197400582838, -87.99705762479059];4101 N 68TH ST
264;151770160;06/26/2015;08:59 PM;7.0;MOTOR VEHICLE THEFT;;;[43.100483677505814, -87.98952088868384];6222 W FOND DU LAC AV
265;151750049;06/24/2015;07:03 AM;7.0;MOTOR VEHICLE THEFT;;;[43.11207751399405, -87.995673];6727 W VILLARD AV
266;151750091;06/24/2015;09:44 AM;7.0;MOTOR VEHICLE THEFT;;;[43.11197648124544, -87.98706377699231];6027 W VILLARD AV #A
267;151750137;06/24/2015;05:11 PM;4.0;MOTOR VEHICLE THEFT;;;[43.11379025838199, -88.01031761474995];8001 W CUSTER AV
268;151750147;06/24/2015;06:47 PM;7.0;MOTOR VEHICLE THEFT;;;[43.09346551399403, -87.98505325145709];5825 W HOPE AV
269;151840061;06/24/2015;10:15 AM;7.0;MOTOR VEHICLE THEFT;;;[43.09506858090484, -87.99188386078269];4266 N 64TH ST
270;151740171;06/23/2015;09:08 PM;7.0;MOTOR VEHICLE THEFT;;;[43.0984310642953, -87.98687215249755];6000 W FOND DU LAC AV
271;151730137;06/22/2015;01:50 PM;7.0;MOTOR VEHICLE THEFT;;;[43.10497948600596, -87.99491305536961];6630 W HAMPTON AV
272;151730144;06/22/2015;03:46 PM;7.0;MOTOR VEHICLE THEFT;;;[43.090659838190334, -87.9870410809335];4025 N 60TH ST
273;151730182;06/22/2015;06:01 PM;4.0;MOTOR VEHICLE THEFT;;;[43.116448644047054, -88.02724281924496];5429 N 92ND ST
274;151720068;06/21/2015;11:31 AM;7.0;MOTOR VEHICLE THEFT;;;[43.11044086372556, -87.99739010646873];5119 N 69TH ST
275;151710024;06/20/2015;04:25 AM;4.0;MOTOR VEHICLE THEFT;;;[43.11551700000001, -88.00083585356933];5410 N 72ND ST
276;151710027;06/20/2015;05:11 AM;4.0;MOTOR VEHICLE THEFT;;;[43.117194841091035, -87.99129102753282];6421 W BIRCH AV
277;151710054;06/20/2015;09:28 AM;7.0;MOTOR VEHICLE THEFT;;;[43.112025471550595, -88.00594240074464];5186 N 76TH ST
278;151710070;06/20/2015;12:52 PM;4.0;MOTOR VEHICLE THEFT;;;[43.120451557851126, -88.02462991326678];9001 W THURSTON AV
279;151710093;06/20/2015;12:29 PM;7.0;MOTOR VEHICLE THEFT;;;[43.10454653482607, -87.99464114328626];6608 W FOND DU LAC AV
280;151700045;06/19/2015;08:37 AM;7.0;MOTOR VEHICLE THEFT;;;[43.09506958673322, -87.9969891503258];4267 N 68TH ST
281;151700048;06/19/2015;08:57 AM;4.0;MOTOR VEHICLE THEFT;;;[43.11919171590818, -87.99474665422014];6703 W SILVER SPRING DR
282;151700052;06/19/2015;08:14 AM;7.0;MOTOR VEHICLE THEFT;;;[43.09484341326677, -87.9981939190665];4256 N 69TH ST
283;151700057;06/19/2015;09:26 AM;7.0;MOTOR VEHICLE THEFT;;;[43.105365502914196, -87.9914116392173];4821 N 64TH ST
284;151700151;06/19/2015;05:14 PM;7.0;MOTOR VEHICLE THEFT;;;[43.095525788106805, -87.98816821250124];6100 W MARION ST
285;151690043;06/18/2015;05:54 AM;7.0;MOTOR VEHICLE THEFT;;;[43.09872186223717, -87.99684564605322];4478 N 68TH ST
286;151690154;06/18/2015;06:19 PM;4.0;MOTOR VEHICLE THEFT;;;[43.11784599163279, -88.00589387520941];5506 N 76TH ST
287;151690176;06/18/2015;08:17 PM;4.0;MOTOR VEHICLE THEFT;;;[43.11752798003336, -88.03199264305512];9632 W APPLETON AV
288;151680040;06/17/2015;08:06 AM;7.0;MOTOR VEHICLE THEFT;;;[43.09346551399403, -87.98505325145709];5825 W HOPE AV
289;151680057;06/17/2015;12:24 PM;7.0;MOTOR VEHICLE THEFT;;;[43.090045497691385, -87.99511056217895];6620 W CAPITOL DR
290;151670086;06/16/2015;01:11 PM;4.0;MOTOR VEHICLE THEFT;;;[43.11928452452563, -87.99831016763807];6929 W SILVER SPRING DR
291;151670159;06/16/2015;07:44 PM;4.0;MOTOR VEHICLE THEFT;;;[43.11396858090484, -87.98973638631792];5302 N 63RD ST
292;151660081;06/15/2015;11:58 AM;4.0;MOTOR VEHICLE THEFT;;;[43.12186138190319, -88.02076594070657];5724 N 87TH ST
293;151640026;06/13/2015;04:18 AM;4.0;MOTOR VEHICLE THEFT;;;[43.13389853231588, -88.01251191618097];8121 W MILL RD
294;151640058;06/13/2015;11:24 AM;7.0;MOTOR VEHICLE THEFT;;;[43.09404303136361, -88.00298536078269];4218 N 73RD ST
295;151640068;06/13/2015;10:59 AM;7.0;MOTOR VEHICLE THEFT;;;[43.09599524562873, -87.97449391185313];4330 N 49TH ST
296;151630108;06/12/2015;04:13 PM;4.0;MOTOR VEHICLE THEFT;;;[43.12341933527614, -88.03199863200395];5811 N 96TH ST
297;151620089;06/11/2015;02:18 PM;4.0;MOTOR VEHICLE THEFT;;;[43.112298838752196, -88.01818535881338];8552 W VILLARD AV
298;151620157;06/11/2015;09:47 PM;7.0;MOTOR VEHICLE THEFT;;;[43.09346551399403, -87.98505325145709];5825 W HOPE AV
299;151610062;06/10/2015;11:16 AM;4.0;MOTOR VEHICLE THEFT;;;[43.123887419095155, -88.03073817586103];5827 N 95TH CT
300;151610140;06/10/2015;08:18 PM;4.0;MOTOR VEHICLE THEFT;;;[43.132751362456126, -88.00523128994809];6300 N 76TH ST
301;151600073;06/09/2015;10:40 AM;4.0;MOTOR VEHICLE THEFT;;;[43.128565495095245, -88.01816030682672];8519 W KAUL AV
302;151600112;06/09/2015;03:00 PM;7.0;MOTOR VEHICLE THEFT;;;[43.11054471063873, -88.00626477906427];7600 W GRANTOSA DR
303;151600146;06/09/2015;05:44 PM;7.0;MOTOR VEHICLE THEFT;;;[43.105146265992886, -88.00666376599287];7600 W HAMPTON AV
304;151590036;06/08/2015;06:57 AM;7.0;MOTOR VEHICLE THEFT;;;[43.09572725728549, -87.98942960646872];4309 N 62ND ST
305;151580082;06/07/2015;01:44 PM;7.0;MOTOR VEHICLE THEFT;;;[43.110889376074795, -88.01582500288553];5116 N 84TH ST
306;151580096;06/07/2015;05:06 PM;4.0;MOTOR VEHICLE THEFT;;;[43.11226251875454, -88.01070308381902];8002 W VILLARD AV
307;151580113;06/07/2015;06:46 PM;4.0;MOTOR VEHICLE THEFT;;;[43.11224348211084, -88.01925299999999];8600 W VILLARD AV
308;151570050;06/06/2015;10:03 AM;7.0;MOTOR VEHICLE THEFT;;;[43.10865186346574, -88.02057431499236];8710 W APPLETON AV
309;151570104;06/06/2015;05:50 PM;4.0;MOTOR VEHICLE THEFT;;;[43.13389853231588, -88.01251191618097];8121 W MILL RD
310;151570146;06/06/2015;10:41 PM;4.0;MOTOR VEHICLE THEFT;;;[43.133825697244866, -88.02142029969387];8811 W MILL RD
311;151550061;06/04/2015;08:51 AM;7.0;MOTOR VEHICLE THEFT;;;[43.10959352426581, -88.00138015072983];7169 W FOND DU LAC AV
312;151530032;06/02/2015;08:47 AM;7.0;MOTOR VEHICLE THEFT;;;[43.10113312352118, -87.9922405547927];6420 W MEDFORD AV
313;151520011;06/01/2015;02:24 AM;7.0;MOTOR VEHICLE THEFT;;;[43.10808313627447, -87.99611537520941];4940 N 68TH ST
314;151520133;06/01/2015;07:51 PM;7.0;MOTOR VEHICLE THEFT;;;[43.107553257285474, -88.015951092042];4921 N 84TH ST
315;151520170;06/01/2015;10:05 PM;4.0;MOTOR VEHICLE THEFT;;;[43.13388152842076, -88.017282];8447 W MILL RD
316;151810109;06/30/2015;02:22 PM;1.0;MOTOR VEHICLE THEFT;;;[43.05500431181613, -87.88990251704722];1725 E KANE PL
317;151810136;06/30/2015;03:52 PM;1.0;MOTOR VEHICLE THEFT;;;[43.06556763918866, -87.88178290074464];2580 N FARWELL AV
318;151780063;06/27/2015;01:38 PM;5.0;MOTOR VEHICLE THEFT;;;[43.06340360548083, -87.90048102587178];2477 N BREMEN ST
319;151780070;06/27/2015;01:31 PM;1.0;MOTOR VEHICLE THEFT;;;[43.05506430391253, -87.89369236799605];1828 N WARREN AV
320;151770036;06/26/2015;08:22 AM;5.0;MOTOR VEHICLE THEFT;;;[43.06104958673322, -87.89926963921731];2337 N WEIL ST
321;151760116;06/25/2015;04:08 PM;5.0;MOTOR VEHICLE THEFT;;;[43.06286585789718, -87.90167060646873];2435 N FRATNEY ST
322;151750061;06/24/2015;09:23 AM;1.0;MOTOR VEHICLE THEFT;;;[43.052459905171816, -87.91076309481572];133 E PLEASANT ST
323;151740047;06/23/2015;09:44 AM;5.0;MOTOR VEHICLE THEFT;;;[43.06067153342641, -87.89929279988233];2325 N WEIL ST
324;151740080;06/23/2015;01:15 PM;1.0;MOTOR VEHICLE THEFT;;;[43.04984660756524, -87.89528481337624];1505 N FARWELL AV
325;151740117;06/23/2015;04:26 PM;1.0;MOTOR VEHICLE THEFT;;;[43.056106519331465, -87.89470148167814];1300 E KANE PL
326;151730093;06/22/2015;11:08 AM;1.0;MOTOR VEHICLE THEFT;;;[43.07339494552096, -87.87445011772537];3032 N SHEPARD AV
327;151730100;06/22/2015;12:31 PM;1.0;MOTOR VEHICLE THEFT;;;[43.05515563408255, -87.88714460145476];1961 N SUMMIT AV
328;151730107;06/22/2015;01:04 PM;1.0;MOTOR VEHICLE THEFT;;;[43.0536240313636, -87.89379807372015];1729 N WARREN AV
329;151730112;06/22/2015;01:12 PM;5.0;MOTOR VEHICLE THEFT;;;[43.06202445383431, -87.89519393060769];1306 E MEINECKE AV
330;151730134;06/22/2015;03:02 PM;1.0;MOTOR VEHICLE THEFT;;;[43.06833955536962, -87.88669592627986];2740 N CRAMER ST
331;151730209;06/22/2015;08:44 PM;1.0;MOTOR VEHICLE THEFT;;;[43.06796172300767, -87.88421242570294];2720 N FREDERICK AV
332;151720071;06/21/2015;10:51 AM;1.0;MOTOR VEHICLE THEFT;;;[43.07809684401869, -87.87670999711446];3319 N HACKETT AV
333;151720076;06/21/2015;12:37 PM;5.0;MOTOR VEHICLE THEFT;;;[43.07134743075193, -87.8977178512034];2900 N HUMBOLDT BL
334;151710005;06/20/2015;01:14 AM;5.0;MOTOR VEHICLE THEFT;;;[43.071145519331466, -87.89526063918865];1300 E LOCUST ST
335;151710068;06/20/2015;11:27 AM;1.0;MOTOR VEHICLE THEFT;;;[43.0587334652023, -87.88978562704598];1600 E WINDSOR PL
336;151710124;06/20/2015;07:45 PM;1.0;MOTOR VEHICLE THEFT;;;[43.05044026390506, -87.89811184992016];1101 E PLEASANT ST
337;151700166;06/19/2015;07:19 PM;1.0;MOTOR VEHICLE THEFT;;;[43.073828832361926, -87.87446484246082];3048 N SHEPARD AV
338;151690064;06/18/2015;09:38 AM;1.0;MOTOR VEHICLE THEFT;;;[43.050402148191026, -87.8963276967513];1550 N WARREN AV
339;151680153;06/17/2015;08:41 PM;1.0;MOTOR VEHICLE THEFT;;;[43.04583437515284, -87.9070821414772];414 E JUNEAU AV
340;151690005;06/17/2015;11:50 PM;1.0;MOTOR VEHICLE THEFT;;;[43.05212086372555, -87.89966959925536];1665 N ASTOR ST
341;151670019;06/16/2015;01:09 AM;5.0;MOTOR VEHICLE THEFT;;;[43.0728320628132, -87.90145962811748];803 E CHAMBERS ST
342;151670130;06/16/2015;05:10 PM;5.0;MOTOR VEHICLE THEFT;;;[43.06892366472388, -87.90403542238472];2770 N BOOTH ST
343;151660048;06/15/2015;09:15 AM;1.0;MOTOR VEHICLE THEFT;;;[43.05257924562872, -87.89958587520941];1686 N ASTOR ST
344;151660052;06/15/2015;09:44 AM;1.0;MOTOR VEHICLE THEFT;;;[43.05424503136362, -87.893781069825];1759 N WARREN AV
345;151660119;06/15/2015;02:55 PM;1.0;MOTOR VEHICLE THEFT;;;[43.04913413109291, -87.90595957466124];1480 N JEFFERSON ST
346;151650136;06/14/2015;08:38 PM;5.0;MOTOR VEHICLE THEFT;;;[43.07120483858345, -87.89589875752995];1222 E LOCUST ST
347;151640082;06/13/2015;12:57 PM;5.0;MOTOR VEHICLE THEFT;;;[43.06202445383431, -87.89519393060769];1306 E MEINECKE AV
348;151630097;06/12/2015;02:08 PM;1.0;MOTOR VEHICLE THEFT;;;[43.07188558673323, -87.88794807372014];2937 N OAKLAND AV
349;151630099;06/12/2015;02:33 PM;5.0;MOTOR VEHICLE THEFT;;;[43.07249758673322, -87.90402912479058];2965 N BOOTH ST
350;151630121;06/12/2015;05:31 PM;1.0;MOTOR VEHICLE THEFT;;;[43.071813586733214, -87.8879501281088];2939 N OAKLAND AV
351;151630149;06/12/2015;08:00 PM;5.0;MOTOR VEHICLE THEFT;;;[43.06937122045991, -87.90239835329106];730 E HADLEY ST
352;151620097;06/11/2015;03:23 PM;5.0;MOTOR VEHICLE THEFT;;;[43.06818060819955, -87.89921529356953];2739 N WEIL ST
353;151610003;06/10/2015;12:16 AM;5.0;MOTOR VEHICLE THEFT;;;[43.080300586733216, -87.89767813200395];3425 N HUMBOLDT BL
354;151600068;06/09/2015;11:42 AM;1.0;MOTOR VEHICLE THEFT;;;[43.0722547543713, -87.8891896392173];2957 N BARTLETT AV
355;151600122;06/09/2015;03:47 PM;1.0;MOTOR VEHICLE THEFT;;;[43.05238415929952, -87.89277066400273];1650 N FARWELL AV
356;151600166;06/09/2015;06:21 PM;1.0;MOTOR VEHICLE THEFT;;;[43.06849233527612, -87.88677110646873];2749 N CRAMER ST
357;151600178;06/09/2015;07:55 PM;1.0;MOTOR VEHICLE THEFT;;;[43.06660808559645, -87.87929140478994];2640 N STOWELL AV
358;151570144;06/07/2015;12:12 AM;1.0;MOTOR VEHICLE THEFT;;;[43.072955580904846, -87.88416534967419];3000 N FREDERICK AV
359;151580035;06/07/2015;07:45 AM;1.0;MOTOR VEHICLE THEFT;;;[43.05294536332152, -87.89069672525804];1725 N PROSPECT AV
360;151580057;06/07/2015;11:36 AM;5.0;MOTOR VEHICLE THEFT;;;[43.07223907798327, -87.90035173110637];2963 N BREMEN ST
361;151580141;06/07/2015;10:33 PM;5.0;MOTOR VEHICLE THEFT;;;[43.072469832361946, -87.90025585688754];2966 N BREMEN ST
362;151570043;06/06/2015;09:08 AM;5.0;MOTOR VEHICLE THEFT;;;[43.06559249235395, -87.89677216763806];1133 E CLARKE ST
363;151560040;06/05/2015;08:03 AM;5.0;MOTOR VEHICLE THEFT;;;[43.066988497085816, -87.89781335573372];2660 N HUMBOLDT BL
364;151560044;06/05/2015;07:55 AM;1.0;MOTOR VEHICLE THEFT;;;[43.0691844884588, -87.8862015];1915 E NEWBERRY BL
365;151550034;06/04/2015;08:07 AM;1.0;MOTOR VEHICLE THEFT;;;[43.05078894754459, -87.90469054097154];1601 N JACKSON ST
366;151550124;06/04/2015;05:57 PM;5.0;MOTOR VEHICLE THEFT;;;[43.072785167638074, -87.90033012479059];2979 N BREMEN ST
367;151520036;06/01/2015;08:54 AM;5.0;MOTOR VEHICLE THEFT;;;[43.07977349321934, -87.89933322300767];920 E TOWNSEND ST
368;151520048;06/01/2015;10:08 AM;1.0;MOTOR VEHICLE THEFT;;;[43.05604649956733, -87.89445255107044];1311 E KANE PL
369;151520090;06/01/2015;02:29 PM;1.0;MOTOR VEHICLE THEFT;;;[43.06820299417163, -87.88549587852764];2740 N MURRAY AV
370;151810160;06/30/2015;07:05 PM;1.0;MOTOR VEHICLE THEFT;;;[43.03671538856829, -87.90882695764346];518 N WATER ST
371;151810168;06/30/2015;08:31 PM;1.0;MOTOR VEHICLE THEFT;;;[43.03787960810023, -87.90761653506809];632 N BROADWAY
372;151810194;06/30/2015;11:42 PM;3.0;MOTOR VEHICLE THEFT;;;[43.03882586181928, -87.94062999030938];2200 W WISCONSIN AV
373;151800003;06/29/2015;12:16 AM;1.0;MOTOR VEHICLE THEFT;;;[43.03883951990839, -87.92378099999999];900 W WISCONSIN AV
374;151790066;06/28/2015;12:01 PM;3.0;MOTOR VEHICLE THEFT;;;[43.04032547547438, -87.95355422592186];3110 W WELLS ST
375;151780139;06/27/2015;09:15 PM;1.0;MOTOR VEHICLE THEFT;;;[43.03684093810951, -87.9075170385483];500 N BROADWAY
376;151770129;06/26/2015;06:21 PM;1.0;MOTOR VEHICLE THEFT;;;[43.04256349236057, -87.90309605624937];701 E KILBOURN AV
377;151770168;06/26/2015;10:03 PM;3.0;MOTOR VEHICLE THEFT;;;[43.04476724562872, -87.9377944412835];1128 N 20TH ST
378;151760068;06/25/2015;12:29 PM;1.0;MOTOR VEHICLE THEFT;;;[43.03167601967819, -87.90953324049282];100 N WATER ST
379;151750141;06/24/2015;06:08 PM;1.0;MOTOR VEHICLE THEFT;;;[43.03873651673535, -87.90590233804609];411 E WISCONSIN AV
380;151740114;06/23/2015;04:13 PM;1.0;MOTOR VEHICLE THEFT;;;[43.03884592502716, -87.91240519179098];176 W WISCONSIN AV
381;151730140;06/22/2015;03:14 PM;1.0;MOTOR VEHICLE THEFT;;;[43.041092841715816, -87.90962694743592];800 N WATER ST
382;151730164;06/22/2015;05:08 PM;3.0;MOTOR VEHICLE THEFT;;;[43.038072251457095, -87.94635912926265];635 N 26TH ST
383;151720034;06/21/2015;04:21 AM;1.0;MOTOR VEHICLE THEFT;;;[43.041327698180844, -87.9178839273296];569 W KILBOURN AV
384;151710075;06/20/2015;01:19 PM;1.0;MOTOR VEHICLE THEFT;;;[43.04133649899038, -87.9151217216227];333 W KILBOURN AV
385;151690057;06/18/2015;09:04 AM;3.0;MOTOR VEHICLE THEFT;;;[43.034837759256185, -87.92824258979564];1300 W ST PAUL AV
386;151690119;06/18/2015;02:53 PM;1.0;MOTOR VEHICLE THEFT;;;[43.042300394805615, -87.90723246279086];331 E KILBOURN AV
387;151660138;06/15/2015;05:13 PM;3.0;MOTOR VEHICLE THEFT;;;[43.04036446339903, -87.95079140194356];2900 W WELLS ST
388;151650057;06/14/2015;08:38 AM;1.0;MOTOR VEHICLE THEFT;;;[43.044670906745914, -87.90338526876934];1036 N VAN BUREN ST
389;151650112;06/14/2015;03:26 PM;3.0;MOTOR VEHICLE THEFT;;;[43.03528628559066, -87.94772588184586];418 N 27TH ST
390;151650144;06/14/2015;08:21 PM;1.0;MOTOR VEHICLE THEFT;;;[43.03807694627513, -87.91113786221963];648 N PLANKINTON AV
391;151640055;06/13/2015;09:50 AM;3.0;MOTOR VEHICLE THEFT;;;[43.04798148964555, -87.94531734876075];1353 N 25TH ST
392;151640076;06/13/2015;11:52 AM;1.0;MOTOR VEHICLE THEFT;;;[43.04446359036508, -87.9144002693667];1110 N OLD WORLD THIRD ST
393;151640104;06/13/2015;02:43 PM;3.0;MOTOR VEHICLE THEFT;;;[43.04069339938832, -87.94773053043997];801 N 27TH ST
394;151630033;06/12/2015;08:35 AM;3.0;MOTOR VEHICLE THEFT;;;[43.04874151211812, -87.95363197916798];3220 W VLIET ST
395;151620066;06/11/2015;11:41 AM;3.0;MOTOR VEHICLE THEFT;;;[43.04030546436588, -87.94975041618096];2820 W WELLS ST
396;151620110;06/11/2015;11:30 PM;3.0;MOTOR VEHICLE THEFT;;;[43.04034334807211, -87.9379503480721];801 N 20TH ST
397;151620122;06/11/2015;06:21 PM;3.0;MOTOR VEHICLE THEFT;;;[43.04735746378896, -87.95209360644006];3030 W MC KINLEY BL
398;151620146;06/11/2015;08:43 PM;1.0;MOTOR VEHICLE THEFT;;;[43.044776472156165, -87.90926505259965];270 E HIGHLAND AV
399;151620161;06/11/2015;08:31 PM;3.0;MOTOR VEHICLE THEFT;;;[43.047220528420766, -87.9505605];2915 W MC KINLEY BL
400;151590071;06/08/2015;11:31 AM;3.0;MOTOR VEHICLE THEFT;;;[43.03875949711447, -87.93344007328744];1610 W WISCONSIN AV
401;151580076;06/07/2015;01:53 PM;1.0;MOTOR VEHICLE THEFT;;;[43.03064912738766, -87.90675812268445];311 E ERIE ST
402;151560026;06/05/2015;03:04 AM;3.0;MOTOR VEHICLE THEFT;;;[43.04034749659248, -87.9451364503236];2510 W WELLS ST
403;151560103;06/05/2015;01:54 PM;3.0;MOTOR VEHICLE THEFT;;;[43.04451412023728, -87.93158923642211];1500 W HIGHLAND AV
404;151550070;06/04/2015;10:27 AM;1.0;MOTOR VEHICLE THEFT;;;[43.038891472149444, -87.92178561133686];800 W WISCONSIN AV
405;151550099;06/04/2015;04:12 PM;1.0;MOTOR VEHICLE THEFT;;;[43.043224982600144, -87.92445716182068];1005 N 10TH ST
406;151540032;06/03/2015;08:28 AM;3.0;MOTOR VEHICLE THEFT;;;[43.04865654674262, -87.95024116763805];2901 W VLIET ST
407;151520021;06/01/2015;03:47 AM;3.0;MOTOR VEHICLE THEFT;;;[43.03886536416698, -87.95679686707845];3430 W WISCONSIN AV
408;151800093;06/29/2015;11:16 AM;7.0;MOTOR VEHICLE THEFT;;;[43.08318016763806, -88.01756014311245];3527 N 84TH ST
409;151800156;06/29/2015;02:05 PM;7.0;MOTOR VEHICLE THEFT;;;[43.07271316763806, -88.0161264190665];2952 N 83RD ST
410;151800163;06/29/2015;06:00 PM;7.0;MOTOR VEHICLE THEFT;;;[43.092108471550574, -88.02640160646872];4119 N 91ST ST
411;151800189;06/29/2015;04:19 PM;7.0;MOTOR VEHICLE THEFT;;;[43.074045167638076, -88.01738484246081];3028 N 84TH ST
412;151800190;06/29/2015;07:51 PM;7.0;MOTOR VEHICLE THEFT;;;[43.08112377706541, -88.01770007463352];8411 W LISBON AV
413;151790075;06/28/2015;01:34 PM;7.0;MOTOR VEHICLE THEFT;;;[43.076114779906504, -88.0250139190665];3140 N 90TH ST
414;151790090;06/28/2015;02:39 PM;7.0;MOTOR VEHICLE THEFT;;;[43.10723745045877, -88.02597642238472];4922 N 91ST ST
415;151790092;06/28/2015;03:27 PM;4.0;MOTOR VEHICLE THEFT;;;[43.1129533097409, -88.0558496253675];5253 N LOVERS LANE RD
416;151790160;06/28/2015;10:50 PM;4.0;MOTOR VEHICLE THEFT;;;[43.13978202494995, -88.04022644006838];10305 W FOND DU LAC AV
417;151780141;06/27/2015;08:50 PM;4.0;MOTOR VEHICLE THEFT;;;[43.11957328437867, -88.03964757873898];10200 W SILVER SPRING DR
418;151780145;06/27/2015;08:50 PM;4.0;MOTOR VEHICLE THEFT;;;[43.11957328437867, -88.03964757873898];10200 W SILVER SPRING DR
419;151760028;06/25/2015;04:33 AM;4.0;MOTOR VEHICLE THEFT;;;[43.12185747651358, -88.03850757470109];10101 W APPLETON AV
420;151760044;06/25/2015;08:58 AM;4.0;MOTOR VEHICLE THEFT;;;[43.119145499567324, -88.04227041618097];10405 W SILVER SPRING DR
421;151760063;06/25/2015;11:21 AM;4.0;MOTOR VEHICLE THEFT;;;[43.11524801226235, -88.05556482947827];5368 N LOVERS LANE RD
422;151760073;06/25/2015;12:47 PM;4.0;MOTOR VEHICLE THEFT;;;[43.10476732677848, -88.0387083612553];10105 W HAMPTON AV
423;151760163;06/25/2015;08:28 PM;4.0;MOTOR VEHICLE THEFT;;;[43.12727550678067, -88.06276259394659];12037 W LANGLADE ST
424;151770001;06/25/2015;10:33 PM;4.0;MOTOR VEHICLE THEFT;;;[43.1476688978591, -88.02917601024313];7158 N PARK MANOR DR
425;151750123;06/24/2015;04:35 PM;7.0;MOTOR VEHICLE THEFT;;;[43.08788632944774, -88.02139107372014];3883 N 87TH ST
426;151740031;06/23/2015;05:28 AM;7.0;MOTOR VEHICLE THEFT;;;[43.10094725728547, -88.019929569825];4605 N 86TH ST
427;151710043;06/20/2015;08:50 AM;7.0;MOTOR VEHICLE THEFT;;;[43.09713552986306, -88.01377216763807];8100 W CONGRESS ST #LOWER
428;151710080;06/20/2015;09:48 AM;7.0;MOTOR VEHICLE THEFT;;;[43.08168405107045, -88.02139009925536];3449 N 87TH ST
429;151700113;06/19/2015;01:55 PM;4.0;MOTOR VEHICLE THEFT;;;[43.11044864862371, -88.05580016241525];5101 N LOVERS LANE RD
430;151700120;06/19/2015;02:09 PM;7.0;MOTOR VEHICLE THEFT;;;[43.097161493219325, -88.01147219608748];7926 W CONGRESS ST
431;151700167;06/19/2015;07:34 PM;7.0;MOTOR VEHICLE THEFT;;;[43.1102439139306, -88.02297870820559];8869 W APPLETON AV
432;151700178;06/19/2015;11:41 AM;7.0;MOTOR VEHICLE THEFT;;;[43.104906546742626, -88.02059277407812];8631 W HAMPTON AV
433;151700194;06/19/2015;02:05 PM;7.0;MOTOR VEHICLE THEFT;;;[43.09770538190318, -88.02245646681871];4426 N 88TH ST
434;151690130;06/18/2015;03:50 PM;7.0;MOTOR VEHICLE THEFT;;;[43.097179493219336, -88.01050168887411];7808 W CONGRESS ST
435;151690206;06/18/2015;10:36 PM;4.0;MOTOR VEHICLE THEFT;;;[43.14002302389046, -88.04037212083813];10320 W FOND DU LAC AV
436;151680045;06/17/2015;09:43 AM;7.0;MOTOR VEHICLE THEFT;;;[43.072505025535236, -88.01363534909727];2964 N 81ST ST
437;151680122;06/17/2015;07:12 PM;7.0;MOTOR VEHICLE THEFT;;;[43.09542725924738, -88.00835608335768];7704 W APPLETON AV
438;151670043;06/16/2015;08:58 AM;4.0;MOTOR VEHICLE THEFT;;;[43.1498367579493, -88.0468002606906];10831 W PARK PL
439;151670060;06/16/2015;11:14 AM;4.0;MOTOR VEHICLE THEFT;;;[43.155598287235456, -88.02874499039206];9401 W CALUMET RD
440;151670114;06/16/2015;03:22 PM;7.0;MOTOR VEHICLE THEFT;;;[43.06802345325738, -88.01010050291418];7802 W CENTER ST
441;151670129;06/16/2015;05:00 PM;7.0;MOTOR VEHICLE THEFT;;;[43.104905488458826, -88.01764102553523];8401 W HAMPTON AV
442;151660051;06/15/2015;09:26 AM;4.0;MOTOR VEHICLE THEFT;;;[43.1193856508865, -88.0557481818482];5603 N LOVERS LANE RD
443;151660060;06/15/2015;10:19 AM;4.0;MOTOR VEHICLE THEFT;;;[43.104972497114474, -88.04272330252755];10416 W HAMPTON AV
444;151660064;06/15/2015;10:42 AM;7.0;MOTOR VEHICLE THEFT;;;[43.097062471579235, -88.01904247446477];8506 W CONGRESS ST
445;151660065;06/15/2015;10:47 AM;4.0;MOTOR VEHICLE THEFT;;;[43.13402625305108, -88.0379038269585];10100 W MILL RD
446;151660137;06/15/2015;05:07 PM;4.0;MOTOR VEHICLE THEFT;;;[43.11952346162458, -88.03964152553522];10202 W SILVER SPRING DR
447;151660158;06/15/2015;04:26 PM;7.0;MOTOR VEHICLE THEFT;;;[43.10491554674263, -88.0123905];8017 W HAMPTON AV #8
448;151640097;06/13/2015;02:04 PM;7.0;MOTOR VEHICLE THEFT;;;[43.09447640218693, -88.01405573036527];8112 W LYNMAR TR
449;151640136;06/13/2015;07:03 PM;7.0;MOTOR VEHICLE THEFT;;;[43.10407157674991, -88.02095142085551];8731 W HERBERT AV
450;151630014;06/12/2015;12:28 AM;7.0;MOTOR VEHICLE THEFT;;;[43.06886550678069, -88.00824116472387];7621 W LORRAINE PL #4
451;151630027;06/12/2015;06:12 AM;7.0;MOTOR VEHICLE THEFT;;;[43.07058016763807, -88.01372060646872];2835 N 81ST ST
452;151630077;06/12/2015;11:52 AM;7.0;MOTOR VEHICLE THEFT;;;[43.075917000000004, -88.03003388631792];3134 N 94TH ST
453;151620050;06/11/2015;09:42 AM;4.0;MOTOR VEHICLE THEFT;;;[43.13484108964741, -88.03779435356932];6434 N 101ST ST
454;151620053;06/11/2015;10:16 AM;4.0;MOTOR VEHICLE THEFT;;;[43.13341657507647, -88.0378063607827];6360 N 101ST ST
455;151620063;06/11/2015;11:11 AM;4.0;MOTOR VEHICLE THEFT;;;[43.13385351053064, -88.04803321870851];10900 W MILL RD
456;151620064;06/11/2015;09:49 AM;4.0;MOTOR VEHICLE THEFT;;;[43.112553662889155, -88.05557291170052];5226 N LOVERS LANE RD #3
457;151620120;06/11/2015;06:54 PM;4.0;MOTOR VEHICLE THEFT;;;[43.11165600000001, -88.05584910704565];5167 N LOVERS LANE RD
458;151620139;06/11/2015;06:15 PM;4.0;MOTOR VEHICLE THEFT;;;[43.11956558721596, -88.04117286836671];10330 W SILVER SPRING DR
459;151610098;06/10/2015;03:20 PM;4.0;MOTOR VEHICLE THEFT;;;[43.11295853952927, -88.04429172300767];10529 W CALDWELL AV
460;151610110;06/10/2015;04:39 PM;7.0;MOTOR VEHICLE THEFT;;;[43.11199491061238, -88.0252892004153];9025 W APPLETON AV
461;151610158;06/10/2015;09:56 PM;4.0;MOTOR VEHICLE THEFT;;;[43.13892159070267, -88.03910112007142];10201 W FOND DU LAC AV
462;151610167;06/10/2015;11:05 PM;4.0;MOTOR VEHICLE THEFT;;;[43.11042027271249, -88.04349435673572];10508 W LANCASTER AV
463;151600061;06/09/2015;11:04 AM;4.0;MOTOR VEHICLE THEFT;;;[43.11106202109182, -88.05584753043998];5137 N LOVERS LANE RD
464;151600199;06/09/2015;10:34 PM;7.0;MOTOR VEHICLE THEFT;;;[43.06976648124546, -88.01025283236193];7809 W HADLEY ST
465;151590050;06/08/2015;08:11 AM;4.0;MOTOR VEHICLE THEFT;;;[43.13266015817434, -88.03102230936553];9575 W FOND DU LAC AV #6
466;151590131;06/08/2015;02:49 PM;4.0;MOTOR VEHICLE THEFT;;;[43.158964468837944, -88.05369014348783];11400 W LAKE PARK DR
467;151580106;06/07/2015;05:49 PM;4.0;MOTOR VEHICLE THEFT;;;[43.11956558721596, -88.04117286836671];10330 W SILVER SPRING DR
468;151580121;06/07/2015;06:52 PM;4.0;MOTOR VEHICLE THEFT;;;[43.11957328437867, -88.03964757873898];10200 W SILVER SPRING DR
469;151560127;06/05/2015;04:58 PM;4.0;MOTOR VEHICLE THEFT;;;[43.107452161809675, -88.04708291517136];4938 N 108TH ST
470;151540040;06/03/2015;09:08 AM;7.0;MOTOR VEHICLE THEFT;;;[43.080811543712855, -88.02014749711446];3401 N 86TH ST
471;151530010;06/02/2015;12:34 AM;7.0;MOTOR VEHICLE THEFT;;;[43.08253947879262, -88.01555441909515];8214 W KEEFE AV
472;151810055;06/30/2015;07:49 AM;5.0;MOTOR VEHICLE THEFT;;;[43.08825252986306, -87.91168122300768];120 W MELVINA ST
473;151790005;06/28/2015;12:26 AM;5.0;MOTOR VEHICLE THEFT;;;[43.08737408381904, -87.92336491185313];3836 N 10TH ST
474;151790044;06/28/2015;06:21 AM;5.0;MOTOR VEHICLE THEFT;;;[43.074117115182645, -87.92527855929342];3045 N 11TH ST
475;151790081;06/28/2015;01:50 PM;5.0;MOTOR VEHICLE THEFT;;;[43.08719403136362, -87.90975057372015];3867 N PALMER ST
476;151750063;06/24/2015;09:35 AM;5.0;MOTOR VEHICLE THEFT;;;[43.06235416763806, -87.90781107372014];2411 N RICHARDS ST
477;151750104;06/24/2015;02:24 PM;5.0;MOTOR VEHICLE THEFT;;;[43.08184752844943, -87.91249161368208];3475 N 2ND ST
478;151750157;06/24/2015;08:16 PM;5.0;MOTOR VEHICLE THEFT;;;[43.04853157843577, -87.92008141134723];1400 N 7TH ST
479;151740032;06/23/2015;06:51 AM;5.0;MOTOR VEHICLE THEFT;;;[43.07951713627446, -87.90626636410092];3354 N BUFFUM ST
480;151740040;06/23/2015;08:59 AM;5.0;MOTOR VEHICLE THEFT;;;[43.054677838190315, -87.91427861036385];1837 N MARTIN L KING JR DR
481;151730108;06/22/2015;09:41 AM;5.0;MOTOR VEHICLE THEFT;;;[43.08753603136361, -87.9073300893007];3879 N RICHARDS ST
482;151730240;06/22/2015;11:41 PM;5.0;MOTOR VEHICLE THEFT;;;[43.054832318858864, -87.90610335204012];1858 N COMMERCE ST #614
483;151720122;06/21/2015;06:21 PM;5.0;MOTOR VEHICLE THEFT;;;[43.08500705245544, -87.89745588242278];3750 N HUMBOLDT BL
484;151710072;06/20/2015;01:22 PM;5.0;MOTOR VEHICLE THEFT;;;[43.088101742714514, -87.91838438631792];3894 N 6TH ST
485;151710127;06/20/2015;08:12 PM;5.0;MOTOR VEHICLE THEFT;;;[43.084656052455415, -87.897454907958];3736 N HUMBOLDT BL
486;151690209;06/18/2015;03:51 PM;5.0;MOTOR VEHICLE THEFT;;;[43.0784675713594, -87.9047562790069];526 E CONCORDIA AV
487;151680100;06/17/2015;05:28 PM;5.0;MOTOR VEHICLE THEFT;;;[43.08914750620376, -87.90384086081136];505 E CAPITOL DR
488;151670062;06/16/2015;11:27 AM;5.0;MOTOR VEHICLE THEFT;;;[43.048997427535305, -87.92286350401032];1438 N 9TH ST
489;151670084;06/16/2015;12:57 PM;5.0;MOTOR VEHICLE THEFT;;;[43.080643089647424, -87.92608812479058];3421 N 12TH ST
490;151660140;06/15/2015;05:22 PM;5.0;MOTOR VEHICLE THEFT;;;[43.05349858673321, -87.9187400809335];1747 N 6TH ST
491;151660165;06/15/2015;05:07 PM;5.0;MOTOR VEHICLE THEFT;;;[43.08916851889972, -87.9060000693923];401 E CAPITOL DR
492;151660185;06/15/2015;07:36 PM;5.0;MOTOR VEHICLE THEFT;;;[43.08916851889972, -87.9060000693923];401 E CAPITOL DR
493;151650166;06/14/2015;11:33 PM;5.0;MOTOR VEHICLE THEFT;;;[43.08916851889972, -87.9060000693923];401 E CAPITOL DR
494;151640009;06/13/2015;01:45 AM;5.0;MOTOR VEHICLE THEFT;;;[43.06421753103033, -87.91399167266452];2514 N MARTIN L KING JR DR
495;151640054;06/13/2015;09:48 AM;5.0;MOTOR VEHICLE THEFT;;;[43.08046580895744, -87.91721856757586];3390 N MARTIN L KING JR DR
496;151640077;06/13/2015;11:53 AM;5.0;MOTOR VEHICLE THEFT;;;[43.07881600582837, -87.90932244460173];3314 N PALMER ST
497;151640146;06/13/2015;08:06 PM;5.0;MOTOR VEHICLE THEFT;;;[43.06250683236195, -87.91551392627986];2414 N 4TH ST
498;151640148;06/13/2015;08:16 PM;5.0;MOTOR VEHICLE THEFT;;;[43.06384178637142, -87.91434785815802];317 W WRIGHT ST
499;151630137;06/12/2015;07:16 PM;5.0;MOTOR VEHICLE THEFT;;;[43.054847161809676, -87.914203907958];1850 N MARTIN L KING JR DR
500;151620021;06/11/2015;03:00 AM;5.0;MOTOR VEHICLE THEFT;;;[43.059027510675826, -87.9103130029142];123 E GARFIELD AV
501;151620096;06/11/2015;03:12 PM;5.0;MOTOR VEHICLE THEFT;;;[43.08916851889972, -87.9060000693923];401 E CAPITOL DR
502;151620155;06/11/2015;09:23 PM;5.0;MOTOR VEHICLE THEFT;;;[43.08916851889972, -87.9060000693923];401 E CAPITOL DR
503;151610141;06/10/2015;05:02 PM;5.0;MOTOR VEHICLE THEFT;;;[43.08916851889972, -87.9060000693923];401 E CAPITOL DR
504;151600038;06/09/2015;08:35 AM;5.0;MOTOR VEHICLE THEFT;;;[43.05404550987706, -87.90745797621956];1720 N COMMERCE ST
505;151600074;06/09/2015;12:05 PM;5.0;MOTOR VEHICLE THEFT;;;[43.08820494503442, -87.90964439295436];3900 N PALMER ST
506;151600129;06/09/2015;03:11 PM;5.0;MOTOR VEHICLE THEFT;;;[43.07791949321933, -87.92791183236193];1314 W RING ST
507;151600136;06/09/2015;03:13 PM;5.0;MOTOR VEHICLE THEFT;;;[43.09227955536963, -87.9047033524155];4132 N HOLTON ST
508;151590007;06/08/2015;12:29 AM;5.0;MOTOR VEHICLE THEFT;;;[43.08332377990652, -87.89756165032581];3615 N HUMBOLDT BL
509;151570084;06/06/2015;01:56 PM;5.0;MOTOR VEHICLE THEFT;;;[43.06751146826103, -87.9069210298344];320 E CENTER ST
510;151570108;06/06/2015;06:32 PM;5.0;MOTOR VEHICLE THEFT;;;[43.08934048773672, -87.90600143782105];380 E CAPITOL DR
511;151560190;06/05/2015;09:51 PM;5.0;MOTOR VEHICLE THEFT;;;[43.075918005828385, -87.92747810646873];3145 N 13TH ST
512;151550127;06/04/2015;07:33 PM;5.0;MOTOR VEHICLE THEFT;;;[43.06976694033121, -87.91550909983229];2821 N 4TH ST
513;151540176;06/03/2015;09:55 PM;5.0;MOTOR VEHICLE THEFT;;;[43.08916851889972, -87.9060000693923];401 E CAPITOL DR
514;151530050;06/02/2015;11:01 AM;5.0;MOTOR VEHICLE THEFT;;;[43.08873216180967, -87.94347342238471];3936 N 24TH PL
515;151530054;06/02/2015;11:11 AM;5.0;MOTOR VEHICLE THEFT;;;[43.05905945325739, -87.90600188773155];420 E GARFIELD AV
516;151530147;06/02/2015;08:47 PM;5.0;MOTOR VEHICLE THEFT;;;[43.09227955536963, -87.9047033524155];4132 N HOLTON ST
517;151530164;06/02/2015;10:46 PM;5.0;MOTOR VEHICLE THEFT;;;[43.08947154674263, -87.93405067055225];1825 W CAPITOL DR
518;151520044;06/01/2015;09:45 AM;5.0;MOTOR VEHICLE THEFT;;;[43.071794832361945, -87.910954907958];2926 N 1ST ST
519;151520092;06/01/2015;02:20 PM;5.0;MOTOR VEHICLE THEFT;;;[43.06034151875455, -87.916032];408 W NORTH AV
520;151800109;06/29/2015;10:26 AM;7.0;MOTOR VEHICLE THEFT;;;[43.103403216093646, -87.96263221114174];4740 N 40TH ST
521;151790058;06/28/2015;11:04 AM;7.0;MOTOR VEHICLE THEFT;;;[43.078697862646685, -87.97366159642338];3278 N 48TH ST
522;151790074;06/28/2015;01:32 PM;7.0;MOTOR VEHICLE THEFT;;;[43.09804691035259, -87.98297386078269];4434 N 56TH ST
523;151790087;06/28/2015;01:30 PM;7.0;MOTOR VEHICLE THEFT;;;[43.078660826533564, -87.96975391906649];3276 N 45TH ST
524;151780094;06/27/2015;04:48 PM;7.0;MOTOR VEHICLE THEFT;;;[43.07681716763807, -87.96987864253552];3179 N 45TH ST
525;151760081;06/25/2015;12:41 PM;7.0;MOTOR VEHICLE THEFT;;;[43.073702999999995, -87.96437235356932];3014 N 41ST ST
526;151750059;06/24/2015;07:18 AM;7.0;MOTOR VEHICLE THEFT;;;[43.07823861226845, -87.97375857372015];3253 N 48TH ST
527;151740121;06/23/2015;04:53 PM;7.0;MOTOR VEHICLE THEFT;;;[43.07000500582839, -87.97119110646872];2809 N 46TH ST
528;151730200;06/22/2015;06:37 PM;7.0;MOTOR VEHICLE THEFT;;;[43.081883664723875, -87.96542288631792];3434 N 42ND ST
529;151730214;06/22/2015;09:05 PM;7.0;MOTOR VEHICLE THEFT;;;[43.08038924562871, -87.9725023607827];3356 N 47TH ST
530;151720125;06/21/2015;06:47 PM;7.0;MOTOR VEHICLE THEFT;;;[43.08310598266381, -87.98339406923402];3551 N 56TH ST
531;151720135;06/21/2015;07:47 PM;5.0;MOTOR VEHICLE THEFT;;;[43.08056094754457, -87.94467862089544];3373 N 25TH ST
532;151710048;06/20/2015;09:52 AM;7.0;MOTOR VEHICLE THEFT;;;[43.08399858090485, -87.987013907958];3616 N 60TH ST
533;151700165;06/19/2015;07:08 PM;7.0;MOTOR VEHICLE THEFT;;;[43.08538555536961, -87.97581541906649];3744 N 50TH ST
534;151690145;06/18/2015;05:39 PM;7.0;MOTOR VEHICLE THEFT;;;[43.10168454509785, -87.9587938065669];4635 N HOPKINS ST
535;151690146;06/18/2015;05:40 PM;7.0;MOTOR VEHICLE THEFT;;;[43.092143245628705, -87.97102391517136];4124 N 46TH ST
536;151670020;06/16/2015;12:48 AM;7.0;MOTOR VEHICLE THEFT;;;[43.09177441326679, -87.96302587910455];4102 N 40TH ST
537;151670022;06/16/2015;12:48 AM;7.0;MOTOR VEHICLE THEFT;;;[43.09177441326679, -87.96302587910455];4102 N 40TH ST
538;151640004;06/13/2015;12:33 AM;7.0;MOTOR VEHICLE THEFT;;;[43.10324994754458, -87.95676012479058];4731 N 35TH ST
539;151640085;06/13/2015;01:14 PM;7.0;MOTOR VEHICLE THEFT;;;[43.07570941326679, -87.9596424190665];3120 N 37TH ST
540;151640163;06/13/2015;09:02 PM;7.0;MOTOR VEHICLE THEFT;;;[43.08258949177704, -87.97990469608747];5309 W KEEFE AV
541;151630037;06/12/2015;09:05 AM;7.0;MOTOR VEHICLE THEFT;;;[43.08751786372554, -87.957158592042];3871 N 35TH ST
542;151620083;06/11/2015;01:38 PM;5.0;MOTOR VEHICLE THEFT;;;[43.0776365029142, -87.94227765364403];3235 N 24TH ST
543;151620087;06/11/2015;01:59 PM;5.0;MOTOR VEHICLE THEFT;;;[43.08646486372555, -87.94359859925535];3813 N 24TH PL
544;151610055;06/10/2015;10:48 AM;7.0;MOTOR VEHICLE THEFT;;;[43.08282, -87.97360540074465];3504 N 48TH ST
545;151610121;06/10/2015;05:51 PM;7.0;MOTOR VEHICLE THEFT;;;[43.072361413266776, -87.96985538631792];2936 N 45TH ST
546;151580097;06/07/2015;05:08 PM;7.0;MOTOR VEHICLE THEFT;;;[43.08999024669271, -87.9607817466927];3800 W CAPITOL DR
547;151570024;06/06/2015;02:47 AM;7.0;MOTOR VEHICLE THEFT;;;[43.09088953205611, -87.95836709634116];4045 N MONTREAL ST
548;151560125;06/05/2015;04:51 PM;7.0;MOTOR VEHICLE THEFT;;;[43.08991348600597, -87.96758047446477];4302 W CAPITOL DR
549;151550054;06/04/2015;10:55 AM;7.0;MOTOR VEHICLE THEFT;;;[43.09902832944775, -87.97322387520941];4500 N 48TH ST
550;151550164;06/04/2015;11:45 PM;7.0;MOTOR VEHICLE THEFT;;;[43.073567444630385, -87.97363010646872];3001 N 48TH ST
551;151540024;06/03/2015;05:43 AM;7.0;MOTOR VEHICLE THEFT;;;[43.09931599417163, -87.96507443738835];4514 N 42ND ST
552;151540088;06/03/2015;03:10 PM;5.0;MOTOR VEHICLE THEFT;;;[43.07679058673324, -87.94973757372014];3171 N 29TH ST
553;151530042;06/02/2015;09:01 AM;7.0;MOTOR VEHICLE THEFT;;;[43.076545786566044, -87.96444889535555];3175 N 41ST ST
554;151530081;06/02/2015;01:17 PM;7.0;MOTOR VEHICLE THEFT;;;[43.07529322799141, -87.9633332279914];4000 W BURLEIGH ST
555;151530124;06/02/2015;06:10 PM;7.0;MOTOR VEHICLE THEFT;;;[43.09103641326678, -87.97110162479058];4049 N 46TH ST
556;151520070;06/01/2015;12:25 PM;7.0;MOTOR VEHICLE THEFT;;;[43.07123733527612, -87.96994110257359];2873 N 45TH ST
557;151520136;06/01/2015;08:21 PM;7.0;MOTOR VEHICLE THEFT;;;[43.08050607799066, -87.96714290680416];3360 N SHERMAN BL
558;151520145;06/01/2015;08:35 PM;7.0;MOTOR VEHICLE THEFT;;;[43.092323245628705, -87.97101638631791];4130 N 46TH ST
559;151810013;06/30/2015;12:41 AM;2.0;MOTOR VEHICLE THEFT;;;[43.02414653952925, -87.94409366472387];2411 W PIERCE ST
560;151810037;06/30/2015;06:26 AM;2.0;MOTOR VEHICLE THEFT;;;[43.02067508381904, -87.95391110646872];1009 S 32ND ST
561;151810157;06/30/2015;07:33 PM;2.0;MOTOR VEHICLE THEFT;;;[43.010578496826, -87.93976211146038];1821 S MUSKEGO AV
562;151810184;06/30/2015;09:31 PM;6.0;MOTOR VEHICLE THEFT;;;[42.98858948831365, -87.94943116290527];2900 W OKLAHOMA AV
563;151820049;06/30/2015;09:29 PM;2.0;MOTOR VEHICLE THEFT;;;[43.016958546742615, -87.94542010644007];2509 W GREENFIELD AV
564;151800014;06/29/2015;01:26 AM;2.0;MOTOR VEHICLE THEFT;;;[43.02352077713761, -87.94629565174957];732 S 26TH ST
565;151800108;06/29/2015;01:19 PM;2.0;MOTOR VEHICLE THEFT;;;[43.01982866472389, -87.94494295181508];1114 S 25TH ST
566;151800154;06/29/2015;05:46 PM;2.0;MOTOR VEHICLE THEFT;;;[43.01511241326679, -87.94633239353128];1538 S 26TH ST
567;151800166;06/29/2015;08:00 PM;2.0;MOTOR VEHICLE THEFT;;;[43.01581530391252, -87.94771240074463];1502 S LAYTON BL
568;151800211;06/29/2015;09:55 PM;2.0;MOTOR VEHICLE THEFT;;;[43.0060226221777, -87.95294305614422];2135 S 31ST ST
569;151800226;06/29/2015;11:39 PM;2.0;MOTOR VEHICLE THEFT;;;[43.01818166472387, -87.94501858814687];1235 S 25TH ST
570;151790014;06/28/2015;01:09 AM;2.0;MOTOR VEHICLE THEFT;;;[43.018884467721634, -87.94364734830286];1209 S 24TH ST
571;151790053;06/28/2015;09:16 AM;2.0;MOTOR VEHICLE THEFT;;;[43.00165732835122, -87.94709670886941];2622 W FOREST HOME AV
572;151790072;06/28/2015;11:19 AM;3.0;MOTOR VEHICLE THEFT;;;[43.03135846840618, -87.93513344445749];1721 W CANAL ST
573;151780109;06/27/2015;06:00 PM;2.0;MOTOR VEHICLE THEFT;;;[43.00835299417162, -87.9553044190665];2000 S 33RD ST
574;151780112;06/27/2015;06:11 PM;2.0;MOTOR VEHICLE THEFT;;;[43.01529316763808, -87.94083295902844];1528 S 22ND ST
575;151780127;06/27/2015;08:13 PM;2.0;MOTOR VEHICLE THEFT;;;[43.02251252120741, -87.9424409074384];2303 W NATIONAL AV
576;151780148;06/27/2015;10:09 PM;2.0;MOTOR VEHICLE THEFT;;;[43.01760502553523, -87.94632445181507];1320 S 26TH ST
577;151770051;06/26/2015;10:19 AM;2.0;MOTOR VEHICLE THEFT;;;[43.01244548124546, -87.95128033236193];2929 W MITCHELL ST
578;151770121;06/26/2015;05:41 PM;2.0;MOTOR VEHICLE THEFT;;;[43.0159865115412, -87.9594727374344];3618 W ORCHARD ST
579;151760053;06/25/2015;10:25 AM;2.0;MOTOR VEHICLE THEFT;;;[43.012487460470744, -87.95372047446477];3130 W MITCHELL ST
580;151760120;06/25/2015;05:06 PM;2.0;MOTOR VEHICLE THEFT;;;[43.019955167638074, -87.93949109261892];1021 S 21ST ST
581;151760157;06/25/2015;07:45 PM;2.0;MOTOR VEHICLE THEFT;;;[43.022556335276136, -87.95143541517136];814 S 30TH ST
582;151750093;06/24/2015;12:55 PM;2.0;MOTOR VEHICLE THEFT;;;[43.010846664723886, -87.94640439353127];1816 S 26TH ST
583;151750095;06/24/2015;01:08 PM;2.0;MOTOR VEHICLE THEFT;;;[43.018959510675806, -87.95406222300768];3201 W SCOTT ST
584;151730071;06/22/2015;10:15 AM;2.0;MOTOR VEHICLE THEFT;;;[43.0093267543713, -87.95409807372015];1943 S 32ND ST
585;151730075;06/22/2015;10:35 AM;2.0;MOTOR VEHICLE THEFT;;;[43.008986567574645, -87.9410107951413];1968 S MUSKEGO AV
586;151730122;06/22/2015;02:03 PM;2.0;MOTOR VEHICLE THEFT;;;[43.01078302553523, -87.94510105929342];1819 S 25TH ST
587;151730189;06/22/2015;06:49 PM;2.0;MOTOR VEHICLE THEFT;;;[43.01027947215618, -87.95829447016561];3500 W BURNHAM ST
588;151720047;06/21/2015;06:38 AM;2.0;MOTOR VEHICLE THEFT;;;[43.01364583236193, -87.94497594460172];1618 S 25TH ST
589;151720128;06/21/2015;05:00 PM;2.0;MOTOR VEHICLE THEFT;;;[43.014136514859416, -87.95066441909516];2900 W LAPHAM ST
590;151710050;06/20/2015;09:17 AM;2.0;MOTOR VEHICLE THEFT;;;[43.00258295697964, -87.94808617384182];2322 S 27TH ST #ALLEY
591;151710063;06/20/2015;11:48 AM;2.0;MOTOR VEHICLE THEFT;;;[43.02566099999999, -87.94766365177414];524 S LAYTON BL
592;151710110;06/20/2015;05:49 PM;2.0;MOTOR VEHICLE THEFT;;;[43.0182995029142, -87.95642760257358];1231 S 34TH ST
593;151700056;06/19/2015;09:23 AM;2.0;MOTOR VEHICLE THEFT;;;[43.015106460470754, -87.95829191909516];3522 W BRANTING LA
594;151700129;06/19/2015;02:55 PM;2.0;MOTOR VEHICLE THEFT;;;[42.99680716763805, -87.95185159925535];2637 S 30TH ST
595;151700134;06/19/2015;02:27 PM;2.0;MOTOR VEHICLE THEFT;;;[43.01790299999999, -87.95999244460172];1248 S 37TH ST
596;151690069;06/18/2015;09:33 AM;2.0;MOTOR VEHICLE THEFT;;;[42.99663491035258, -87.9529949662418];2642 S 31ST ST
597;151690112;06/18/2015;02:18 PM;6.0;MOTOR VEHICLE THEFT;;;[42.99308966472387, -87.95670541185314];2836 S 34TH ST
598;151690129;06/18/2015;03:47 PM;6.0;MOTOR VEHICLE THEFT;;;[42.99090984662704, -87.96300588300403];2961 S 39TH ST
599;151680035;06/17/2015;08:19 AM;2.0;MOTOR VEHICLE THEFT;;;[43.00991941326677, -87.94641488631792];1916 S 26TH ST
600;151680109;06/17/2015;06:11 PM;2.0;MOTOR VEHICLE THEFT;;;[43.01470487815227, -87.94794853880718];1555 S LAYTON BL
601;151670052;06/16/2015;09:34 AM;2.0;MOTOR VEHICLE THEFT;;;[43.00495156952084, -87.95076733108];2920 W GRANT ST
602;151670074;06/16/2015;10:06 AM;2.0;MOTOR VEHICLE THEFT;;;[43.01763266472386, -87.94082240406286];1318 S 22ND ST
603;151670076;06/16/2015;11:34 AM;2.0;MOTOR VEHICLE THEFT;;;[43.00834533527612, -87.94927954818492];2007 S 28TH ST
604;151670077;06/16/2015;12:38 PM;2.0;MOTOR VEHICLE THEFT;;;[43.018415664723875, -87.94082240406286];1224 S 22ND ST
605;151670080;06/16/2015;12:51 PM;6.0;MOTOR VEHICLE THEFT;;;[42.98894375100326, -87.94906984859546];3069 S 28TH ST
606;151660033;06/15/2015;03:24 AM;2.0;BURGLARY/BREAKING AND ENTERING;MOTOR VEHICLE THEFT;;[43.003718884817374, -87.93967293349321];2248 S 21ST ST
607;151660036;06/15/2015;06:53 AM;2.0;MOTOR VEHICLE THEFT;;;[43.01410847013694, -87.94837308090484];2717 W LAPHAM ST
608;151660041;06/15/2015;08:25 AM;2.0;MOTOR VEHICLE THEFT;;;[43.0141955115412, -87.93908966472387];2030 W LAPHAM ST
609;151660049;06/15/2015;09:20 AM;2.0;MOTOR VEHICLE THEFT;;;[43.008510532315896, -87.95105941326678];2921 W ROGERS ST
610;151660088;06/15/2015;12:51 PM;2.0;MOTOR VEHICLE THEFT;;;[43.00047841326679, -87.95171590795799];2432 S 30TH ST
611;151660097;06/15/2015;01:18 PM;2.0;MOTOR VEHICLE THEFT;;;[43.003166467684125, -87.95200091909516];3000 W LINCOLN AV
612;151660105;06/15/2015;01:37 PM;2.0;MOTOR VEHICLE THEFT;;;[43.006625453257385, -87.95930047446477];3604 W BECHER ST
613;151660114;06/15/2015;02:38 PM;2.0;MOTOR VEHICLE THEFT;;;[42.999421506780685, -87.95251333236193];3021 W ARTHUR AV
614;151660118;06/15/2015;02:45 PM;2.0;MOTOR VEHICLE THEFT;;;[43.01360916180968, -87.93943242238471];1618 S 21ST ST
615;151660189;06/15/2015;09:39 PM;2.0;MOTOR VEHICLE THEFT;;;[43.015954506780666, -87.94660033236194];2601 W ORCHARD ST
616;151650030;06/14/2015;03:43 AM;2.0;MOTOR VEHICLE THEFT;;;[43.015996486005974, -87.9598403068267];3632 W ORCHARD ST
617;151650069;06/14/2015;11:47 AM;2.0;MOTOR VEHICLE THEFT;;;[43.01686553952927, -87.95709352553523];3419 W GREENFIELD AV
618;151650086;06/14/2015;01:18 PM;2.0;MOTOR VEHICLE THEFT;;;[43.0103705115412, -87.94389991326678];2400 W BURNHAM ST
619;151650101;06/14/2015;02:14 PM;2.0;MOTOR VEHICLE THEFT;;;[43.021948528420765, -87.95167996280802];3005 W NATIONAL AV
620;151650143;06/14/2015;08:50 PM;2.0;MOTOR VEHICLE THEFT;;;[43.01471641326677, -87.94222345902844];1558 S 23RD ST
621;151650148;06/14/2015;09:24 PM;2.0;MOTOR VEHICLE THEFT;;;[43.0060510058284, -87.95418102264969];2125 S 32ND ST
622;151640134;06/13/2015;06:18 PM;2.0;MOTOR VEHICLE THEFT;;;[43.01597151067582, -87.9417];2225 W ORCHARD ST
623;151310055;06/12/2015;11:12 AM;2.0;MOTOR VEHICLE THEFT;;;[43.00991941326677, -87.94641488631792];1916 S 26TH ST
624;151630032;06/12/2015;08:25 AM;2.0;MOTOR VEHICLE THEFT;;;[43.01598350432783, -87.9504525];2900 W ORCHARD ST
625;151620030;06/11/2015;06:36 AM;2.0;MOTOR VEHICLE THEFT;;;[43.00389841326677, -87.94512490074464];2240 S 25TH ST
626;151620034;06/11/2015;06:56 AM;2.0;MOTOR VEHICLE THEFT;;;[43.01865000000001, -87.95999244460172];1212 S 37TH ST
627;151620035;06/11/2015;07:49 AM;2.0;MOTOR VEHICLE THEFT;;;[43.01546458673323, -87.95520859925536];1521 S 33RD ST
628;151620058;06/11/2015;10:45 AM;2.0;MOTOR VEHICLE THEFT;;;[43.009903173466455, -87.95165007372015];1917 S 30TH ST
629;151620071;06/11/2015;12:01 PM;2.0;MOTOR VEHICLE THEFT;;;[43.01894752510254, -87.95462383236193];3223 W SCOTT ST
630;151620081;06/11/2015;12:37 PM;2.0;MOTOR VEHICLE THEFT;;;[43.008891852068786, -87.9516144190665];1964 S 30TH ST
631;151620132;06/11/2015;08:35 PM;2.0;MOTOR VEHICLE THEFT;;;[43.00537558673324, -87.95786855539828];2155 S 35TH ST
632;151610034;06/10/2015;07:09 AM;2.0;MOTOR VEHICLE THEFT;;;[43.01848682653355, -87.95510492627986];1222 S 33RD ST
633;151610044;06/10/2015;09:40 AM;2.0;MOTOR VEHICLE THEFT;;;[43.015463832361945, -87.94090762089544];1519 S 22ND ST
634;151610134;06/10/2015;05:16 PM;2.0;MOTOR VEHICLE THEFT;;;[43.018407419095155, -87.95773954818492];1225 S 35TH ST
635;151600037;06/09/2015;08:26 AM;2.0;MOTOR VEHICLE THEFT;;;[43.021079453257386, -87.94302316763806];2320 W MINERAL ST
636;151580038;06/07/2015;05:53 AM;2.0;MOTOR VEHICLE THEFT;;;[43.017087515845965, -87.93966233007876];2110 W GREENFIELD AV
637;151580137;06/07/2015;09:50 PM;2.0;MOTOR VEHICLE THEFT;;;[43.020882, -87.9407934551333];1004 S 22ND ST
638;151570046;06/06/2015;09:41 AM;2.0;MOTOR VEHICLE THEFT;;;[43.00910882653355, -87.95160444460173];1954 S 30TH ST
639;151550055;06/04/2015;11:33 AM;2.0;MOTOR VEHICLE THEFT;;;[43.021091460470736, -87.94265416763807];2300 W MINERAL ST
640;151540126;06/03/2015;06:36 PM;2.0;MOTOR VEHICLE THEFT;;;[43.00883197446478, -87.94786239353127];1970 S LAYTON BL
641;151540165;06/03/2015;09:57 PM;2.0;MOTOR VEHICLE THEFT;;;[43.01177492200935, -87.94364342627985];1726 S 24TH ST #4
642;151520038;06/01/2015;09:02 AM;2.0;MOTOR VEHICLE THEFT;;;[43.00821279087079, -87.93546092522752];1800 W FOREST HOME AV
643;151520139;06/01/2015;05:40 PM;2.0;MOTOR VEHICLE THEFT;;;[42.994187413266786, -87.94838160257359];2777 S 27TH ST
644;151800216;06/29/2015;10:56 PM;4.0;MOTOR VEHICLE THEFT;;;[43.13466125728547, -88.0022375809335];6423 N 73RD ST
645;151790098;06/28/2015;01:11 PM;4.0;MOTOR VEHICLE THEFT;;;[43.113527664723875, -87.97501433524747];5268 N 50TH ST
646;151770061;06/26/2015;11:21 AM;4.0;MOTOR VEHICLE THEFT;;;[43.16861597307979, -88.00472814873835];8301 N 76TH ST
647;151760045;06/25/2015;08:08 AM;4.0;MOTOR VEHICLE THEFT;;;[43.12673014219783, -87.98949885967521];6300 W FLORIST AV
648;151730079;06/22/2015;07:32 AM;4.0;MOTOR VEHICLE THEFT;;;[43.163169520630476, -88.01394979961336];8355 W BRADLEY RD
649;151730170;06/22/2015;05:03 PM;4.0;MOTOR VEHICLE THEFT;;;[43.1747214128045, -88.02741699849945];9400 W HEATHER AV
650;151720080;06/21/2015;11:45 AM;4.0;MOTOR VEHICLE THEFT;;;[43.13424482287329, -88.00244463145857];7310 W MILL RD
651;151710042;06/20/2015;08:59 AM;4.0;MOTOR VEHICLE THEFT;;;[43.11905671608029, -87.98676156701876];6049 W SILVER SPRING DR
652;151700058;06/19/2015;09:30 AM;4.0;MOTOR VEHICLE THEFT;;;[43.11732400515185, -87.98857753340032];6200 W BIRCH AV
653;151700110;06/19/2015;01:42 PM;4.0;MOTOR VEHICLE THEFT;;;[43.11590651170804, -87.96484055626351];5414 N HOPKINS ST
654;151700112;06/19/2015;09:04 AM;4.0;MOTOR VEHICLE THEFT;;;[43.157719834136934, -88.04132588819013];10282 W FOUNTAIN AV #1307
655;151690090;06/18/2015;12:17 PM;4.0;MOTOR VEHICLE THEFT;;;[43.17435303857696, -88.01274631747387];8549 N SERVITE DR
656;151690189;06/18/2015;09:02 PM;4.0;MOTOR VEHICLE THEFT;;;[43.169147056898815, -88.04445865147966];8305 N 107TH ST
657;151690207;06/18/2015;10:56 PM;4.0;MOTOR VEHICLE THEFT;;;[43.14241108520401, -88.00540238458716];6800 N 76TH ST
658;151680028;06/17/2015;07:25 AM;4.0;MOTOR VEHICLE THEFT;;;[43.1280624532574, -87.98751];6110 W KAUL AV
659;151680037;06/17/2015;08:47 AM;4.0;MOTOR VEHICLE THEFT;;;[43.14602905397247, -87.97881154911033];7060 N PRESIDIO DR
660;151680075;06/17/2015;02:30 PM;4.0;MOTOR VEHICLE THEFT;;;[43.18127195337297, -88.02869160978695];8827 N 95TH ST
661;151680130;06/17/2015;08:06 PM;4.0;MOTOR VEHICLE THEFT;;;[43.17766663037103, -88.01121066855568];8173 W BROWN DEER RD
662;151670061;06/16/2015;07:03 AM;4.0;MOTOR VEHICLE THEFT;;;[43.186526298084146, -88.00273290738107];9220 N 75TH ST
663;151660054;06/15/2015;09:58 AM;4.0;MOTOR VEHICLE THEFT;;;[43.18023256287144, -88.03294148387117];8918 N 97TH ST
664;151660099;06/15/2015;09:26 AM;4.0;MOTOR VEHICLE THEFT;;;[43.1559455087999, -88.02190277699232];8844 W CALUMET RD
665;151650153;06/14/2015;07:54 PM;4.0;MOTOR VEHICLE THEFT;;;[43.12120253952926, -87.99076294463038];6337 W THURSTON AV
666;151640065;06/13/2015;10:43 AM;4.0;MOTOR VEHICLE THEFT;;;[43.13424383058471, -88.00229826889333];7300 W MILL RD
667;151630115;06/12/2015;05:20 PM;4.0;MOTOR VEHICLE THEFT;;;[43.139760092533756, -88.01039402466957];6700 N 80TH ST
668;151630131;06/12/2015;06:47 PM;4.0;MOTOR VEHICLE THEFT;;;[43.17798949163186, -88.00744330252755];7800 W BROWN DEER RD
669;151630169;06/12/2015;10:23 PM;4.0;MOTOR VEHICLE THEFT;;;[43.14880047229946, -88.01396020933078];8300 W GOOD HOPE RD
670;151620119;06/11/2015;05:48 PM;4.0;MOTOR VEHICLE THEFT;;;[43.177957519331486, -88.01231336081135];8200 W BROWN DEER RD
671;151620136;06/11/2015;07:18 PM;4.0;MOTOR VEHICLE THEFT;;;[43.137737618695816, -88.00799248192128];7817 W ACACIA ST
672;151610112;06/10/2015;04:49 PM;4.0;MOTOR VEHICLE THEFT;;;[43.13536141326679, -88.00101585356933];6450 N LANDERS ST
673;151610162;06/10/2015;09:03 PM;4.0;MOTOR VEHICLE THEFT;;;[43.17452961226846, -88.02439920644524];8601 N 91ST ST
674;151600053;06/09/2015;10:34 AM;4.0;MOTOR VEHICLE THEFT;;;[43.147205245628726, -87.98546387795072];7100 N 60TH ST
675;151600095;06/09/2015;01:26 PM;4.0;MOTOR VEHICLE THEFT;;;[43.18757708316471, -88.00252101260152];9265 N 75TH ST
676;151600123;06/09/2015;03:57 PM;4.0;MOTOR VEHICLE THEFT;;;[43.12190719900167, -87.98614010646872];5733 N 60TH ST
677;151600165;06/09/2015;06:58 PM;4.0;MOTOR VEHICLE THEFT;;;[43.15745558534825, -88.01153109045453];7711 N 81ST ST
678;151590093;06/08/2015;09:24 AM;4.0;MOTOR VEHICLE THEFT;;;[43.177607531738985, -88.0230102485429];8975 W BROWN DEER RD
679;151590152;06/08/2015;08:15 PM;4.0;MOTOR VEHICLE THEFT;;;[43.14855647114749, -88.00273354677127];7401 W GOOD HOPE RD
680;151590173;06/08/2015;10:12 PM;4.0;MOTOR VEHICLE THEFT;;;[43.177076553379074, -88.05462050138497];11513 W BROWN DEER RD
681;151580045;06/07/2015;09:50 AM;4.0;MOTOR VEHICLE THEFT;;;[43.143272453257396, -88.0093408097409];7910 W DENVER AV
682;151570038;06/06/2015;07:53 AM;4.0;MOTOR VEHICLE THEFT;;;[43.11452755536962, -87.97374232803409];5330 N 49TH ST
683;151570131;06/06/2015;08:36 PM;4.0;MOTOR VEHICLE THEFT;;;[43.14851240261789, -88.01440713412266];8235 W GOOD HOPE RD
684;151570142;06/06/2015;10:09 PM;4.0;MOTOR VEHICLE THEFT;;;[43.12815981311638, -87.98598592058855];6107 N 60TH ST
685;151570147;06/06/2015;11:27 PM;4.0;MOTOR VEHICLE THEFT;;;[43.111985529863055, -87.97477041618096];4928 W VILLARD AV
686;151550072;06/04/2015;01:16 PM;4.0;MOTOR VEHICLE THEFT;;;[43.178886314941074, -88.01566197747506];8884 N 85TH ST
687;151550148;06/04/2015;09:39 PM;4.0;MOTOR VEHICLE THEFT;;;[43.13384853837543, -87.98388299999999];5737 W MILL RD
688;151540047;06/03/2015;10:20 AM;4.0;MOTOR VEHICLE THEFT;;;[43.150177927837746, -88.0054591031505];7259 N 76TH ST
689;151540160;06/03/2015;09:58 PM;4.0;MOTOR VEHICLE THEFT;;;[43.18543858138178, -88.00448728574834];9183 N 76TH ST
690;151530022;06/02/2015;05:15 AM;4.0;MOTOR VEHICLE THEFT;;;[43.17700154616571, -88.05709991756594];11711 W BROWN DEER RD
691;151530045;06/02/2015;10:19 AM;4.0;MOTOR VEHICLE THEFT;;;[43.16318949394142, -88.01778185068379];8625 W BRADLEY RD
692;151530064;06/02/2015;08:17 AM;4.0;MOTOR VEHICLE THEFT;;;[43.17188054821358, -88.0451845202551];10890 W DONNA DR
693;151530106;06/02/2015;04:49 PM;4.0;MOTOR VEHICLE THEFT;;;[43.13051347936954, -87.98558327699232];5920 W BENDER CT
694;151530114;06/02/2015;02:08 PM;4.0;MOTOR VEHICLE THEFT;;;[43.134579031363614, -87.9771196392173];6427 N 52ND ST
695;151530120;06/02/2015;05:52 PM;4.0;MOTOR VEHICLE THEFT;;;[43.137831486149274, -88.00924321870852];7900 W ACACIA ST
696;151530148;06/02/2015;08:40 PM;4.0;MOTOR VEHICLE THEFT;;;[43.14855647114749, -88.00273354677127];7401 W GOOD HOPE RD
697;151520032;06/01/2015;07:25 AM;4.0;MOTOR VEHICLE THEFT;;;[43.12298550152922, -87.98730909146508];5803 N 61ST ST
