;Incident Number;Date;Time;Police District;Offense 1;Offense 2;Offense 3;Offense 4;Offense 5;Location;Address
0;140300027;01/30/2014;07:55 AM;4.0;THEFT FROM MOTOR VEHICLE;;;;;[43.11845113627447, -87.9513543718912];5542 N 31ST ST
1;140290054;01/29/2014;12:38 PM;4.0;THEFT OF MOTOR VEHICLE PARTS/ACCESSORIES;;;;;[43.12328332944776, -87.9633338280341];5810 N 41ST ST
2;140280031;01/28/2014;11:09 AM;7.0;THEFT OF MOTOR VEHICLE PARTS/ACCESSORIES;;;;;[43.109378884817374, -87.9351523607827];5050 N 19TH PL
3;140280061;01/28/2014;02:10 PM;4.0;THEFT OF MOTOR VEHICLE PARTS/ACCESSORIES;;;;;[43.114545031363605, -87.95882863200394];5335 N 37TH ST
4;140280090;01/28/2014;05:42 PM;5.0;THEFT OF MOTOR VEHICLE PARTS/ACCESSORIES;;;;;[43.10312403136362, -87.95295760315051];4765 N 32ND ST
5;140270038;01/27/2014;10:22 AM;4.0;THEFT OF MOTOR VEHICLE PARTS/ACCESSORIES;;;;;[43.134776947544566, -87.96587334246082];6448 N 43RD ST
6;140270057;01/27/2014;01:57 PM;4.0;THEFT OF MOTOR VEHICLE PARTS/ACCESSORIES;;;;;[43.117356532315895, -87.96045052553522];3815 W SHERIDAN AV
7;140270129;01/27/2014;08:43 PM;4.0;THEFT FROM MOTOR VEHICLE;THEFT OF MOTOR VEHICLE PARTS/ACCESSORIES;;;;[43.11480047013695, -87.94806227699232];2801 W CUSTER AV
8;140260065;01/26/2014;10:25 AM;7.0;THEFT FROM MOTOR VEHICLE;;;;;[43.10694997446478, -87.96635581692561];4920 N SHERMAN BL
9;140220092;01/22/2014;02:35 PM;7.0;THEFT FROM BUILDING;;;;;[43.10464746047075, -87.96293083236193];4002 W HAMPTON AV
10;140210073;01/21/2014;06:04 PM;4.0;THEFT OF MOTOR VEHICLE PARTS/ACCESSORIES;;;;;[43.14577886649552, -87.95604791023702];7039 N TEUTONIA AV
11;140210089;01/21/2014;07:55 PM;5.0;THEFT FROM BUILDING;;;;;[43.09399677367502, -87.93350891822978];1801 W OLIVE ST
12;140190049;01/19/2014;11:15 AM;4.0;THEFT OF MOTOR VEHICLE PARTS/ACCESSORIES;;;;;[43.122672220093506, -87.9633563280341];5754 N 41ST ST
13;140190108;01/19/2014;06:45 PM;5.0;THEFT FROM BUILDING;;;;;[43.10312403136362, -87.95295760315051];4765 N 32ND ST #309
14;140180031;01/18/2014;10:07 AM;5.0;THEFT FROM MOTOR VEHICLE;THEFT OF MOTOR VEHICLE PARTS/ACCESSORIES;;;;[43.09416842670577, -87.93433745855543];1900 W OLIVE ST
15;140180034;01/18/2014;11:21 AM;4.0;THEFT OF MOTOR VEHICLE PARTS/ACCESSORIES;;;;;[43.113822277047944, -87.95767227704793];3600 W ROHR AV
16;140160033;01/16/2014;09:38 AM;5.0;THEFT OF MOTOR VEHICLE PARTS/ACCESSORIES;;;;;[43.10099627087549, -87.94484393037655];4609 N TEUTONIA AV
17;140160053;01/16/2014;11:00 AM;4.0;THEFT FROM BUILDING;;;;;[43.112970754371275, -87.95643162479058];5249 N 35TH ST
18;140140016;01/14/2014;08:33 AM;7.0;THEFT OF MOTOR VEHICLE PARTS/ACCESSORIES;;;;;[43.10917196863639, -87.96014438631792];5040 N 38TH ST
19;140140025;01/14/2014;10:00 AM;7.0;THEFT OF MOTOR VEHICLE PARTS/ACCESSORIES;;;;;[43.10828549321932, -87.96266002553523];3938 W FAIRMOUNT AV
20;140140065;01/14/2014;02:22 PM;4.0;THEFT OF MOTOR VEHICLE PARTS/ACCESSORIES;;;;;[43.11444541326679, -87.95754436078269];5330 N 36TH ST
21;140130032;01/13/2014;08:38 AM;4.0;THEFT OF MOTOR VEHICLE PARTS/ACCESSORIES;;;;;[43.11790184860515, -87.95060618206304];5541 N TEUTONIA AV
22;140130052;01/13/2014;11:52 AM;7.0;THEFT OF MOTOR VEHICLE PARTS/ACCESSORIES;;;;;[43.1015132173291, -87.93119875461984];4650 N PARKWAY AV
23;140130145;01/13/2014;09:03 PM;5.0;THEFT OF MOTOR VEHICLE PARTS/ACCESSORIES;;;;;[43.097634583192985, -87.92819018019208];1406 W CORNELL ST
24;140090034;01/09/2014;10:20 AM;4.0;THEFT FROM BUILDING;;;;;[43.11194751875457, -87.96058102553522];3812 W VILLARD AV #8
25;140090098;01/09/2014;06:56 PM;7.0;THEFT FROM BUILDING;;;;;[43.110314580904856, -87.9738028607827];5110 N 49TH ST
26;140090101;01/09/2014;05:09 PM;4.0;THEFT FROM MOTOR VEHICLE;;;;;[43.11645216180969, -87.96464587910455];5436 N 42ND ST
27;140080018;01/08/2014;05:23 AM;5.0;THEFT FROM BUILDING;;;;;[43.08985048600596, -87.94537164308379];2522 W CAPITOL DR #10
28;140080037;01/08/2014;09:45 AM;5.0;THEFT FROM MOTOR VEHICLE;;;;;[43.08981144753335, -87.94030110857977];2222 W CAPITOL DR
29;140050027;01/05/2014;10:24 AM;5.0;THEFT OF MOTOR VEHICLE PARTS/ACCESSORIES;;;;;[43.0915497799065, -87.93699065032581];4101 N 20TH ST
30;140050029;01/05/2014;10:33 AM;4.0;THEFT FROM BUILDING;;;;;[43.13385948456368, -87.97222252553523];4707 W MILL RD
31;140040046;01/04/2014;01:12 PM;5.0;THEFT OF MOTOR VEHICLE PARTS/ACCESSORIES;;;;;[43.089832486005974, -87.944202];2462 W CAPITOL DR
32;140040053;01/04/2014;02:03 PM;5.0;THEFT FROM MOTOR VEHICLE;;;;;[43.09207391701769, -87.92423131637733];4118 N GREEN BAY AV
33;140030051;01/03/2014;11:15 AM;7.0;THEFT FROM MOTOR VEHICLE;;;;;[43.10615707299899, -87.96063103064246];4880 N HOPKINS ST
34;140030057;01/03/2014;01:18 PM;7.0;THEFT OF MOTOR VEHICLE PARTS/ACCESSORIES;;;;;[43.11166659567453, -87.95636214781872];5190 N 35TH ST
35;140030073;01/03/2014;03:42 PM;5.0;THEFT OF MOTOR VEHICLE PARTS/ACCESSORIES;;;;;[43.099243994171616, -87.94912291185312];4508 N 29TH ST
36;140020057;01/02/2014;12:12 PM;7.0;THEFT FROM BUILDING;DESTRUCTION/DAMAGE/VANDALISM OF PROPERTY;;;;[43.09974036085386, -87.92887436277952];4565 N GREEN BAY AV
37;140020057;01/02/2014;12:12 PM;7.0;THEFT FROM BUILDING;;;;;[43.09974036085386, -87.92887436277952];4565 N GREEN BAY AV
38;140020067;01/02/2014;02:12 PM;5.0;THEFT OF MOTOR VEHICLE PARTS/ACCESSORIES;;;;;[43.09241987705574, -87.92443329805548];4136 N GREEN BAY AV
39;140010067;01/01/2014;11:54 AM;4.0;THEFT OF MOTOR VEHICLE PARTS/ACCESSORIES;;;;;[43.11660683819031, -87.95877815753917];5445 N 37TH ST
40;140010123;01/01/2014;09:11 PM;4.0;THEFT FROM BUILDING;;;;;[43.115832167638075, -87.9355686719659];5421 N 19TH ST
41;140010132;01/01/2014;08:56 PM;7.0;THEFT FROM MOTOR VEHICLE;;;;;[43.106947994171634, -87.95772436078269];4920 N 36TH ST
42;140350036;01/31/2014;02:00 PM;3.0;THEFT OF MOTOR VEHICLE PARTS/ACCESSORIES;;;;;[43.06392072191116, -87.97938657395129];5230 W LISBON AV
43;140350037;01/31/2014;02:00 PM;3.0;THEFT OF MOTOR VEHICLE PARTS/ACCESSORIES;;;;;[43.06392072191116, -87.97938657395129];5230 W LISBON AV
44;140290095;01/29/2014;05:36 PM;3.0;THEFT OF MOTOR VEHICLE PARTS/ACCESSORIES;;;;;[43.06723233637266, -87.98580559368678];5835 W LISBON AV
45;140280015;01/28/2014;07:17 AM;3.0;THEFT OF MOTOR VEHICLE PARTS/ACCESSORIES;;;;;[43.05542386372554, -87.97242109925536];1907 N 47TH ST
46;140260066;01/26/2014;03:04 PM;3.0;THEFT FROM MOTOR VEHICLE;;;;;[43.02569908575227, -88.01717590230344];500 S 84TH ST
47;140240068;01/24/2014;09:54 AM;3.0;THEFT OF MOTOR VEHICLE PARTS/ACCESSORIES;;;;;[43.06582766362737, -87.98300057063305];5540 W LISBON AV
48;140220110;01/22/2014;06:51 PM;3.0;THEFT FROM BUILDING;;;;;[43.0607915294116, -87.98672676065398];5926 W NORTH AV
49;140220132;01/22/2014;08:18 PM;3.0;THEFT FROM MOTOR VEHICLE;;;;;[43.032509528449424, -88.01225243738836];150 N 80TH ST
50;140210064;01/21/2014;04:42 PM;3.0;THEFT FROM BUILDING;;;;;[43.03619552842075, -87.99200015208616];6333 W BLUE MOUND RD
51;140200049;01/20/2014;09:29 AM;3.0;THEFT FROM MOTOR VEHICLE;;;;;[43.06765667583237, -87.98496770578234];5758 W APPLETON AV
52;140180035;01/18/2014;11:31 AM;7.0;THEFT OF MOTOR VEHICLE PARTS/ACCESSORIES;;;;;[43.06839760357952, -87.98561553290538];5815 W APPLETON AV
53;140160018;01/16/2014;06:37 AM;3.0;THEFT OF MOTOR VEHICLE PARTS/ACCESSORIES;;;;;[43.0595187485429, -87.97869241185313];2206 N 52ND ST #ALLEY
54;140160102;01/16/2014;04:49 PM;3.0;THEFT OF MOTOR VEHICLE PARTS/ACCESSORIES;;;;;[43.02593451067582, -87.993351];6431 W MAIN ST
55;140150070;01/15/2014;05:09 PM;7.0;THEFT OF MOTOR VEHICLE PARTS/ACCESSORIES;;;;;[43.07322633527613, -87.97975010646873];2973 N 53RD ST
56;140140015;01/14/2014;07:33 AM;7.0;THEFT OF MOTOR VEHICLE PARTS/ACCESSORIES;;;;;[43.069914475306625, -87.98088015619768];2804 N 54TH ST
57;140130067;01/13/2014;11:14 AM;3.0;THEFT OF MOTOR VEHICLE PARTS/ACCESSORIES;;;;;[43.06800654674262, -87.98551127699231];5801 W CENTER ST
58;140130130;01/13/2014;06:40 PM;3.0;THEFT FROM BUILDING;;;;;[43.03584335111649, -88.0292441991459];9302 W BLUE MOUND RD
59;140110041;01/11/2014;07:28 AM;3.0;THEFT OF MOTOR VEHICLE PARTS/ACCESSORIES;;;;;[43.030243697472464, -88.0274791200282];115 S 92ND ST
60;140110076;01/11/2014;01:55 PM;3.0;THEFT OF MOTOR VEHICLE PARTS/ACCESSORIES;;;;;[43.06800654674262, -87.98551127699231];5801 W CENTER ST
61;140100066;01/10/2014;10:09 AM;3.0;THEFT FROM MOTOR VEHICLE;;;;;[43.03425317321721, -88.00742134813751];317 N 76TH ST
62;140080113;01/08/2014;08:12 PM;3.0;THEFT FROM BUILDING;;;;;[43.02871826423904, -88.01578764253553];8218 W DIXON ST
63;140070057;01/07/2014;01:58 PM;3.0;THEFT OF MOTOR VEHICLE PARTS/ACCESSORIES;;;;;[43.06800654674262, -87.98551127699231];5801 W CENTER ST
64;140070099;01/07/2014;09:14 PM;3.0;THEFT FROM MOTOR VEHICLE;;;;;[43.03487474960259, -87.95781109576227];3500 W ST PAUL AV
65;140060045;01/06/2014;02:49 PM;7.0;THEFT OF MOTOR VEHICLE PARTS/ACCESSORIES;;;;;[43.07049841326679, -87.98204491185312];2830 N 55TH ST
66;140040030;01/04/2014;09:05 AM;7.0;THEFT OF MOTOR VEHICLE PARTS/ACCESSORIES;;;;;[43.068565812106826, -87.98561355785111];5816 W APPLETON AV
67;140040051;01/04/2014;01:16 PM;3.0;THEFT FROM BUILDING;;;;;[43.0366444565756, -87.98132211226844];5412 W BLUE MOUND RD
68;140040084;01/04/2014;07:46 PM;7.0;THEFT OF MOTOR VEHICLE PARTS/ACCESSORIES;;;;;[43.07685347155058, -87.97598388963614];3178 N 50TH ST
69;140020038;01/02/2014;12:02 PM;7.0;THEFT OF MOTOR VEHICLE PARTS/ACCESSORIES;;;;;[43.07360504148495, -87.97965290272876];3004 N 53RD ST
70;140020041;01/02/2014;11:44 AM;7.0;THEFT FROM MOTOR VEHICLE;;;;;[43.073534206215, -87.97849202282681];3000 N 52ND ST
71;140310121;01/31/2014;05:23 PM;6.0;THEFT FROM BUILDING;;;;;[42.99702283236195, -87.99233340463978];2616 S 64TH ST
72;140290098;01/29/2014;05:34 PM;6.0;THEFT FROM BUILDING;;;;;[42.97376253375818, -88.017273];8338 W HOWARD AV #6
73;140290121;01/29/2014;08:40 PM;6.0;THEFT OF MOTOR VEHICLE PARTS/ACCESSORIES;;;;;[42.987135877863814, -87.95553816377158];3239 W DRURY LA
74;140280045;01/28/2014;12:12 PM;6.0;THEFT FROM MOTOR VEHICLE;;;;;[42.974639999999994, -87.98558104818491];3839 S 57TH ST
75;140270030;01/27/2014;06:46 AM;6.0;THEFT FROM BUILDING;;;;;[42.99485375826644, -87.98777105539827];2727 S 60TH ST #2
76;140270055;01/27/2014;01:47 PM;6.0;THEFT OF MOTOR VEHICLE PARTS/ACCESSORIES;;;;;[42.970371094891824, -88.00953384047521];7708 W WATERFORD AV
77;140240091;01/24/2014;05:26 PM;2.0;THEFT FROM BUILDING;;;;;[43.003042478792615, -87.95839358534825];3510 W LINCOLN AV
78;140230078;01/23/2014;05:35 PM;6.0;THEFT FROM BUILDING;;;;;[42.98489091248832, -87.94843751889785];3355 S 27TH ST
79;140240003;01/23/2014;11:39 PM;6.0;THEFT FROM BUILDING;;;;;[42.971733692077684, -88.00820926958316];4003 S 76TH ST #6
80;140220010;01/22/2014;06:38 AM;6.0;THEFT FROM MOTOR VEHICLE;;;;;[42.975971664723886, -87.97931641906649];3770 S 52ND ST
81;140200146;01/20/2014;11:57 PM;6.0;THEFT FROM MOTOR VEHICLE;;;;;[42.996547486005966, -87.99671258381903];6728 W WICK PL
82;140190007;01/19/2014;12:48 AM;6.0;THEFT FROM MOTOR VEHICLE;;;;;[42.988327473455186, -87.97875202553523];5101 W OKLAHOMA AV
83;140190073;01/19/2014;02:31 PM;6.0;THEFT FROM MOTOR VEHICLE;THEFT OF MOTOR VEHICLE PARTS/ACCESSORIES;;;;[42.988327473455186, -87.97875202553523];5101 W OKLAHOMA AV
84;140190097;01/19/2014;04:47 PM;2.0;THEFT FROM MOTOR VEHICLE;;;;;[43.003042478792615, -87.95839358534825];3510 W LINCOLN AV
85;140180104;01/18/2014;10:38 PM;6.0;THEFT FROM MOTOR VEHICLE;;;;;[42.988327473455186, -87.97875202553523];5101 W OKLAHOMA AV
86;140170074;01/17/2014;04:09 PM;6.0;THEFT FROM BUILDING;;;;;[42.98392741326677, -87.96300245340255];3300 S 39TH ST
87;140150044;01/15/2014;01:08 PM;6.0;THEFT OF MOTOR VEHICLE PARTS/ACCESSORIES;;;;;[42.98522400000002, -87.9481224190665];3270 S 27TH ST
88;140150061;01/15/2014;03:49 PM;6.0;THEFT FROM MOTOR VEHICLE;THEFT OF MOTOR VEHICLE PARTS/ACCESSORIES;;;;[42.97399549711447, -87.97724099999999];5014 W HOWARD AV
89;140140023;01/14/2014;08:16 AM;6.0;THEFT FROM BUILDING;;;;;[42.9746345323159, -88.01020286081135];7727 W TRIPOLI AV
90;140140119;01/14/2014;07:33 PM;6.0;THEFT FROM MOTOR VEHICLE;;;;;[42.98592894777573, -87.94841903043998];3233 S 27TH ST
91;140450018;01/14/2014;08:16 AM;6.0;THEFT FROM BUILDING;;;;;[42.9746345323159, -88.01020286081135];7727 W TRIPOLI AV
92;140130059;01/13/2014;12:41 PM;6.0;THEFT OF MOTOR VEHICLE PARTS/ACCESSORIES;;;;;[42.98705799861502, -88.0092195344784];3141 S 77TH ST
93;140110040;01/11/2014;10:06 AM;6.0;THEFT FROM MOTOR VEHICLE;;;;;[42.976025866466834, -87.94857907328652];3795 S 27TH ST
94;140070029;01/07/2014;12:00 PM;6.0;THEFT FROM MOTOR VEHICLE;;;;;[42.980390123222406, -87.94856134868154];3555 S 27TH ST
95;140070106;01/07/2014;09:34 PM;6.0;THEFT FROM MOTOR VEHICLE;;;;;[42.98199690758263, -87.94850954602053];3473 S 27TH ST
96;140060041;01/06/2014;01:32 PM;6.0;THEFT FROM BUILDING;;;;;[42.98682836912122, -88.02664832970754];9131 W BELOIT RD
97;140030017;01/03/2014;05:47 AM;6.0;THEFT FROM MOTOR VEHICLE;;;;;[42.974963245628715, -88.00921493738835];3826 S 77TH ST
98;140020012;01/02/2014;07:58 AM;6.0;THEFT OF MOTOR VEHICLE PARTS/ACCESSORIES;;;;;[42.99824783819031, -87.99448107372014];2545 S 66TH ST
99;140020052;01/02/2014;10:59 AM;6.0;THEFT FROM BUILDING;;;;;[42.98012536940969, -87.96796642570294];3540 S 43RD ST
100;140310069;01/31/2014;01:31 PM;2.0;THEFT FROM MOTOR VEHICLE;;;;;[43.01813362220715, -87.92935418189599];1400 W MADISON ST
101;140310095;01/31/2014;02:49 PM;2.0;THEFT FROM BUILDING;;;;;[43.02483769412636, -87.91396745179577];610 S 3RD ST
102;140310130;01/31/2014;08:04 PM;2.0;THEFT FROM BUILDING;;;;;[43.02413665175822, -87.9153536517582];700 S 4TH ST
103;140300088;01/30/2014;03:09 PM;2.0;THEFT FROM MOTOR VEHICLE;;;;;[43.00131763012528, -87.92302332660608];924 W HAYES AV
104;140300097;01/30/2014;04:09 PM;2.0;THEFT OF MOTOR VEHICLE PARTS/ACCESSORIES;;;;;[43.01706246768411, -87.92886133236193];1336 W GREENFIELD AV
105;140280040;01/28/2014;11:57 AM;2.0;THEFT FROM MOTOR VEHICLE;;;;;[43.02565588217266, -87.91678465177495];536 S 5TH ST
106;140280043;01/28/2014;12:01 PM;2.0;THEFT FROM MOTOR VEHICLE;;;;;[43.025288502885545, -87.9204105];719 W BRUCE ST
107;140280054;01/28/2014;01:12 PM;2.0;THEFT FROM MOTOR VEHICLE;;;;;[43.009371282820695, -87.93673054097155];1937 S 19TH ST
108;140280068;01/28/2014;02:17 PM;2.0;THEFT FROM BUILDING;;;;;[43.012322474897466, -87.92715247446478];1212 W HISTORIC MITCHELL ST
109;140270097;01/27/2014;06:47 PM;2.0;THEFT OF MOTOR VEHICLE PARTS/ACCESSORIES;;;;;[42.99783392200936, -87.92862906982499];2561 S 13TH ST
110;140260015;01/26/2014;03:06 AM;2.0;THEFT FROM MOTOR VEHICLE;THEFT OF MOTOR VEHICLE PARTS/ACCESSORIES;;;;[43.01370589869583, -87.9112030108487];1619 S 1ST ST
111;140260023;01/26/2014;07:12 AM;2.0;THEFT FROM BUILDING;;;;;[43.01021414535056, -87.92144264535054];800 W BURNHAM ST
112;140240002;01/24/2014;12:04 AM;2.0;THEFT FROM MOTOR VEHICLE;THEFT OF MOTOR VEHICLE PARTS/ACCESSORIES;;;;[43.02702654501186, -87.90819372300767];303 E FLORIDA ST
113;140240039;01/24/2014;09:27 AM;2.0;THEFT OF MOTOR VEHICLE PARTS/ACCESSORIES;;;;;[43.01148415476894, -87.92879043090673];1319 W FOREST HOME AV
114;140240067;01/24/2014;02:36 PM;2.0;THEFT OF MOTOR VEHICLE PARTS/ACCESSORIES;;;;;[43.004652504327844, -87.92684180682672];1130 W GRANT ST
115;140230040;01/23/2014;12:23 PM;2.0;THEFT FROM BUILDING;;;;;[43.00971024314721, -87.93242379061098];1560 W FOREST HOME AV
116;140200072;01/20/2014;12:37 PM;2.0;THEFT FROM MOTOR VEHICLE;;;;;[43.02459058673321, -87.91688906650677];625 S 5TH ST
117;140200098;01/20/2014;05:42 PM;2.0;THEFT FROM MOTOR VEHICLE;;;;;[43.0123024773503, -87.91096406059148];131 E MITCHELL ST
118;140200105;01/20/2014;06:51 PM;2.0;THEFT FROM MOTOR VEHICLE;THEFT OF MOTOR VEHICLE PARTS/ACCESSORIES;;;;[43.01230253952925, -87.91125071579432];101 W MITCHELL ST
119;140190123;01/19/2014;08:24 PM;2.0;THEFT FROM MOTOR VEHICLE;;;;;[43.01923500000001, -87.93188904039464];1139 S 15TH PL
120;140190133;01/19/2014;09:23 PM;2.0;THEFT OF MOTOR VEHICLE PARTS/ACCESSORIES;;;;;[43.00657551875455, -87.93344322300767];1600 W BECHER ST
121;140180090;01/18/2014;08:06 PM;2.0;THEFT FROM MOTOR VEHICLE;;;;;[43.008840586733214, -87.91866859925535];1959 S 6TH ST
122;140190016;01/18/2014;11:30 PM;2.0;THEFT FROM BUILDING;;;;;[43.022124167638054, -87.93809105539827];821-A S 20TH ST
123;140170037;01/17/2014;10:50 AM;2.0;THEFT OF MOTOR VEHICLE PARTS/ACCESSORIES;;;;;[43.02078266472387, -87.93049444517864];1012 S 15TH ST
124;140160039;01/16/2014;09:19 AM;2.0;THEFT FROM MOTOR VEHICLE;;;;;[43.02591400582838, -87.912640092042];507 S 2ND ST
125;140160114;01/16/2014;05:52 PM;2.0;THEFT OF MOTOR VEHICLE PARTS/ACCESSORIES;;;;;[42.99715135389787, -87.92483965148719];2604 S 10TH ST
126;140160145;01/16/2014;09:19 PM;1.0;THEFT FROM BUILDING;;;;;[43.027370549541246, -87.91101297345517];338 S 1ST ST
127;140150025;01/15/2014;09:00 AM;2.0;THEFT OF MOTOR VEHICLE PARTS/ACCESSORIES;;;;;[43.0231618382759, -87.92848784575447];1329 W NATIONAL AV
128;140140012;01/14/2014;05:53 AM;2.0;THEFT FROM MOTOR VEHICLE;;;;;[43.014474974464775, -87.91262854097155];1571 S 2ND ST
129;140140088;01/14/2014;03:02 PM;2.0;THEFT FROM BUILDING;;;;;[43.023934760199666, -87.91128104876184];707 S 1ST ST
130;140130072;01/13/2014;01:56 PM;2.0;THEFT FROM BUILDING;;;;;[43.006542140695856, -87.921486];800 W BECHER ST
131;140130094;01/13/2014;04:35 PM;2.0;THEFT OF MOTOR VEHICLE PARTS/ACCESSORIES;;;;;[43.015724214265106, -87.92393651731226];1508 S 10TH ST
132;140130100;01/13/2014;05:47 PM;2.0;THEFT OF MOTOR VEHICLE PARTS/ACCESSORIES;;;;;[43.011684115182646, -87.92274806650677];1727 S 9TH ST
133;140120057;01/12/2014;12:01 PM;2.0;THEFT FROM BUILDING;;;;;[43.02162866472386, -87.9330159001677];916 S CESAR E CHAVEZ DR
134;140120059;01/12/2014;11:33 AM;2.0;THEFT OF MOTOR VEHICLE PARTS/ACCESSORIES;;;;;[43.012368908426126, -87.92186261990327];840 W HISTORIC MITCHELL ST
135;140120080;01/12/2014;02:11 PM;2.0;THEFT FROM BUILDING;;;;;[43.022885450605244, -87.92667565174453];832 S 12TH ST
136;140110036;01/11/2014;09:23 AM;2.0;THEFT FROM MOTOR VEHICLE;;;;;[43.02382513627447, -87.91396242238471];710 S 3RD ST
137;140100053;01/10/2014;09:20 AM;2.0;THEFT OF MOTOR VEHICLE PARTS/ACCESSORIES;;;;;[43.01403823388426, -87.91790690159327];541 W LAPHAM BL
138;140100082;01/10/2014;12:20 PM;2.0;THEFT FROM MOTOR VEHICLE;;;;;[43.02327653318127, -87.922872];902 W NATIONAL AV
139;140100089;01/10/2014;01:51 PM;2.0;THEFT FROM BUILDING;;;;;[43.020962999999995, -87.93301645902845];1000 S CESAR E CHAVEZ DR
140;140100092;01/10/2014;02:02 PM;2.0;THEFT FROM MOTOR VEHICLE;;;;;[43.02332716197993, -87.92258116197992];900 W NATIONAL AV
141;140100134;01/10/2014;05:39 PM;1.0;THEFT FROM MOTOR VEHICLE;;;;;[43.02737346047076, -87.91598127407813];408 W FLORIDA ST
142;140100148;01/10/2014;09:33 PM;2.0;THEFT FROM MOTOR VEHICLE;;;;;[43.025534884817375, -87.91257341517137];530 S 2ND ST
143;140090025;01/09/2014;09:19 AM;2.0;THEFT OF MOTOR VEHICLE PARTS/ACCESSORIES;;;;;[43.00525942492354, -87.92841854428977];2149 S 13TH ST
144;140090055;01/09/2014;01:03 PM;2.0;THEFT OF MOTOR VEHICLE PARTS/ACCESSORIES;;;;;[43.02278449711447, -87.93830583680534];2000 W NATIONAL AV
145;140090085;01/09/2014;05:27 PM;2.0;THEFT OF MOTOR VEHICLE PARTS/ACCESSORIES;;;;;[43.00980224562872, -87.93801392627985];1918 S 20TH ST
146;140080038;01/08/2014;10:23 AM;2.0;THEFT FROM BUILDING;;;;;[43.01808952596791, -87.92837116763806];1308 W MADISON ST
147;140080048;01/08/2014;12:40 PM;2.0;THEFT OF MOTOR VEHICLE PARTS/ACCESSORIES;;;;;[43.02074733527613, -87.92528643349323];1014 S 11TH ST
148;140090002;01/08/2014;11:21 PM;2.0;THEFT FROM BUILDING;;;;;[43.00866975437128, -87.92143159925536];1967 S 8TH ST
149;140050022;01/05/2014;09:41 AM;2.0;THEFT OF MOTOR VEHICLE PARTS/ACCESSORIES;;;;;[43.017053529863055, -87.92837983236194];1310 W GREENFIELD AV
150;140050046;01/05/2014;12:20 PM;2.0;THEFT OF MOTOR VEHICLE PARTS/ACCESSORIES;;;;;[43.01574283236195, -87.9111564551333];1500 S 1ST ST
151;140020028;01/02/2014;10:49 AM;2.0;THEFT FROM BUILDING;;;;;[43.0075074657222, -87.91863443738835];2032 S 6TH ST
152;140020053;01/02/2014;01:02 PM;2.0;THEFT OF MOTOR VEHICLE PARTS/ACCESSORIES;;;;;[43.0143235367593, -87.93509665488479];1737 W ARROW ST
153;140020077;01/02/2014;03:04 PM;2.0;THEFT FROM BUILDING;;;;;[43.02077400000002, -87.93308960646873];1023 S CESAR E CHAVEZ DR
154;140010110;01/01/2014;06:38 PM;2.0;THEFT OF MOTOR VEHICLE PARTS/ACCESSORIES;;;;;[43.01587146321206, -87.93564101621574];1466 S UNION ST
155;140300065;01/30/2014;12:23 PM;6.0;THEFT OF MOTOR VEHICLE PARTS/ACCESSORIES;;;;;[42.99103744463039, -87.93262902986305];2941 S 15TH PL
156;140290033;01/29/2014;09:40 AM;6.0;THEFT FROM MOTOR VEHICLE;;;;;[42.977896457152525, -87.9129542514571];190 W WILBUR AV
157;140290081;01/29/2014;04:23 PM;6.0;THEFT OF MOTOR VEHICLE PARTS/ACCESSORIES;;;;;[42.96131958090484, -87.89835497013695];4566 S LENOX ST
158;140280025;01/28/2014;10:10 AM;6.0;THEFT FROM MOTOR VEHICLE;;;;;[42.93750952368889, -87.90949644737262];5890 S HOWELL AV
159;140270019;01/27/2014;06:21 AM;6.0;THEFT FROM MOTOR VEHICLE;THEFT OF MOTOR VEHICLE PARTS/ACCESSORIES;;;;[42.95811700582837, -87.94619951543632];4753 S 25TH ST
160;140270027;01/27/2014;08:26 AM;6.0;THEFT FROM MOTOR VEHICLE;;;;;[42.957692444630396, -87.94739104097155];4773 S 26TH ST
161;140270039;01/27/2014;10:37 AM;6.0;THEFT FROM MOTOR VEHICLE;;;;;[42.976133800998326, -87.94820443955274];3774 S 27TH ST
162;140270046;01/27/2014;11:18 AM;6.0;THEFT FROM MOTOR VEHICLE;;;;;[42.976133800998326, -87.94820443955274];3774 S 27TH ST
163;140270114;01/27/2014;08:04 PM;6.0;THEFT FROM BUILDING;;;;;[42.95882641326679, -87.9485534878819];4730 S 27TH ST
164;140280044;01/27/2014;02:41 PM;2.0;THEFT FROM BUILDING;;;;;[43.0038447799065, -87.93336808814686];2237 S 16TH ST
165;140260036;01/26/2014;09:48 AM;6.0;THEFT FROM MOTOR VEHICLE;;;;;[42.9290959550464, -87.93032762790632];6331 S 13TH ST
166;140260039;01/26/2014;09:48 AM;6.0;THEFT FROM MOTOR VEHICLE;;;;;[42.9290959550464, -87.93032762790632];6331 S 13TH ST
167;140260041;01/26/2014;11:04 AM;6.0;THEFT FROM MOTOR VEHICLE;THEFT OF MOTOR VEHICLE PARTS/ACCESSORIES;;;;[42.9871947799065, -87.94695754818491];3159 S 26TH ST
168;140260043;01/26/2014;11:16 AM;6.0;THEFT OF MOTOR VEHICLE PARTS/ACCESSORIES;;;;;[42.93815153952925, -87.95725208381903];3319 W IONA TR
169;140240133;01/25/2014;12:30 AM;6.0;THEFT FROM BUILDING;;;;;[42.983883586733214, -87.93735056650678];3339 S 19TH ST
170;140250049;01/25/2014;12:44 PM;6.0;THEFT OF MOTOR VEHICLE PARTS/ACCESSORIES;;;;;[42.96040920134988, -87.94371677276565];4560 S 23RD ST
171;140240057;01/24/2014;12:33 PM;6.0;THEFT FROM BUILDING;;;;;[42.983784586733236, -87.93736054097155];3343 S 19TH ST
172;140230023;01/23/2014;08:57 AM;6.0;THEFT FROM MOTOR VEHICLE;;;;;[42.92520249379625, -87.93143163918865];1400 W ZELLMAN CT
173;140220028;01/22/2014;08:22 AM;6.0;THEFT FROM MOTOR VEHICLE;;;;;[42.9670439686364, -87.8995639773503];4264 S PINE AV
174;140220114;01/22/2014;07:43 PM;6.0;THEFT FROM MOTOR VEHICLE;;;;;[42.9522572514571, -87.90987101543632];5067 S HOWELL AV
175;140090150;01/20/2014;05:50 AM;6.0;THEFT OF MOTOR VEHICLE PARTS/ACCESSORIES;;;;;[42.97971700582838, -87.93507904097154];3561 S 17TH ST
176;140200071;01/20/2014;01:33 PM;6.0;THEFT FROM MOTOR VEHICLE;;;;;[42.9679049306077, -87.91942903952739];4221 S 6TH ST
177;140190074;01/19/2014;01:46 PM;6.0;THEFT FROM BUILDING;;;;;[42.96915194892956, -87.90943442627986];4130 S HOWELL AV
178;140180079;01/18/2014;04:56 PM;6.0;THEFT FROM BUILDING;;;;;[42.94836660115995, -87.90988156217801];5311 S HOWELL AV
179;140170126;01/17/2014;10:13 PM;6.0;THEFT OF MOTOR VEHICLE PARTS/ACCESSORIES;;;;;[42.98846297897883, -87.93734817045602];1900 W OKLAHOMA AV
180;140160030;01/16/2014;08:41 AM;6.0;THEFT FROM MOTOR VEHICLE;;;;;[42.96118378654296, -87.91939593349322];4600 S 6TH ST
181;140160122;01/16/2014;06:19 PM;6.0;THEFT FROM BUILDING;;;;;[42.97758574877406, -87.94818600504992];3700 S 27TH ST
182;140150052;01/15/2014;02:36 PM;6.0;THEFT FROM BUILDING;;;;;[42.9376455310169, -87.95061327407812];2730 W RAMSEY AV
183;140150080;01/15/2014;05:11 PM;6.0;THEFT FROM BUILDING;;;;;[42.97393048600597, -87.93848208090483];1930 W HOWARD AV
184;140140101;01/14/2014;04:45 PM;6.0;THEFT FROM BUILDING;;;;;[42.955775665820404, -87.93677019066313];4906-M S 19TH ST
185;140130107;01/13/2014;05:30 PM;6.0;THEFT FROM MOTOR VEHICLE;;;;;[42.96696283236193, -87.907093430175];4258 S AUSTIN ST
186;140110033;01/11/2014;09:00 AM;6.0;THEFT FROM MOTOR VEHICLE;;;;;[42.95942248326467, -87.9368715];1716 W LAYTON AV
187;140180065;01/11/2014;09:02 AM;6.0;THEFT FROM MOTOR VEHICLE;;;;;[42.9290959550464, -87.93032762790632];6331 S 13TH ST
188;140090127;01/09/2014;08:44 PM;6.0;THEFT FROM MOTOR VEHICLE;;;;;[42.93038705019428, -87.92660216911322];1100 W COLLEGE AV
189;140100063;01/08/2014;10:15 AM;6.0;THEFT FROM BUILDING;;;;;[42.978223980293166, -87.93511806708369];3635 S 17TH ST
190;140070032;01/07/2014;12:34 PM;2.0;THEFT FROM MOTOR VEHICLE;;;;;[43.00654148124544, -87.93559336372554];1801 W BECHER ST
191;140070066;01/07/2014;05:30 PM;6.0;THEFT FROM MOTOR VEHICLE;;;;;[42.942157655583955, -87.94931087755842];5659 S 27TH ST
192;140070086;01/07/2014;07:49 PM;6.0;THEFT FROM MOTOR VEHICLE;;;;;[42.977284255900074, -87.90952092947705];3701 S HOWELL AV
193;140070098;01/07/2014;08:49 PM;6.0;THEFT FROM MOTOR VEHICLE;;;;;[42.97387165125276, -87.94826665125275];3900 S 27TH ST
194;140070104;01/07/2014;08:55 PM;6.0;THEFT FROM MOTOR VEHICLE;;;;;[42.978712999423095, -87.94816443623452];3636 S 27TH ST
195;140050002;01/05/2014;12:27 AM;6.0;THEFT FROM BUILDING;;;;;[42.95653317456297, -87.93184775685279];1453 W BARNARD AV
196;140040063;01/04/2014;03:12 PM;6.0;THEFT FROM MOTOR VEHICLE;;;;;[42.979005, -87.94816640406286];3606 S 27TH ST
197;140030022;01/03/2014;06:50 AM;6.0;THEFT FROM BUILDING;;;;;[42.96051841326678, -87.9169749606159];4620 S 5TH ST
198;140030029;01/03/2014;10:00 AM;6.0;THEFT OF MOTOR VEHICLE PARTS/ACCESSORIES;;;;;[42.93511378822233, -87.91008342099066];6055 S HOWELL AV
199;140030077;01/03/2014;04:19 PM;2.0;THEFT FROM MOTOR VEHICLE;;;;;[42.99943341473695, -87.93424791431706];1700 W WINDLAKE AV
200;140020016;01/02/2014;08:58 AM;6.0;THEFT FROM BUILDING;;;;;[42.990714419095156, -87.93262805539827];2957 S 15TH PL
201;140020101;01/02/2014;03:12 PM;6.0;THEFT FROM BUILDING;;;;;[42.973397580904845, -87.91310445571023];3912 S 2ND ST
202;140120042;01/02/2014;11:19 AM;6.0;THEFT FROM BUILDING;;;;;[42.961123390384685, -87.93883904064137];4580 S 20TH ST #1
203;140300053;01/30/2014;11:09 AM;2.0;THEFT FROM MOTOR VEHICLE;;;;;[42.99895867055227, -87.92249760257359];2505 S 9TH ST
204;140290086;01/29/2014;05:00 PM;6.0;THEFT FROM MOTOR VEHICLE;;;;;[42.98829549567217, -87.9063432485429];313 E OKLAHOMA AV
205;140270089;01/27/2014;05:00 PM;2.0;THEFT FROM MOTOR VEHICLE;;;;;[43.00209706243876, -87.91754180933687];2341 S CHASE AV
206;140240055;01/24/2014;01:22 PM;6.0;THEFT OF MOTOR VEHICLE PARTS/ACCESSORIES;;;;;[42.98128317346644, -87.92409754818492];3471 S 9TH PL
207;140210037;01/21/2014;12:51 PM;6.0;THEFT FROM MOTOR VEHICLE;;;;;[42.9880695212074, -87.87517241909515];2719 E OKLAHOMA AV
208;140200039;01/20/2014;09:24 AM;6.0;THEFT FROM MOTOR VEHICLE;;;;;[42.98029107799064, -87.89812644460173];3526 S LENOX ST
209;140200058;01/20/2014;11:51 AM;6.0;THEFT FROM BUILDING;;;;;[42.99461944463039, -87.89806157934603];2751 S LENOX ST
210;140170009;01/17/2014;01:01 AM;6.0;THEFT FROM MOTOR VEHICLE;;;;;[42.97145772159406, -87.90047749679735];655 E NORWICH ST
211;140160136;01/16/2014;07:19 PM;6.0;THEFT FROM MOTOR VEHICLE;;;;;[43.00234831833926, -87.90380635818562];2327 S KINNICKINNIC AV
212;140130098;01/13/2014;05:06 PM;6.0;THEFT OF MOTOR VEHICLE PARTS/ACCESSORIES;;;;;[42.98681741909516, -87.889298592042];3161 S BRUST AV
213;140130155;01/13/2014;08:59 PM;6.0;THEFT FROM MOTOR VEHICLE;;;;;[42.997216318050775, -87.89914591883536];2627 S KINNICKINNIC AV
214;140110046;01/11/2014;10:48 AM;6.0;THEFT FROM MOTOR VEHICLE;;;;;[42.98249411023394, -87.9135901237979];250 W HOLT AV
215;140100146;01/10/2014;09:47 PM;6.0;THEFT FROM BUILDING;;;;;[42.990672139405966, -87.90930263854517];2976 S CHASE AV
216;140080094;01/08/2014;06:03 PM;6.0;THEFT FROM BUILDING;;;;;[42.98708683236194, -87.9314644773503];3150 S 15TH ST
217;140060060;01/06/2014;06:46 PM;6.0;THEFT FROM BUILDING;;;;;[42.99636541326677, -87.89671493738835];2636 S LOGAN AV
218;140030107;01/03/2014;08:24 PM;6.0;THEFT FROM MOTOR VEHICLE;;;;;[42.982445522649684, -87.91377299999999];270 W HOLT AV
219;140020102;01/02/2014;05:50 PM;6.0;THEFT OF MOTOR VEHICLE PARTS/ACCESSORIES;;;;;[42.99193048600597, -87.92728199999999];1132 W DAKOTA ST
220;140310045;01/31/2014;10:59 AM;3.0;THEFT OF MOTOR VEHICLE PARTS/ACCESSORIES;;;;;[43.0599027100989, -87.96998840548018];2246 N 45TH ST
221;140310134;01/31/2014;08:37 PM;3.0;THEFT FROM BUILDING;;;;;[43.060742914394936, -87.94518461738184];2510 W NORTH AV
222;140300043;01/30/2014;10:36 AM;3.0;THEFT FROM MOTOR VEHICLE;;;;;[43.05171650291419, -87.94881957372014];1611 N 28TH ST
223;140290058;01/29/2014;01:13 PM;7.0;THEFT OF MOTOR VEHICLE PARTS/ACCESSORIES;;;;;[43.068690586733226, -87.95627113921731];2735 N 34TH ST
224;140280087;01/28/2014;05:24 PM;3.0;THEFT FROM MOTOR VEHICLE;;;;;[43.064007806425685, -87.92156811238894];800 W WRIGHT ST
225;140280103;01/28/2014;06:28 PM;3.0;THEFT FROM MOTOR VEHICLE;;;;;[43.061733031363616, -87.9575475976679];2355 N 35TH ST
226;140250074;01/25/2014;03:53 PM;3.0;THEFT FROM BUILDING;;;;;[43.05344518264171, -87.92916551786051];1300-A W FOND DU LAC AV
227;140230045;01/23/2014;10:39 AM;3.0;THEFT FROM BUILDING;;;;;[43.05784050678067, -87.95482216763806];3223 W LLOYD ST
228;140230084;01/23/2014;05:07 PM;3.0;THEFT FROM BUILDING;;;;;[43.06429521400615, -87.94876221400614];2800 W WRIGHT ST
229;140230125;01/23/2014;10:41 PM;3.0;THEFT FROM BUILDING;;;;;[43.06510230030585, -87.92888587812361];2548-A N TEUTONIA AV
230;140240007;01/23/2014;11:33 PM;3.0;THEFT FROM BUILDING;DISORDERLY CONDUCT;;;;[43.05576524562872, -87.94006488963613];1946 N 22ND ST
231;140220032;01/22/2014;09:59 AM;3.0;THEFT FROM BUILDING;;;;;[43.067520167638065, -87.96339113532217];2677 N 40TH ST
232;140220063;01/22/2014;01:28 PM;3.0;THEFT OF MOTOR VEHICLE PARTS/ACCESSORIES;;;;;[43.05079825145711, -87.95768062983956];1535 N 35TH ST
233;140200073;01/20/2014;01:46 PM;3.0;THEFT OF MOTOR VEHICLE PARTS/ACCESSORIES;;;;;[43.065982521207395, -87.95028108090484];2915 W CLARKE ST
234;140190060;01/19/2014;12:40 PM;5.0;THEFT OF MOTOR VEHICLE PARTS/ACCESSORIES;;;;;[43.069552922233214, -87.92684994735349];1200 W HADLEY ST
235;140180018;01/18/2014;04:28 AM;3.0;THEFT OF MOTOR VEHICLE PARTS/ACCESSORIES;;;;;[43.06042048600597, -87.92707997155058];1200 W NORTH AV
236;140170028;01/17/2014;09:22 AM;3.0;THEFT FROM BUILDING;;;;;[43.063021005828375, -87.9622910809335];2425 N 39TH ST
237;140170033;01/17/2014;10:39 AM;3.0;THEFT FROM MOTOR VEHICLE;THEFT OF MOTOR VEHICLE PARTS/ACCESSORIES;;;;[43.06059954674262, -87.96364102553522];4001 W NORTH AV
238;140170033;01/17/2014;10:39 AM;3.0;THEFT FROM MOTOR VEHICLE;;;;;[43.06059954674262, -87.96364102553522];4001 W NORTH AV
239;140170064;01/17/2014;02:20 PM;3.0;THEFT FROM MOTOR VEHICLE;;;;;[43.06756145557012, -87.92422595458292];1011 W CENTER ST
240;140170066;01/17/2014;02:51 PM;3.0;THEFT OF MOTOR VEHICLE PARTS/ACCESSORIES;;;;;[43.05212128282071, -87.93006004818491];1637 N 14TH ST
241;140170092;01/17/2014;05:54 PM;7.0;THEFT FROM BUILDING;;;;;[43.06957183236193, -87.95736639353127];2776 N 35TH ST #7
242;140160017;01/16/2014;03:55 AM;3.0;THEFT FROM BUILDING;;;;;[43.048737546742615, -87.9631605];3927 W VLIET ST
243;140160082;01/16/2014;03:26 PM;5.0;THEFT OF MOTOR VEHICLE PARTS/ACCESSORIES;;;;;[43.069843508742565, -87.9375005809335];2807 N 20TH ST
244;140160128;01/16/2014;07:39 PM;3.0;THEFT FROM BUILDING;;;;;[43.066592664723885, -87.93619538631792];2628 N 19TH ST
245;140150028;01/15/2014;08:34 AM;5.0;THEFT FROM BUILDING;;;;;[43.068055881499134, -87.92939484199854];2709 N TEUTONIA AV #213
246;140140060;01/14/2014;02:05 PM;3.0;THEFT FROM BUILDING;;;;;[43.06464933527613, -87.92151915364403];2529 N 8TH ST
247;140140122;01/14/2014;06:11 PM;3.0;THEFT FROM BUILDING;;;;;[43.06569333527614, -87.95628163200395];2565-A N 34TH ST
248;140130082;01/13/2014;03:01 PM;3.0;THEFT FROM BUILDING;;;;;[43.06273241909517, -87.95870010257359];2415-A N 36TH ST
249;140130084;01/13/2014;03:09 PM;7.0;THEFT OF MOTOR VEHICLE PARTS/ACCESSORIES;;;;;[43.069472413266794, -87.95617441185313];2772 N 34TH ST
250;140130103;01/13/2014;05:56 PM;3.0;THEFT OF MOTOR VEHICLE PARTS/ACCESSORIES;;;;;[43.05079825145711, -87.95768062983956];1535 N 35TH ST
251;140130138;01/13/2014;08:23 PM;3.0;THEFT FROM BUILDING;;;;;[43.06467541326677, -87.93252485746447];2524 N 16TH ST
252;140120060;01/12/2014;10:11 AM;3.0;THEFT FROM BUILDING;;;;;[43.065611413266794, -87.93374489742641];2568 N 17TH ST
253;140100085;01/10/2014;11:08 AM;3.0;THEFT OF MOTOR VEHICLE PARTS/ACCESSORIES;;;;;[43.052712504327836, -87.93619272300768];1834 W WALNUT ST
254;140100136;01/10/2014;08:04 PM;3.0;THEFT FROM BUILDING;;;;;[43.06074613515123, -87.94541168070033];2530 W NORTH AV
255;140090026;01/09/2014;09:21 AM;3.0;THEFT OF MOTOR VEHICLE PARTS/ACCESSORIES;;;;;[43.05828558090485, -87.95870536078269];2136 N 36TH ST
256;140090058;01/09/2014;11:50 AM;3.0;THEFT FROM BUILDING;;;;;[43.05079825145711, -87.95768062983956];1535 N 35TH ST
257;140080033;01/08/2014;09:57 AM;3.0;THEFT OF MOTOR VEHICLE PARTS/ACCESSORIES;;;;;[43.061733031363616, -87.9575475976679];2355 N 35TH ST
258;140040059;01/04/2014;02:39 PM;3.0;THEFT OF MOTOR VEHICLE PARTS/ACCESSORIES;;;;;[43.06589153318128, -87.93170058090485];1514 W CLARKE ST
259;140020008;01/02/2014;12:42 AM;3.0;THEFT FROM BUILDING;;;;;[43.0654015519609, -87.94682964396985];2660 W MEDFORD AV #UPR
260;140020076;01/02/2014;02:56 PM;3.0;THEFT OF MOTOR VEHICLE PARTS/ACCESSORIES;;;;;[43.05194958090485, -87.94026808093349];1623 N 22ND ST
261;140310056;01/31/2014;12:22 PM;7.0;THEFT FROM MOTOR VEHICLE;;;;;[43.09078866804211, -88.00492691996052];7451 W APPLETON AV
262;140310119;01/31/2014;05:06 PM;4.0;THEFT FROM MOTOR VEHICLE;;;;;[43.11376051399404, -88.02257383236193];8811 W ROHR AV
263;140300045;01/30/2014;10:41 AM;4.0;THEFT OF MOTOR VEHICLE PARTS/ACCESSORIES;;;;;[43.11432905245542, -88.0059249190665];5288 N 76TH ST
264;140290041;01/29/2014;10:42 AM;4.0;THEFT OF MOTOR VEHICLE PARTS/ACCESSORIES;;;;;[43.12647656551344, -88.00724251267738];5955 N 77TH ST
265;140290042;01/29/2014;11:03 AM;7.0;THEFT FROM MOTOR VEHICLE;;;;;[43.11132244463039, -87.98629963921731];5153 N 60TH ST
266;140280027;01/28/2014;10:15 AM;7.0;THEFT FROM BUILDING;;;;;[43.094390845143884, -87.98017277503041];5344 W LEON TR
267;140280097;01/28/2014;05:54 PM;7.0;THEFT FROM BUILDING;;;;;[43.10876683236194, -88.0169058718912];5000 N 85TH ST
268;140270035;01/27/2014;09:37 AM;4.0;THEFT FROM BUILDING;;;;;[43.11735490424487, -87.99592472887078];5466 N 68TH ST
269;140270107;01/27/2014;03:49 PM;7.0;THEFT OF MOTOR VEHICLE PARTS/ACCESSORIES;;;;;[43.09215981686736, -87.97903266062717];5300 W FOND DU LAC AV
270;140270132;01/27/2014;10:42 PM;7.0;THEFT FROM MOTOR VEHICLE;;;;;[43.088338005828376, -87.99209059925535];3907 N 64TH ST
271;140270135;01/27/2014;10:11 PM;4.0;THEFT FROM BUILDING;;;;;[43.11766049956732, -88.02909];9323 W BIRCH AV #4
272;140260084;01/26/2014;04:56 PM;4.0;THEFT FROM MOTOR VEHICLE;;;;;[43.11535466472387, -87.98238639353127];5372 N 56TH ST
273;140230029;01/23/2014;09:59 AM;7.0;THEFT FROM BUILDING;;;;;[43.09358125126426, -87.98570454379768];5820 W HOPE AV
274;140230073;01/23/2014;12:39 PM;7.0;THEFT OF MOTOR VEHICLE PARTS/ACCESSORIES;;;;;[43.10959352426581, -88.00138015072983];7169 W FOND DU LAC AV
275;140210046;01/21/2014;02:05 PM;4.0;THEFT FROM BUILDING;;;;;[43.115354580904835, -87.98607635299241];5384 N 60TH ST
276;140200050;01/20/2014;10:28 AM;7.0;THEFT OF MOTOR VEHICLE PARTS/ACCESSORIES;;;;;[43.09606828282071, -87.98941963200394];4327 N 62ND ST
277;140200095;01/20/2014;05:10 PM;7.0;THEFT FROM BUILDING;;;;;[43.10682452120739, -88.01395102553522];8211 W GRANTOSA DR
278;140200135;01/20/2014;10:23 PM;4.0;THEFT FROM BUILDING;;;;;[43.120074343286625, -88.03079712427653];5628 N 95TH ST
279;140190057;01/19/2014;12:10 PM;7.0;THEFT OF MOTOR VEHICLE PARTS/ACCESSORIES;;;;;[43.108136884817355, -87.99129438242277];4946 N 64TH ST
280;140190098;01/19/2014;05:07 PM;4.0;THEFT FROM BUILDING;;;;;[43.124643586733214, -88.01454118307439];5865 N 83RD ST #1
281;140190129;01/19/2014;08:09 PM;4.0;THEFT FROM MOTOR VEHICLE;;;;;[43.11948147172441, -88.01523091776842];8237 W SILVER SPRING DR
282;140180052;01/18/2014;01:59 PM;4.0;THEFT OF MOTOR VEHICLE PARTS/ACCESSORIES;;;;;[43.123814832361944, -87.9996263280341];5826 N 71ST ST
283;140170048;01/17/2014;12:17 PM;4.0;THEFT FROM MOTOR VEHICLE;;;;;[43.119636284459, -88.03095028445897];9500 W SILVER SPRING DR
284;140110051;01/11/2014;09:57 AM;7.0;THEFT OF MOTOR VEHICLE PARTS/ACCESSORIES;;;;;[43.089896495672185, -87.9911322485429];6303 W CAPITOL DR
285;140110092;01/11/2014;06:01 PM;7.0;THEFT OF MOTOR VEHICLE PARTS/ACCESSORIES;;;;;[43.10230533527613, -87.99813965753917];4665 N 69TH ST
286;140100093;01/10/2014;01:28 PM;4.0;THEFT FROM MOTOR VEHICLE;;;;;[43.120974394944916, -88.00587587520941];5656 N 76TH ST
287;140080087;01/08/2014;06:11 PM;7.0;THEFT FROM MOTOR VEHICLE;;;;;[43.09346551399403, -87.98505325145709];5825 W HOPE AV
288;140060053;01/06/2014;04:19 PM;4.0;THEFT FROM MOTOR VEHICLE;;;;;[43.131744, -88.00557585457987];6260 N 76TH ST
289;140060063;01/06/2014;07:06 PM;7.0;THEFT FROM MOTOR VEHICLE;;;;;[43.09346551399403, -87.98505325145709];5825 W HOPE AV
290;140020097;01/02/2014;02:34 PM;7.0;THEFT FROM MOTOR VEHICLE;;;;;[43.09001346047075, -87.9813135];5434 W CAPITOL DR
291;140020098;01/02/2014;05:23 PM;7.0;THEFT OF MOTOR VEHICLE PARTS/ACCESSORIES;;;;;[43.089896495672185, -87.9911322485429];6303 W CAPITOL DR
292;140010068;01/01/2014;11:56 AM;4.0;THEFT OF MOTOR VEHICLE PARTS/ACCESSORIES;;;;;[43.117512223151905, -88.01270881955134];8144 W MEDFORD AV
293;140300076;01/30/2014;01:46 PM;1.0;THEFT FROM MOTOR VEHICLE;;;;;[43.05632781294356, -87.88142047861972];2328 E BACK BAY
294;140300110;01/30/2014;05:23 PM;1.0;THEFT FROM BUILDING;;;;;[43.06741151543634, -87.8870925];1824 E PARK PL #207
295;140290022;01/29/2014;06:01 AM;5.0;THEFT FROM MOTOR VEHICLE;THEFT OF MOTOR VEHICLE PARTS/ACCESSORIES;;;;[43.06240858673323, -87.89792764311245];2415 N HUMBOLDT BL
296;140290075;01/29/2014;03:11 PM;1.0;THEFT OF MOTOR VEHICLE PARTS/ACCESSORIES;;;;;[43.05575068166077, -87.89714526559536];1870 N PULASKI ST
297;140290078;01/29/2014;02:08 PM;1.0;THEFT FROM BUILDING;;;;;[43.060187071756836, -87.88039337420533];2301 N LAKE DR
298;140290100;01/29/2014;06:07 PM;1.0;THEFT OF MOTOR VEHICLE PARTS/ACCESSORIES;;;;;[43.0709535454262, -87.88657627103402];1905 E LOCUST ST
299;140290111;01/29/2014;06:29 PM;1.0;THEFT FROM MOTOR VEHICLE;;;;;[43.05700819900167, -87.89243855539827];1939 N CAMBRIDGE AV
300;140270031;01/27/2014;07:54 AM;1.0;THEFT FROM MOTOR VEHICLE;;;;;[43.049527994171626, -87.90605010257359];1501 N JEFFERSON ST #LOWER
301;140270065;01/27/2014;02:55 PM;1.0;THEFT FROM BUILDING;;;;;[43.074036419095165, -87.8842286281088];3061 N FREDERICK AV
302;140270093;01/27/2014;06:23 PM;1.0;THEFT FROM MOTOR VEHICLE;;;;;[43.07269500000001, -87.88546759925535];2977 N MURRAY AV
303;140260040;01/26/2014;10:25 AM;1.0;THEFT OF MOTOR VEHICLE PARTS/ACCESSORIES;;;;;[43.05607665277867, -87.89708734554792];1131 E KANE PL
304;140260075;01/26/2014;03:27 PM;1.0;THEFT FROM MOTOR VEHICLE;;;;;[43.067505140673305, -87.8856073965399];2705 N MURRAY AV
305;140250029;01/25/2014;09:02 AM;1.0;THEFT FROM MOTOR VEHICLE;;;;;[43.07615046572221, -87.88903240074464];3220 N BARTLETT AV
306;140250047;01/25/2014;12:10 PM;1.0;THEFT FROM BUILDING;;;;;[43.06018152986305, -87.88990219747245];1614 E NORTH AV
307;140250073;01/25/2014;03:42 PM;1.0;THEFT OF MOTOR VEHICLE PARTS/ACCESSORIES;;;;;[43.065248460153626, -87.8763974289629];2717 E BELLEVIEW PL
308;140250081;01/25/2014;04:15 PM;1.0;THEFT FROM MOTOR VEHICLE;;;;;[43.048793501351795, -87.9008718120407];1420 N MARSHALL ST
309;140250095;01/25/2014;06:41 PM;1.0;THEFT OF MOTOR VEHICLE PARTS/ACCESSORIES;;;;;[43.052927481245455, -87.8961915];1219 E BRADY ST
310;140250112;01/25/2014;09:10 PM;1.0;THEFT FROM BUILDING;;;;;[43.07121799417163, -87.88787492627985];2900 N OAKLAND AV
311;140280129;01/25/2014;04:37 PM;5.0;THEFT FROM MOTOR VEHICLE;;;;;[43.06280455536961, -87.90409587131427];2438 N BOOTH ST
312;140240077;01/24/2014;03:30 PM;1.0;THEFT FROM MOTOR VEHICLE;;;;;[43.046435525939245, -87.9111981025736];1227 N WATER ST
313;140230075;01/23/2014;05:18 PM;5.0;THEFT OF MOTOR VEHICLE PARTS/ACCESSORIES;;;;;[43.07974148845881, -87.90117316763806];803 E TOWNSEND ST
314;140220017;01/22/2014;07:38 AM;1.0;THEFT OF MOTOR VEHICLE PARTS/ACCESSORIES;;;;;[43.050196968376596, -87.89331569389444];1559 N PROSPECT AV
315;140220022;01/22/2014;08:39 AM;1.0;THEFT FROM MOTOR VEHICLE;;;;;[43.0674105004327, -87.887592];1806 E PARK PL
316;140220058;01/22/2014;01:11 PM;1.0;THEFT FROM COIN-OPPERATED MACHINES;;;;;[43.05904241901403, -87.88561523910666];1932 E KENILWORTH PL
317;140220143;01/22/2014;10:04 PM;1.0;THEFT FROM BUILDING;;;;;[43.045988085761046, -87.91437265197953];1230 N OLD WORLD THIRD ST
318;140210040;01/21/2014;12:46 PM;1.0;THEFT FROM MOTOR VEHICLE;;;;;[43.047602884817366, -87.900942407958];1324 N MARSHALL ST
319;140210091;01/21/2014;07:43 PM;1.0;THEFT FROM BUILDING;;;;;[43.07825792200936, -87.88781160257359];3331 N OAKLAND AV
320;140210104;01/21/2014;08:09 PM;5.0;THEFT FROM MOTOR VEHICLE;;;;;[43.07205149321934, -87.89584033236193];1220 E ROADSMEET ST
321;140200048;01/20/2014;09:23 AM;1.0;THEFT FROM BUILDING;;;;;[43.05313702553522, -87.89498810646873];1701 N ARLINGTON PL
322;140200102;01/20/2014;06:18 PM;1.0;THEFT FROM BUILDING;;;;;[43.05445746768412, -87.90000372300767];922 E HAMILTON ST
323;140200107;01/20/2014;07:02 PM;5.0;THEFT FROM MOTOR VEHICLE;THEFT OF MOTOR VEHICLE PARTS/ACCESSORIES;;;;[43.06140050291418, -87.90038386799604];2354 N BREMEN ST
324;140190036;01/19/2014;08:52 AM;1.0;THEFT FROM MOTOR VEHICLE;THEFT OF MOTOR VEHICLE PARTS/ACCESSORIES;;;;[43.04989519570677, -87.91292419570678];200 W CHERRY ST
325;140190047;01/19/2014;10:51 AM;5.0;THEFT OF MOTOR VEHICLE PARTS/ACCESSORIES;;;;;[43.06908544463039, -87.90410960646872];2773 N BOOTH ST
326;140190075;01/19/2014;02:56 PM;5.0;THEFT OF MOTOR VEHICLE PARTS/ACCESSORIES;;;;;[43.07105670684062, -87.90519808481609];501 E LOCUST ST
327;140190095;01/19/2014;05:24 PM;5.0;THEFT FROM MOTOR VEHICLE;THEFT OF MOTOR VEHICLE PARTS/ACCESSORIES;;;;[43.06452185789718, -87.9041600809335];2529 N BOOTH ST
328;140180009;01/18/2014;02:01 AM;1.0;THEFT FROM BUILDING;;;;;[43.052926506780686, -87.89470357660568];1323 E BRADY ST
329;140180026;01/18/2014;08:19 AM;1.0;THEFT FROM MOTOR VEHICLE;;;;;[43.05358003192755, -87.89072271276021];1631 E ROYALL PL
330;140180046;01/18/2014;12:43 PM;1.0;THEFT OF MOTOR VEHICLE PARTS/ACCESSORIES;;;;;[43.074045586733234, -87.8903675809335];3055 N NEWHALL ST
331;140180047;01/18/2014;01:09 PM;1.0;THEFT FROM MOTOR VEHICLE;;;;;[43.060373360811354, -87.88811857703836];2303 N OAKLAND AV
332;140170021;01/17/2014;09:00 AM;1.0;THEFT FROM MOTOR VEHICLE;;;;;[43.054108910352596, -87.8949990337582];1759 N ARLINGTON PL
333;140170026;01/17/2014;09:37 AM;1.0;THEFT FROM MOTOR VEHICLE;;;;;[43.05349973967776, -87.89024490516009];1801 N PROSPECT AV
334;140170036;01/17/2014;10:18 AM;1.0;THEFT FROM MOTOR VEHICLE;;;;;[43.05118249899039, -87.91432113373564];235 W GALENA ST
335;140170051;01/17/2014;12:35 PM;1.0;THEFT FROM BUILDING;;;;;[43.052928539529255, -87.894873];1311 E BRADY ST
336;140160042;01/16/2014;10:45 AM;1.0;THEFT FROM MOTOR VEHICLE;;;;;[43.07724774271452, -87.87666445181507];3272 N HACKETT AV
337;140160048;01/16/2014;11:05 AM;1.0;THEFT OF MOTOR VEHICLE PARTS/ACCESSORIES;;;;;[43.056041124877495, -87.88710378824506];1913 E LAFAYETTE PL
338;140160056;01/16/2014;12:05 PM;5.0;THEFT OF MOTOR VEHICLE PARTS/ACCESSORIES;;;;;[43.06133549075093, -87.89928298770512];2363 N WEIL ST
339;140160059;01/16/2014;12:18 PM;1.0;THEFT FROM MOTOR VEHICLE;;;;;[43.047064844984206, -87.91434854392124];1320 N MARTIN L KING JR DR
340;140160108;01/16/2014;05:30 PM;5.0;THEFT FROM MOTOR VEHICLE;;;;;[43.06661069608748, -87.9016591392173];2643 N FRATNEY ST
341;140150014;01/15/2014;03:29 AM;5.0;THEFT FROM MOTOR VEHICLE;THEFT OF MOTOR VEHICLE PARTS/ACCESSORIES;;;;[43.06744748845881, -87.90262216763806];701 E CENTER ST
342;140150019;01/15/2014;08:04 AM;5.0;THEFT FROM MOTOR VEHICLE;;;;;[43.06669166472389, -87.90036340074464];2646 N BREMEN ST
343;140150099;01/15/2014;08:41 PM;1.0;THEFT FROM BUILDING;;;;;[43.04956406662234, -87.8939239385422];1521 N PROSPECT AV
344;140140098;01/14/2014;05:25 PM;5.0;THEFT FROM MOTOR VEHICLE;;;;;[43.06395697446479, -87.8978363496742];2500 N HUMBOLDT BL
345;140130025;01/13/2014;07:30 AM;5.0;THEFT FROM MOTOR VEHICLE;;;;;[43.0711934454671, -87.90468375437128];512 E LOCUST ST
346;140120018;01/12/2014;02:02 AM;1.0;THEFT FROM BUILDING;;;;;[43.057376791274805, -87.88804932012826];2030 N FARWELL AV #UPR
347;140110009;01/11/2014;12:54 AM;1.0;THEFT FROM MOTOR VEHICLE;;;;;[43.05374213953214, -87.90326384976426];1730 N WATER ST
348;140110063;01/11/2014;01:16 PM;1.0;THEFT OF MOTOR VEHICLE PARTS/ACCESSORIES;;;;;[43.06420702553524, -87.87816163200395];2521 N DOWNER AV
349;140100047;01/10/2014;07:26 AM;5.0;THEFT FROM MOTOR VEHICLE;;;;;[43.06988761809683, -87.90158757372015];2825 N FRATNEY ST
350;140100121;01/10/2014;06:22 PM;1.0;THEFT FROM BUILDING;;;;;[43.04625300000001, -87.90349338963614];1230 N VAN BUREN ST
351;140080011;01/08/2014;03:54 AM;1.0;THEFT FROM BUILDING;;;;;[43.05904241901403, -87.88561523910666];1932 E KENILWORTH PL
352;140080092;01/08/2014;06:30 PM;1.0;THEFT FROM BUILDING;;;;;[43.05515069859765, -87.88864565295154];1925 N PROSPECT AV
353;140070034;01/07/2014;01:07 PM;1.0;THEFT FROM MOTOR VEHICLE;;;;;[43.047027947379384, -87.90358505509639];1303 N VAN BUREN ST
354;140070051;01/07/2014;03:11 PM;1.0;THEFT FROM BUILDING;;;;;[43.06094125090884, -87.87954769891569];2320 N LAKE DR
355;140060038;01/06/2014;01:04 PM;1.0;THEFT FROM MOTOR VEHICLE;;;;;[43.048239988583816, -87.90542250904896];544 E OGDEN AV
356;140050031;01/05/2014;10:05 AM;1.0;THEFT FROM BUILDING;;;;;[43.07455553952925, -87.8810535];2319 E KENWOOD BL
357;140030074;01/03/2014;03:25 PM;1.0;THEFT FROM BUILDING;;;;;[43.07651105245543, -87.87786437520941];3238 N DOWNER AV
358;140030082;01/03/2014;04:59 PM;1.0;THEFT FROM BUILDING;;;;;[43.07204758673322, -87.88794807372014];2945 N OAKLAND AV
359;140030123;01/03/2014;09:24 PM;1.0;THEFT FROM BUILDING;;;;;[43.06444049125744, -87.88672392238472];2536 N CRAMER ST #UPR
360;140020091;01/02/2014;04:30 PM;1.0;THEFT FROM MOTOR VEHICLE;;;;;[43.06138492535814, -87.88677373130322];2400 N CRAMER ST
361;140020109;01/02/2014;06:47 PM;1.0;THEFT FROM BUILDING;;;;;[43.05293154674263, -87.89416154385708];1339 E BRADY ST
362;140010072;01/01/2014;11:51 AM;1.0;THEFT FROM MOTOR VEHICLE;THEFT OF MOTOR VEHICLE PARTS/ACCESSORIES;;;;[43.05928934886614, -87.88928259377369];2202 N BARTLETT AV
363;140010094;01/01/2014;02:36 PM;1.0;THEFT FROM BUILDING;;;;;[43.04709841326678, -87.89968487520942];1302 N ASTOR ST #17
364;140010121;01/01/2014;07:03 PM;1.0;THEFT FROM MOTOR VEHICLE;;;;;[43.05238415929952, -87.89277066400273];1650 N FARWELL AV
365;140310008;01/31/2014;01:11 AM;1.0;THEFT FROM BUILDING;;;;;[43.04403950291419, -87.91442388963614];1044 N OLD WORLD THIRD ST
366;140310042;01/31/2014;10:41 AM;3.0;THEFT OF MOTOR VEHICLE PARTS/ACCESSORIES;;;;;[43.04450418885944, -87.93544218885943];1800 W HIGHLAND AV
367;140310068;01/31/2014;01:30 PM;1.0;THEFT OF MOTOR VEHICLE PARTS/ACCESSORIES;;;;;[43.032485014046365, -87.90799266352573];225 E CHICAGO ST
368;140310070;01/31/2014;01:37 PM;3.0;THEFT OF MOTOR VEHICLE PARTS/ACCESSORIES;;;;;[43.044640457152525, -87.95167191618097];2936 W HIGHLAND BL
369;140310091;01/31/2014;04:07 PM;3.0;THEFT OF MOTOR VEHICLE PARTS/ACCESSORIES;;;;;[43.04673050291419, -87.95651855539828];1237 N 34TH ST
370;140310094;01/31/2014;04:39 PM;1.0;THEFT FROM BUILDING;;;;;[43.046336708357096, -87.9228956519813];1244 N 9TH ST
371;140300086;01/30/2014;03:06 PM;3.0;THEFT OF MOTOR VEHICLE PARTS/ACCESSORIES;;;;;[43.0477835029142, -87.94522292627985];1320 N 25TH ST
372;140290049;01/29/2014;12:04 PM;3.0;THEFT OF MOTOR VEHICLE PARTS/ACCESSORIES;;;;;[43.04168945325739, -87.95313150874257];3104 W KILBOURN AV
373;140280041;01/28/2014;11:57 AM;1.0;THEFT FROM BUILDING;;;;;[43.0377480416354, -87.90762478709121];608 N BROADWAY
374;140270028;01/27/2014;07:56 AM;1.0;THEFT OF MOTOR VEHICLE PARTS/ACCESSORIES;;;;;[43.046701788736, -87.89654903713466];1260 N PROSPECT AV
375;140270070;01/27/2014;03:26 PM;3.0;THEFT FROM BUILDING;;;;;[43.03855931094125, -87.93890004487778];2031 W WISCONSIN AV
376;140270072;01/27/2014;03:31 PM;3.0;THEFT OF MOTOR VEHICLE PARTS/ACCESSORIES;;;;;[43.042058999999995, -87.94636956261164];917 N 26TH ST
377;140270090;01/27/2014;05:50 PM;3.0;THEFT FROM BUILDING;;;;;[43.04027551399403, -87.95720301832185];3447 W WELLS ST
378;140270104;01/27/2014;06:49 PM;1.0;THEFT FROM MOTOR VEHICLE;THEFT OF MOTOR VEHICLE PARTS/ACCESSORIES;;;;[43.04131057617298, -87.90484052109181];555 E WELLS ST
379;140260035;01/26/2014;09:06 AM;1.0;THEFT FROM MOTOR VEHICLE;;;;;[43.037462844096794, -87.91612084810089];603 N 4TH ST
380;140260068;01/26/2014;03:11 PM;1.0;THEFT FROM BUILDING;;;;;[43.045563292569085, -87.9120743613487];125 E JUNEAU AV
381;140250042;01/25/2014;10:08 AM;3.0;THEFT FROM BUILDING;;;;;[43.04873184694315, -87.94030748183225];1407 N 22ND ST
382;140250044;01/25/2014;10:17 AM;3.0;THEFT OF MOTOR VEHICLE PARTS/ACCESSORIES;;;;;[43.045913460470736, -87.95557333236194];3308 W JUNEAU AV
383;140250045;01/25/2014;11:42 AM;1.0;THEFT FROM MOTOR VEHICLE;;;;;[43.05042607879872, -87.89301080552865];1570 N PROSPECT AV
384;140250066;01/25/2014;02:03 PM;1.0;THEFT FROM BUILDING;;;;;[43.03167601967819, -87.90953324049282];100 N WATER ST
385;140250090;01/25/2014;04:12 PM;1.0;THEFT FROM MOTOR VEHICLE;;;;;[43.036349683465005, -87.898579592698];500 N HARBOR DR
386;140250100;01/25/2014;08:06 PM;1.0;THEFT FROM BUILDING;;;;;[43.045563292569085, -87.9120743613487];125 E JUNEAU AV
387;140240035;01/24/2014;09:21 AM;1.0;THEFT FROM MOTOR VEHICLE;;;;;[43.037389502308606, -87.91983297016561];633 W MICHIGAN ST
388;140240037;01/24/2014;10:10 AM;3.0;THEFT OF MOTOR VEHICLE PARTS/ACCESSORIES;;;;;[43.04634375437129, -87.94530959536021];1209 N 25TH ST
389;140240046;01/24/2014;11:03 AM;3.0;THEFT FROM MOTOR VEHICLE;THEFT OF MOTOR VEHICLE PARTS/ACCESSORIES;;;;[43.036146511541205, -87.94689274854291];2612 W CLYBOURN ST
390;140240046;01/24/2014;11:03 AM;3.0;THEFT FROM MOTOR VEHICLE;;;;;[43.036146511541205, -87.94689274854291];2612 W CLYBOURN ST
391;140240049;01/24/2014;12:18 PM;1.0;THEFT FROM BUILDING;;;;;[43.04300749437316, -87.92088280099833];700 W STATE ST
392;140240087;01/24/2014;04:39 PM;1.0;THEFT FROM MOTOR VEHICLE;;;;;[43.045212042948435, -87.91609415116748];1149 N 4TH ST
393;140230035;01/23/2014;11:43 AM;1.0;THEFT FROM MOTOR VEHICLE;;;;;[43.04433447605132, -87.91551038773154];324 W HIGHLAND AV
394;140230068;01/23/2014;04:21 PM;3.0;THEFT FROM BUILDING;;;;;[43.03886536416698, -87.95679686707845];3430 W WISCONSIN AV
395;140220039;01/22/2014;08:16 AM;1.0;THEFT FROM MOTOR VEHICLE;;;;;[43.044776472156165, -87.90926505259965];270 E HIGHLAND AV
396;140220073;01/22/2014;02:25 PM;1.0;THEFT FROM BUILDING;;;;;[43.0437244679921, -87.91588465195524];1038 N 4TH ST
397;140220084;01/22/2014;03:10 PM;1.0;THEFT FROM MOTOR VEHICLE;THEFT OF MOTOR VEHICLE PARTS/ACCESSORIES;;;;[43.046336708357096, -87.9228956519813];1244 N 9TH ST
398;140220101;01/22/2014;05:23 PM;1.0;THEFT FROM MOTOR VEHICLE;;;;;[43.04438572548565, -87.91584889730866];400 W HIGHLAND AV
399;140220130;01/22/2014;08:14 PM;1.0;THEFT FROM MOTOR VEHICLE;;;;;[43.037389502308606, -87.91983297016561];633 W MICHIGAN ST
400;140210054;01/21/2014;02:18 PM;1.0;THEFT OF MOTOR VEHICLE PARTS/ACCESSORIES;;;;;[43.03934076963473, -87.91299399120011];724 N 2ND ST
401;140210079;01/21/2014;06:04 PM;1.0;THEFT FROM BUILDING;;;;;[43.0387804800916, -87.9184609228174];509 W WISCONSIN AV
402;140200082;01/20/2014;03:03 PM;1.0;THEFT FROM BUILDING;;;;;[43.041291276270115, -87.90976742318223];818 N WATER ST
403;140200111;01/20/2014;07:07 PM;1.0;THEFT FROM MOTOR VEHICLE;;;;;[43.03914202336312, -87.90909682337528];720 N WATER ST
404;140180020;01/18/2014;05:56 AM;1.0;THEFT FROM BUILDING;;;;;[43.04085878351319, -87.90550816905171];789 N JEFFERSON ST
405;140180042;01/18/2014;12:22 PM;3.0;THEFT FROM MOTOR VEHICLE;;;;;[43.048671194151964, -87.94160269415195];2300 W VLIET ST
406;140180068;01/18/2014;04:34 PM;1.0;THEFT FROM BUILDING;;;;;[43.043645844002626, -87.91588465195524];1034 N 4TH ST
407;140180070;01/18/2014;04:20 PM;1.0;THEFT FROM MOTOR VEHICLE;;;;;[43.04337598796313, -87.91882315195176];1020 N 6TH ST
408;140170038;01/17/2014;10:29 AM;1.0;THEFT FROM MOTOR VEHICLE;;;;;[43.04433447605132, -87.91551038773154];324 W HIGHLAND AV
409;140170040;01/17/2014;10:43 AM;1.0;THEFT FROM MOTOR VEHICLE;;;;;[43.04133649899038, -87.9151217216227];333 W KILBOURN AV
410;140170054;01/17/2014;01:35 PM;1.0;THEFT FROM BUILDING;;;;;[43.039337668330546, -87.90921886262902];731 N WATER ST
411;140170062;01/17/2014;01:03 PM;3.0;THEFT FROM BUILDING;;;;;[43.038790476051304, -87.95155997778299];3000 W WISCONSIN AV
412;140170087;01/17/2014;05:32 PM;3.0;THEFT OF MOTOR VEHICLE PARTS/ACCESSORIES;;;;;[43.03863048456366, -87.95010052553522];2829 W WISCONSIN AV
413;140170091;01/17/2014;05:52 PM;1.0;THEFT FROM BUILDING;;;;;[43.04403950291419, -87.91442388963614];1044 N OLD WORLD THIRD ST
414;140160022;01/16/2014;08:22 AM;1.0;THEFT FROM MOTOR VEHICLE;;;;;[43.043966222162084, -87.90203876000295];1000 N CASS ST
415;140160034;01/16/2014;08:43 AM;1.0;THEFT FROM MOTOR VEHICLE;THEFT OF MOTOR VEHICLE PARTS/ACCESSORIES;;;;[43.04365992062437, -87.91610749163186];1001 N 4TH ST
416;140160036;01/16/2014;09:53 AM;1.0;THEFT FROM BUILDING;;;;;[43.04365992062437, -87.91610749163186];1001 N 4TH ST
417;140160072;01/16/2014;01:57 PM;3.0;THEFT FROM BUILDING;;;;;[43.03861953563412, -87.9408405];2207 W WISCONSIN AV
418;140160086;01/16/2014;03:55 PM;1.0;THEFT FROM BUILDING;;;;;[43.0339134316173, -87.90636441771018];320 E BUFFALO ST
419;140160125;01/16/2014;06:21 PM;1.0;THEFT FROM BUILDING;;;;;[43.03515552844942, -87.91453593349323];418 N 3RD ST
420;140160125;01/16/2014;06:21 PM;1.0;THEFT FROM MOTOR VEHICLE;;;;;[43.03515552844942, -87.91453593349323];418 N 3RD ST
421;140150039;01/15/2014;12:22 PM;1.0;THEFT FROM BUILDING;;;;;[43.0339134316173, -87.90636441771018];320 E BUFFALO ST
422;140150084;01/15/2014;04:16 PM;1.0;THEFT FROM BUILDING;;;;;[43.0339134316173, -87.90636441771018];320 E BUFFALO ST #318
423;140140033;01/14/2014;11:11 AM;1.0;THEFT FROM BUILDING;;;;;[43.0387224740321, -87.91041344892955];101 W WISCONSIN AV
424;140140074;01/14/2014;02:05 PM;1.0;THEFT FROM MOTOR VEHICLE;;;;;[43.042159267557246, -87.90183434537501];826 N CASS ST
425;140130069;01/13/2014;01:41 PM;3.0;THEFT FROM MOTOR VEHICLE;;;;;[43.04465911945464, -87.92709242748542];1116 N 12TH ST
426;140120001;01/12/2014;12:10 AM;1.0;THEFT FROM BUILDING;;;;;[43.04517383819032, -87.91447961757723];1137 N OLD WORLD THIRD ST
427;140120078;01/12/2014;02:34 PM;3.0;THEFT OF MOTOR VEHICLE PARTS/ACCESSORIES;;;;;[43.03971858090483, -87.95325006261164];743 N 31ST ST
428;140120081;01/12/2014;03:18 PM;3.0;THEFT OF MOTOR VEHICLE PARTS/ACCESSORIES;;;;;[43.03971858090483, -87.95325006261164];743 N 31ST ST
429;140110027;01/11/2014;06:45 AM;1.0;THEFT FROM MOTOR VEHICLE;THEFT OF MOTOR VEHICLE PARTS/ACCESSORIES;;;;[43.04561680952892, -87.89814295238223];1059 E JUNEAU AV
430;140110120;01/11/2014;09:48 PM;1.0;THEFT FROM BUILDING;;;;;[43.04635534801675, -87.92442784801675];1215 N 10TH ST #306
431;140100002;01/10/2014;12:17 AM;1.0;THEFT FROM BUILDING;;;;;[43.04365992062437, -87.91610749163186];1001 N 4TH ST
432;140100058;01/10/2014;07:39 AM;3.0;THEFT FROM MOTOR VEHICLE;;;;;[43.04443654284748, -87.94930049999999];2809 W HIGHLAND BL #209
433;140090066;01/09/2014;02:47 PM;1.0;THEFT OF MOTOR VEHICLE PARTS/ACCESSORIES;;;;;[43.05387524400177, -87.88970967237026];1840 N PROSPECT AV
434;140080074;01/08/2014;12:03 PM;1.0;THEFT OF MOTOR VEHICLE PARTS/ACCESSORIES;;;;;[43.03522636024989, -87.90603832111678];400 N MILWAUKEE ST
435;140070089;01/07/2014;06:48 PM;3.0;THEFT FROM BUILDING;;;;;[43.03991673039967, -87.92713002628406];770 N 12TH ST #111
436;140060015;01/06/2014;05:51 AM;1.0;THEFT FROM MOTOR VEHICLE;;;;;[43.04702876203965, -87.92284537947982];901 W WINNEBAGO ST
437;140060034;01/06/2014;12:49 PM;1.0;THEFT FROM BUILDING;;;;;[43.032039318339244, -87.9093893527326];124 N WATER ST
438;140050077;01/05/2014;06:34 PM;1.0;THEFT FROM BUILDING;;;;;[43.0387224740321, -87.91041344892955];101 W WISCONSIN AV
439;140040016;01/04/2014;03:03 AM;1.0;THEFT FROM BUILDING;;;;;[43.05025006047684, -87.89317085659908];1560 N PROSPECT AV #501
440;140040049;01/04/2014;01:14 PM;1.0;THEFT FROM MOTOR VEHICLE;;;;;[43.042446446620936, -87.90905299723003];250 E KILBOURN AV
441;140030062;01/03/2014;02:05 PM;1.0;THEFT FROM BUILDING;;;;;[43.04072001220503, -87.90966158009678];789 N WATER ST
442;140030075;01/03/2014;03:51 PM;1.0;THEFT FROM BUILDING;;;;;[43.045563292569085, -87.9120743613487];125 E JUNEAU AV
443;140030084;01/03/2014;05:08 PM;3.0;THEFT FROM BUILDING;;;;;[43.0403124532574, -87.95050191618097];2848 W WELLS ST
444;140030086;01/03/2014;02:39 PM;1.0;THEFT OF MOTOR VEHICLE PARTS/ACCESSORIES;;;;;[43.03996051399403, -87.90628985636795];411 E MASON ST
445;140020049;01/02/2014;12:53 PM;3.0;THEFT FROM BUILDING;;;;;[43.03991673039967, -87.92713002628406];770 N 12TH ST
446;140020081;01/02/2014;02:40 PM;1.0;THEFT FROM BUILDING;;;;;[43.045563292569085, -87.9120743613487];125 E JUNEAU AV
447;140020130;01/02/2014;10:48 PM;1.0;THEFT FROM BUILDING;;;;;[43.04108485602971, -87.90418221923743];788 N JACKSON ST
448;140310025;01/01/2014;01:47 AM;1.0;THEFT FROM BUILDING;;;;;[43.03205165973221, -87.90714007080595];177 N BROADWAY
449;140290046;01/29/2014;11:56 AM;4.0;THEFT FROM BUILDING;;;;;[43.13672450848277, -88.03696007412417];6555 N BEALE ST
450;140280142;01/28/2014;11:17 PM;7.0;THEFT FROM MOTOR VEHICLE;;;;;[43.10730412932089, -88.01922275050481];8583 W APPLETON AV
451;140270052;01/27/2014;11:52 AM;7.0;THEFT FROM BUILDING;;;;;[43.083469257285486, -88.02129445181508];3542 N 87TH ST
452;140270063;01/27/2014;02:39 PM;7.0;THEFT FROM BUILDING;;;;;[43.067775882850725, -88.02758889492875];2669 N 92ND ST
453;140270066;01/27/2014;02:59 PM;4.0;THEFT OF MOTOR VEHICLE PARTS/ACCESSORIES;;;;;[43.13290759778323, -88.03658872047339];6344 N 100TH ST #7
454;140240019;01/24/2014;05:27 AM;4.0;THEFT FROM MOTOR VEHICLE;;;;;[43.11406364444044, -88.05556291360358];5282 N LOVERS LANE RD #220
455;140240095;01/24/2014;05:32 PM;7.0;THEFT FROM BUILDING;;;;;[43.075279502163454, -88.01877405107045];8400 W BURLEIGH ST
456;140240134;01/24/2014;09:25 PM;7.0;AGGRAVATED ASSAULT;BURGLARY/BREAKING AND ENTERING;KIDNAPING;THEFT FROM BUILDING;;[43.07220814071153, -88.03513967097976];2900 N MENOMONEE RIVER PK
457;140240134;01/24/2014;09:25 PM;7.0;BURGLARY/BREAKING AND ENTERING;THEFT FROM BUILDING;;;;[43.07220814071153, -88.03513967097976];2900 N MENOMONEE RIVER PK
458;140230080;01/23/2014;06:06 PM;7.0;THEFT FROM BUILDING;;;;;[43.09761759256162, -88.02634107372015];4427 N 91ST ST
459;140210062;01/21/2014;03:59 PM;4.0;THEFT FROM BUILDING;;;;;[43.12898285648354, -88.03274920650348];9615 W RIO ST
460;140200042;01/20/2014;09:42 AM;4.0;THEFT FROM MOTOR VEHICLE;;;;;[43.14832754616569, -88.03709002553522];10021 W GOOD HOPE RD
461;140200103;01/20/2014;05:37 PM;4.0;THEFT FROM MOTOR VEHICLE;;;;;[43.14832852611309, -88.038252];10125 W GOOD HOPE RD
462;140180050;01/18/2014;01:41 PM;4.0;THEFT FROM BUILDING;;;;;[43.13140359201334, -88.03188513734231];6266 N DENMARK ST
463;140170082;01/17/2014;04:58 PM;7.0;THEFT FROM BUILDING;;;;;[43.075279502163454, -88.01877405107045];8400 W BURLEIGH ST
464;140160045;01/16/2014;10:54 AM;4.0;THEFT FROM BUILDING;;;;;[43.11952346162458, -88.03964152553522];10202 W SILVER SPRING DR
465;140140037;01/14/2014;12:03 PM;4.0;THEFT FROM BUILDING;;;;;[43.119284464942794, -88.05443102983439];11400 W SILVER SPRING RD
466;140140084;01/14/2014;04:33 PM;7.0;THEFT OF MOTOR VEHICLE PARTS/ACCESSORIES;;;;;[43.09125224562871, -88.0200639190665];4064 N 86TH ST
467;140140092;01/14/2014;05:15 PM;4.0;THEFT FROM MOTOR VEHICLE;;;;;[43.13613264222931, -88.03546766127114];9901 W FOND DU LAC AV
468;140130076;01/13/2014;02:08 PM;7.0;THEFT OF MOTOR VEHICLE PARTS/ACCESSORIES;;;;;[43.09528997778299, -88.0085478063071];7677 W APPLETON AV
469;140130129;01/13/2014;06:41 PM;7.0;THEFT FROM MOTOR VEHICLE;;;;;[43.091095514311164, -88.00983414767141];7818 W FIEBRANTZ AV
470;140120117;01/12/2014;08:31 PM;7.0;THEFT OF MOTOR VEHICLE PARTS/ACCESSORIES;;;;;[43.090027454411235, -88.00851283138098];7600 W CAPITOL DR
471;140100078;01/10/2014;12:21 PM;7.0;THEFT OF MOTOR VEHICLE PARTS/ACCESSORIES;;;;;[43.104896510098904, -88.025103];9015 W HAMPTON AV
472;140070021;01/07/2014;09:27 AM;4.0;THEFT OF MOTOR VEHICLE PARTS/ACCESSORIES;DESTRUCTION/DAMAGE/VANDALISM OF PROPERTY;;;;[43.116912487304965, -88.06148002553522];11927 W SILVER SPRING DR
473;140130063;01/07/2014;08:46 AM;7.0;THEFT FROM BUILDING;;;;;[43.075279502163454, -88.01877405107045];8400 W BURLEIGH ST
474;140060065;01/06/2014;04:31 PM;4.0;THEFT FROM MOTOR VEHICLE;THEFT OF MOTOR VEHICLE PARTS/ACCESSORIES;;;;[43.1046825212074, -88.060293];11805 W HAMPTON AV
475;140030047;01/03/2014;12:21 PM;7.0;THEFT OF MOTOR VEHICLE PARTS/ACCESSORIES;;;;;[43.09097324562873, -88.01881488963613];4054 N 85TH ST
476;140030096;01/03/2014;07:07 PM;4.0;THEFT OF MOTOR VEHICLE PARTS/ACCESSORIES;;;;;[43.13186964418033, -88.03200867782293];6285 N DENMARK ST
477;140030119;01/03/2014;09:45 PM;4.0;THEFT FROM BUILDING;;;;;[43.13420358894206, -88.06051792260993];11936 W MILL RD #25
478;140020032;01/02/2014;11:23 AM;7.0;THEFT FROM MOTOR VEHICLE;THEFT OF MOTOR VEHICLE PARTS/ACCESSORIES;;;;[43.084601832361926, -88.02128236078269];3710 N 87TH ST
479;140010081;01/01/2014;01:50 PM;7.0;THEFT OF MOTOR VEHICLE PARTS/ACCESSORIES;;;;;[43.082806461855725, -88.02185961697164];8712 W LISBON AV
480;140310050;01/31/2014;10:10 AM;5.0;THEFT FROM BUILDING;;;;;[43.08691486372555, -87.93958061757722];3839 N 22ND ST
481;140310108;01/31/2014;04:07 PM;5.0;THEFT FROM MOTOR VEHICLE;THEFT OF MOTOR VEHICLE PARTS/ACCESSORIES;;;;[43.1040954532574, -87.9136335];306 W HAMPTON AV
482;140300057;01/30/2014;11:31 AM;5.0;THEFT FROM MOTOR VEHICLE;;;;;[43.07481152654482, -87.91211092339432];128 W BURLEIGH ST
483;140290073;01/29/2014;03:02 PM;5.0;THEFT FROM BUILDING;;;;;[43.06384178637142, -87.91459270825365];335 W WRIGHT ST
484;140290135;01/29/2014;10:03 PM;5.0;THEFT OF MOTOR VEHICLE PARTS/ACCESSORIES;;;;;[43.0886450641122, -87.93564541185313];3934 N 19TH PL
485;140280059;01/28/2014;01:49 PM;5.0;THEFT FROM BUILDING;;;;;[43.07126240882128, -87.91408850249339];300 W LOCUST ST
486;140280083;01/28/2014;01:06 PM;5.0;BURGLARY/BREAKING AND ENTERING;THEFT FROM MOTOR VEHICLE;THEFT OF MOTOR VEHICLE PARTS/ACCESSORIES;;;[43.05429919900166, -87.91574111036385];1815 N 4TH ST
487;140270029;01/27/2014;08:39 AM;5.0;THEFT FROM MOTOR VEHICLE;;;;;[43.08504341909517, -87.91369761368207];3751 N 3RD ST
488;140260060;01/26/2014;02:33 PM;5.0;THEFT FROM MOTOR VEHICLE;;;;;[43.08743792200934, -87.91726107372014];3879 N PORT WASHINGTON AV
489;140260099;01/26/2014;05:24 PM;5.0;THEFT FROM MOTOR VEHICLE;;;;;[43.08222599999999, -87.94359239021306];3450 N 24TH PL
490;140240034;01/24/2014;09:28 AM;5.0;THEFT OF MOTOR VEHICLE PARTS/ACCESSORIES;;;;;[43.08668986372555, -87.9410015809335];3827 N 23RD ST
491;140240038;01/24/2014;09:34 AM;5.0;THEFT FROM BUILDING;DESTRUCTION/DAMAGE/VANDALISM OF PROPERTY;;;;[43.06933247013695, -87.91211202844941];139 W HADLEY ST
492;140240050;01/24/2014;12:20 PM;5.0;THEFT OF MOTOR VEHICLE PARTS/ACCESSORIES;;;;;[43.06299227699233, -87.91707161757722];2439 N 5TH ST
493;140240084;01/24/2014;04:53 PM;5.0;THEFT FROM BUILDING;;;;;[43.089332529863064, -87.9052137485429];420 E CAPITOL DR
494;140230039;01/23/2014;12:21 PM;5.0;THEFT FROM MOTOR VEHICLE;;;;;[43.07506275437129, -87.90883763532217];3115 N PALMER ST
495;140230061;01/23/2014;01:58 PM;5.0;THEFT FROM BUILDING;;;;;[43.08675271717931, -87.94200540463977];3826 N 24TH ST
496;140220035;01/22/2014;09:35 AM;5.0;THEFT FROM MOTOR VEHICLE;;;;;[43.08935546436587, -87.90686099999999];310 E CAPITOL DR
497;140220036;01/22/2014;07:44 AM;1.0;THEFT FROM MOTOR VEHICLE;;;;;[43.049288988314586, -87.91438864311245];1407 N MARTIN L KING JR DR
498;140220041;01/22/2014;10:44 AM;5.0;THEFT FROM MOTOR VEHICLE;;;;;[43.06392306355635, -87.91099286864706];2500 N 1ST ST
499;140220085;01/22/2014;04:46 PM;5.0;THEFT OF MOTOR VEHICLE PARTS/ACCESSORIES;;;;;[43.064864832361934, -87.91100337131427];2548 N 1ST ST
500;140210070;01/21/2014;05:43 PM;5.0;THEFT OF MOTOR VEHICLE PARTS/ACCESSORIES;;;;;[43.08522698277467, -87.92651561047943];1221 W ATKINSON AV
501;140210100;01/21/2014;08:34 PM;5.0;THEFT FROM BUILDING;;;;;[43.08917185138519, -87.91029205381042];123 E CAPITOL DR
502;140190137;01/19/2014;10:08 PM;5.0;THEFT OF MOTOR VEHICLE PARTS/ACCESSORIES;;;;;[43.08155105245544, -87.9173424190665];3444 N PORT WASHINGTON AV
503;140180051;01/18/2014;01:50 PM;5.0;THEFT FROM BUILDING;;;;;[43.070517555369605, -87.9343749190665];2840 N 17TH ST
504;140160029;01/16/2014;09:16 AM;5.0;THEFT FROM MOTOR VEHICLE;;;;;[43.0568105029142, -87.90834860646872];2019 N HUBBARD ST
505;140160041;01/16/2014;10:45 AM;5.0;THEFT FROM MOTOR VEHICLE;;;;;[43.057811954384285, -87.91108276003801];2100 N 1ST ST
506;140160089;01/16/2014;04:12 PM;5.0;THEFT OF MOTOR VEHICLE PARTS/ACCESSORIES;;;;;[43.08938451875455, -87.91121399552793];102 W CAPITOL DR
507;140160112;01/16/2014;05:42 PM;5.0;THEFT FROM MOTOR VEHICLE;;;;;[43.05955558673324, -87.90966059261892];2215 N PALMER ST
508;140150004;01/15/2014;12:31 AM;5.0;THEFT FROM MOTOR VEHICLE;THEFT OF MOTOR VEHICLE PARTS/ACCESSORIES;;;;[43.084907717179306, -87.90489442570293];3760 N HOLTON ST
509;140150034;01/15/2014;10:54 AM;5.0;THEFT FROM MOTOR VEHICLE;;;;;[43.078807480668516, -87.91775002553523];535 W CONCORDIA AV
510;140150118;01/15/2014;10:24 PM;5.0;THEFT OF MOTOR VEHICLE PARTS/ACCESSORIES;;;;;[43.07555666472388, -87.90398959925535];3135 N BOOTH ST
511;140140014;01/14/2014;06:12 AM;5.0;THEFT FROM MOTOR VEHICLE;THEFT OF MOTOR VEHICLE PARTS/ACCESSORIES;;;;[43.08895794754457, -87.93326757372014];3953 N 18TH ST
512;140140042;01/14/2014;12:19 PM;5.0;THEFT OF MOTOR VEHICLE PARTS/ACCESSORIES;;;;;[43.072137, -87.91547913589909];2939 N 4TH ST
513;140130058;01/13/2014;12:33 PM;5.0;THEFT FROM BUILDING;;;;;[43.07720324562871, -87.90872340463977];3234 N PALMER ST
514;140130090;01/13/2014;05:20 PM;5.0;THEFT FROM MOTOR VEHICLE;;;;;[43.06295741909517, -87.90656061094077];2463 N BUFFUM ST
515;140130122;01/13/2014;07:07 PM;5.0;THEFT FROM MOTOR VEHICLE;;;;;[43.06034151875455, -87.916671];430 W NORTH AV
516;140130160;01/13/2014;10:09 PM;5.0;THEFT OF MOTOR VEHICLE PARTS/ACCESSORIES;;;;;[43.07143503699074, -87.93326570699139];1600 W LOCUST ST
517;140120030;01/12/2014;06:19 AM;5.0;THEFT FROM MOTOR VEHICLE;;;;;[43.0586634970858, -87.90825239742641];2138 N HUBBARD ST
518;140120049;01/12/2014;10:12 AM;5.0;THEFT FROM MOTOR VEHICLE;;;;;[43.05568104281671, -87.91427860940797];1939 N MARTIN L KING JR DR
519;140110039;01/11/2014;09:55 AM;5.0;THEFT OF MOTOR VEHICLE PARTS/ACCESSORIES;;;;;[43.086117518754556, -87.94069166472387];2234 W VIENNA AV
520;140110073;01/11/2014;03:02 PM;5.0;THEFT OF MOTOR VEHICLE PARTS/ACCESSORIES;;;;;[43.04875723151717, -87.9214629206043];1416 N 8TH ST
521;140090069;01/09/2014;03:25 PM;5.0;THEFT OF MOTOR VEHICLE PARTS/ACCESSORIES;;;;;[43.0896175116845, -87.91342142518333];200 W CAPITOL DR
522;140090102;01/09/2014;03:42 PM;5.0;THEFT FROM BUILDING;;;;;[43.084114994171614, -87.94357439021306];3620 N 24TH PL
523;140080023;01/08/2014;09:05 AM;5.0;THEFT OF MOTOR VEHICLE PARTS/ACCESSORIES;;;;;[43.05767258433199, -87.89993814040496];2025 N COMMERCE ST
524;140080024;01/08/2014;09:09 AM;5.0;THEFT OF MOTOR VEHICLE PARTS/ACCESSORIES;;;;;[43.05175853335161, -87.9242675691668];1606 N 10TH ST
525;140080030;01/08/2014;09:09 AM;5.0;THEFT FROM BUILDING;;;;;[43.07422511518263, -87.92528158814686];3051 N 11TH ST
526;140080047;01/08/2014;10:17 AM;5.0;THEFT FROM BUILDING;;;;;[43.06993241909515, -87.90654109925535];2825 N BUFFUM ST
527;140060052;01/06/2014;04:00 PM;5.0;THEFT FROM MOTOR VEHICLE;;;;;[43.08423199417163, -87.93956588631792];3630 N 22ND ST
528;140050037;01/05/2014;11:35 AM;5.0;THEFT FROM BUILDING;;;;;[43.07210130391252, -87.91247541127622];2946 N 2ND ST #202
529;140050052;01/05/2014;02:06 PM;5.0;THEFT FROM MOTOR VEHICLE;;;;;[43.08581251485941, -87.89791101832185];1002 E VIENNA AV
530;140050057;01/05/2014;01:14 PM;5.0;THEFT FROM MOTOR VEHICLE;;;;;[43.05621600977186, -87.90315863584401];1910 N COMMERCE ST
531;140050058;01/05/2014;03:38 PM;5.0;THEFT FROM BUILDING;;;;;[43.086388525726676, -87.93701345581341];3820 N TEUTONIA AV
532;140050068;01/05/2014;04:53 PM;5.0;THEFT OF MOTOR VEHICLE PARTS/ACCESSORIES;;;;;[43.06964349708582, -87.93120592296164];2800 N 15TH ST
533;140040027;01/04/2014;09:49 AM;1.0;THEFT FROM BUILDING;;;;;[43.049288988314586, -87.91438864311245];1407 N MARTIN L KING JR DR
534;140030044;01/03/2014;12:06 PM;5.0;THEFT FROM MOTOR VEHICLE;;;;;[43.07207352844941, -87.92141857703837];2943 N 8TH ST
535;140030066;01/03/2014;02:42 PM;5.0;THEFT FROM MOTOR VEHICLE;;;;;[43.08825664852056, -87.91350151991645];3900 N 3RD ST
536;140020063;01/02/2014;02:00 PM;5.0;THEFT OF MOTOR VEHICLE PARTS/ACCESSORIES;;;;;[43.072236000000004, -87.91540584246081];2944 N 4TH ST
537;140020121;01/02/2014;08:16 PM;5.0;THEFT FROM BUILDING;;;;;[43.06972516763807, -87.9095281031505];2815-A N PALMER ST
538;140010041;01/01/2014;06:02 AM;5.0;THEFT FROM MOTOR VEHICLE;;;;;[43.06033048600597, -87.9195909970858];634 W NORTH AV
539;140010090;01/01/2014;03:27 PM;5.0;THEFT FROM BUILDING;;;;;[43.059743999999995, -87.904033907958];2228 N BOOTH ST
540;140310024;01/31/2014;07:56 AM;5.0;THEFT OF MOTOR VEHICLE PARTS/ACCESSORIES;;;;;[43.07195775437128, -87.94861010646872];2915 N 28TH ST
541;140310026;01/31/2014;08:08 AM;7.0;THEFT OF MOTOR VEHICLE PARTS/ACCESSORIES;;;;;[43.08081514628643, -87.97842762075122];5148 W ROOSEVELT DR
542;140290090;01/29/2014;05:22 PM;3.0;THEFT FROM BUILDING;;;;;[43.06605286372556, -87.9676181253675];2525 N SHERMAN BL
543;140290119;01/29/2014;06:05 PM;7.0;THEFT FROM BUILDING;;;;;[43.07000299417163, -87.9711129190665];2808 N 46TH ST
544;140280066;01/28/2014;02:49 PM;7.0;THEFT OF MOTOR VEHICLE PARTS/ACCESSORIES;;;;;[43.07524746768412, -87.95868316763806];3600 W BURLEIGH ST
545;140270045;01/27/2014;11:10 AM;7.0;THEFT FROM BUILDING;;;;;[43.083841367764926, -87.97032305049352];4530-A W MEDFORD AV
546;140260070;01/26/2014;03:48 PM;5.0;THEFT FROM MOTOR VEHICLE;;;;;[43.07312716763806, -87.93866865364403];2979 N 21ST ST
547;140250055;01/25/2014;01:30 PM;7.0;THEFT OF MOTOR VEHICLE PARTS/ACCESSORIES;;;;;[43.09212658673323, -87.96309110646872];4121 N 40TH ST
548;140240072;01/24/2014;03:31 PM;7.0;THEFT FROM MOTOR VEHICLE;;;;;[43.071903586733214, -87.9597800809335];2913 N 37TH ST
549;140230037;01/23/2014;12:13 PM;5.0;THEFT OF MOTOR VEHICLE PARTS/ACCESSORIES;;;;;[43.089236276992324, -87.94577112479058];3955 N 26TH ST
550;140220075;01/22/2014;12:39 PM;5.0;THEFT FROM BUILDING;;;;;[43.071519497114465, -87.94397198167815];2470 W LOCUST ST
551;140220107;01/22/2014;06:44 PM;7.0;THEFT OF MOTOR VEHICLE PARTS/ACCESSORIES;;;;;[43.075854586733215, -87.96327960978694];3133 N 40TH ST
552;140210068;01/21/2014;05:27 PM;7.0;THEFT OF MOTOR VEHICLE PARTS/ACCESSORIES;;;;;[43.10269753202224, -87.96697700788232];4705 N SHERMAN BL
553;140200059;01/20/2014;11:55 AM;7.0;THEFT FROM BUILDING;;;;;[43.07899776709703, -87.95759912972997];3527 W CONCORDIA AV
554;140200104;01/20/2014;06:42 PM;7.0;THEFT FROM BUILDING;;;;;[43.09631978037451, -87.9702030808167];4340 N 46TH ST
555;140190076;01/19/2014;02:58 PM;7.0;THEFT OF MOTOR VEHICLE PARTS/ACCESSORIES;;;;;[43.078055522079964, -87.96082415955276];3800 W FOND DU LAC AV
556;140190084;01/19/2014;04:29 PM;7.0;THEFT OF MOTOR VEHICLE PARTS/ACCESSORIES;;;;;[43.08276700582837, -87.96074587189119];3508 N 38TH ST
557;140190088;01/19/2014;03:43 PM;5.0;THEFT FROM BUILDING;;;;;[43.08466853231589, -87.94597091909516];2605 W NASH ST #UPR
558;140190106;01/19/2014;03:02 PM;7.0;THEFT OF MOTOR VEHICLE PARTS/ACCESSORIES;;;;;[43.08358634110451, -87.97965110646872];3601 N 53RD ST
559;140180015;01/18/2014;02:06 AM;7.0;THEFT FROM MOTOR VEHICLE;;;;;[43.08762060476663, -87.97263358728148];4723 W HOYT PL
560;140180059;01/18/2014;02:49 PM;7.0;THEFT FROM MOTOR VEHICLE;;;;;[43.099434586733224, -87.9842296392173];4507 N 57TH ST
561;140170022;01/17/2014;08:57 AM;7.0;THEFT FROM BUILDING;;;;;[43.08050607799066, -87.96714290680416];3360 N SHERMAN BL
562;140170102;01/17/2014;06:49 PM;7.0;THEFT OF MOTOR VEHICLE PARTS/ACCESSORIES;;;;;[43.08025432944774, -87.95956388631792];3350 N 37TH ST
563;140160060;01/16/2014;12:25 PM;7.0;THEFT FROM BUILDING;;;;;[43.073838555369605, -87.96983236799605];3016 N 45TH ST
564;140160083;01/16/2014;01:56 PM;7.0;THEFT FROM BUILDING;;;;;[43.076879413266795, -87.9631828607827];3176 N 40TH ST
565;140150054;01/15/2014;02:57 PM;7.0;THEFT FROM MOTOR VEHICLE;THEFT OF MOTOR VEHICLE PARTS/ACCESSORIES;;;;[43.089914460470744, -87.96622066763805];4222 W CAPITOL DR
566;140150054;01/15/2014;02:57 PM;7.0;THEFT OF MOTOR VEHICLE PARTS/ACCESSORIES;;;;;[43.089914460470744, -87.96622066763805];4222 W CAPITOL DR
567;140140022;01/14/2014;09:43 AM;7.0;THEFT OF MOTOR VEHICLE PARTS/ACCESSORIES;;;;;[43.07372941326679, -87.96085538631792];3014 N 38TH ST
568;140140035;01/14/2014;11:20 AM;7.0;THEFT FROM MOTOR VEHICLE;;;;;[43.08143500582838, -87.97370857703837];3413 N 48TH ST
569;140140100;01/14/2014;05:41 PM;7.0;THEFT FROM MOTOR VEHICLE;;;;;[43.101873670552266, -87.97056761757723];4651 N 46TH ST
570;140130042;01/13/2014;10:09 AM;7.0;THEFT OF MOTOR VEHICLE PARTS/ACCESSORIES;;;;;[43.08996844780467, -87.96883213132577];4426 W CAPITOL DR
571;140130047;01/13/2014;10:12 AM;7.0;THEFT FROM BUILDING;;;;;[43.09289553595125, -87.95998044252426];4178 N TORONTO ST
572;140130081;01/13/2014;01:45 PM;7.0;SIMPLE ASSAULT;DESTRUCTION/DAMAGE/VANDALISM OF PROPERTY;THEFT FROM BUILDING;;;[43.083841367764926, -87.97032305049352];4530 W MEDFORD AV
573;140120036;01/12/2014;08:01 AM;7.0;THEFT FROM MOTOR VEHICLE;;;;;[43.10060299417162, -87.96151485356933];4578 N 39TH ST
574;140100055;01/10/2014;09:37 AM;7.0;THEFT FROM MOTOR VEHICLE;;;;;[43.10291758673321, -87.96154115753917];4715 N 39TH ST
575;140100094;01/10/2014;07:47 AM;5.0;THEFT FROM MOTOR VEHICLE;;;;;[43.074566664723875, -87.95094638631792];3052 N 30TH ST
576;140100103;01/10/2014;03:51 PM;5.0;THEFT OF MOTOR VEHICLE PARTS/ACCESSORIES;;;;;[43.076196303912525, -87.94967641185313];3140 N 29TH ST
577;140090047;01/09/2014;11:58 AM;7.0;THEFT FROM BUILDING;;;;;[43.087934253267704, -87.96698556918643];3900 N SHERMAN BL
578;140080112;01/08/2014;09:10 PM;7.0;THEFT OF MOTOR VEHICLE PARTS/ACCESSORIES;;;;;[43.09741446768412, -87.96776260644006];4320 W CONGRESS ST
579;140070090;01/07/2014;08:25 PM;5.0;THEFT FROM BUILDING;;;;;[43.08109951399405, -87.95035349999999];2921 W TOWNSEND ST #LWR
580;140060037;01/06/2014;10:46 AM;7.0;THEFT FROM BUILDING;;;;;[43.07925616763808, -87.96081964311246];3301 N 38TH ST #UPR
581;140030069;01/03/2014;03:00 PM;5.0;THEFT OF MOTOR VEHICLE PARTS/ACCESSORIES;;;;;[43.076313754371284, -87.94721636410091];3156 N 27TH ST
582;140020013;01/02/2014;08:00 AM;7.0;THEFT FROM MOTOR VEHICLE;;;;;[43.10300758673321, -87.9555995809335];4719 N 34TH ST
583;140310046;01/31/2014;11:01 AM;2.0;THEFT FROM MOTOR VEHICLE;;;;;[43.023357000000004, -87.94084855929341];735 S 22ND ST
584;140310062;01/31/2014;11:47 AM;2.0;THEFT OF MOTOR VEHICLE PARTS/ACCESSORIES;;;;;[43.011091005828376, -87.9492490226497];1803 S 28TH ST
585;140310152;01/31/2014;09:21 PM;2.0;THEFT FROM BUILDING;;;;;[43.02237642772215, -87.94551220191586];2520 W NATIONAL AV
586;140300033;01/30/2014;09:41 AM;2.0;THEFT FROM MOTOR VEHICLE;;;;;[43.01871414210285, -87.94911860646873];1211 S 28TH ST
587;140300058;01/30/2014;10:54 AM;2.0;THEFT FROM MOTOR VEHICLE;;;;;[43.01277434110452, -87.95530805539828];1657 S 33RD ST
588;140300066;01/30/2014;12:43 PM;2.0;THEFT FROM MOTOR VEHICLE;;;;;[43.02018000000001, -87.94086761757723];1041 S 22ND ST
589;140280032;01/28/2014;11:10 AM;2.0;THEFT FROM MOTOR VEHICLE;;;;;[43.02400253952927, -87.94988823980033];2825 W PIERCE ST
590;140280048;01/28/2014;09:04 AM;2.0;THEFT FROM MOTOR VEHICLE;;;;;[43.014135882006826, -87.96203914225434];1595 S 38TH ST
591;140280062;01/28/2014;12:50 PM;2.0;THEFT FROM MOTOR VEHICLE;;;;;[43.01602047879262, -87.941502];2216 W ORCHARD ST
592;140280067;01/28/2014;02:01 PM;2.0;THEFT FROM MOTOR VEHICLE;THEFT OF MOTOR VEHICLE PARTS/ACCESSORIES;;;;[43.009227754371295, -87.94232808482863];1949 S 23RD ST
593;140280067;01/28/2014;02:01 PM;2.0;THEFT FROM MOTOR VEHICLE;;;;;[43.009227754371295, -87.94232808482863];1949 S 23RD ST
594;140280088;01/28/2014;01:54 PM;2.0;THEFT FROM BUILDING;;;;;[43.014135518754564, -87.953103];3108 W LAPHAM ST
595;140270100;01/27/2014;07:00 PM;2.0;THEFT FROM MOTOR VEHICLE;;;;;[43.02049402553524, -87.95767540074463];1004 S 35TH ST
596;140260074;01/26/2014;04:27 PM;2.0;THEFT FROM MOTOR VEHICLE;;;;;[43.02566099999999, -87.94766365177414];524 S LAYTON BL
597;140260115;01/26/2014;10:45 PM;6.0;THEFT OF MOTOR VEHICLE PARTS/ACCESSORIES;;;;;[42.994996722719236, -87.9576576562411];3447 W FOREST HOME AV
598;140250033;01/25/2014;09:31 AM;2.0;THEFT FROM MOTOR VEHICLE;THEFT OF MOTOR VEHICLE PARTS/ACCESSORIES;;;;[43.02320399999999, -87.94077340074465];742 S 22ND ST
599;140230079;01/23/2014;05:54 PM;2.0;THEFT FROM BUILDING;;;;;[43.00313448990111, -87.94314255107045];2320 W LINCOLN AV
600;140220116;01/22/2014;07:46 PM;2.0;THEFT OF MOTOR VEHICLE PARTS/ACCESSORIES;;;;;[43.015954506780666, -87.94660033236194];2601 W ORCHARD ST
601;140160067;01/16/2014;12:46 PM;2.0;THEFT FROM MOTOR VEHICLE;;;;;[43.018943148353735, -87.94256569744061];2323 W SCOTT ST
602;140150043;01/15/2014;01:07 PM;2.0;THEFT OF MOTOR VEHICLE PARTS/ACCESSORIES;;;;;[43.00851498850939, -87.93815821324051];2000 W ROGERS ST
603;140140063;01/14/2014;02:12 PM;2.0;THEFT OF MOTOR VEHICLE PARTS/ACCESSORIES;;;;;[43.01241151399404, -87.94305394463038];2321 W MITCHELL ST
604;140130128;01/13/2014;07:30 PM;6.0;THEFT OF MOTOR VEHICLE PARTS/ACCESSORIES;;;;;[42.991577633360265, -87.97525495181507];2918 S 49TH ST
605;140120047;01/12/2014;09:59 AM;6.0;THEFT FROM MOTOR VEHICLE;;;;;[42.99177558090486, -87.96901494460172];2908 S 44TH ST
606;140120054;01/12/2014;11:27 AM;3.0;THEFT OF MOTOR VEHICLE PARTS/ACCESSORIES;;;;;[43.03135846840618, -87.93513344445749];1721 W CANAL ST
607;140120093;01/12/2014;05:11 PM;2.0;THEFT OF MOTOR VEHICLE PARTS/ACCESSORIES;;;;;[43.019060584340856, -87.95396472110774];3200 W SCOTT ST
608;140120106;01/12/2014;06:56 PM;2.0;THEFT OF MOTOR VEHICLE PARTS/ACCESSORIES;DESTRUCTION/DAMAGE/VANDALISM OF PROPERTY;;;;[43.024895947544564, -87.94788154097155];635 S LAYTON BL
609;140100090;01/10/2014;12:50 PM;2.0;THEFT OF MOTOR VEHICLE PARTS/ACCESSORIES;;;;;[43.01470487815227, -87.94794853880718];1555 S LAYTON BL
610;140100109;01/10/2014;04:46 PM;2.0;THEFT OF MOTOR VEHICLE PARTS/ACCESSORIES;;;;;[43.006060142102854, -87.94930009925535];2129 S 28TH ST
611;140070108;01/07/2014;09:49 PM;6.0;THEFT FROM MOTOR VEHICLE;;;;;[42.98858948831365, -87.94943116290527];2900 W OKLAHOMA AV
612;140070109;01/07/2014;09:41 PM;2.0;THEFT FROM MOTOR VEHICLE;;;;;[43.00353113513003, -87.9440189512532];2410 W FOREST HOME AV
613;140070118;01/07/2014;11:35 PM;6.0;THEFT FROM MOTOR VEHICLE;;;;;[42.98849147386797, -87.9491243554174];2735 W OKLAHOMA AV
614;140050055;01/05/2014;02:40 PM;2.0;THEFT FROM MOTOR VEHICLE;;;;;[43.015996486005974, -87.96051];3706 W ORCHARD ST
615;140030016;01/03/2014;05:13 AM;2.0;THEFT FROM MOTOR VEHICLE;;;;;[43.01213557256631, -87.93808973922341];1708 S MUSKEGO AV
616;140020072;01/02/2014;02:41 PM;2.0;THEFT FROM MOTOR VEHICLE;;;;;[43.02416947403209, -87.94177183236194];2229 W PIERCE ST
617;140020110;01/02/2014;05:58 PM;2.0;THEFT OF MOTOR VEHICLE PARTS/ACCESSORIES;;;;;[43.01553499417162, -87.95641444791994];1512 S 34TH ST
618;140010003;01/01/2014;04:36 AM;2.0;THEFT OF MOTOR VEHICLE PARTS/ACCESSORIES;;;;;[43.00322245561914, -87.94537710904723];2510 W LINCOLN AV
619;140010079;01/01/2014;02:02 PM;2.0;THEFT FROM MOTOR VEHICLE;;;;;[43.007760167638054, -87.95044759925536];2033 S 29TH ST
620;140310010;01/31/2014;12:02 AM;4.0;THEFT FROM BUILDING;;;;;[43.18729483676442, -88.00273116694683];9217 N 75TH ST #513
621;140300070;01/30/2014;01:08 PM;4.0;THEFT OF MOTOR VEHICLE PARTS/ACCESSORIES;;;;;[43.16223094921802, -88.02893462978224];7951 N 94TH ST
622;140300087;01/30/2014;03:08 PM;4.0;THEFT OF MOTOR VEHICLE PARTS/ACCESSORIES;;;;;[43.1625840874257, -88.02868881972422];7952 N 94TH ST
623;140290085;01/29/2014;04:49 PM;4.0;THEFT OF MOTOR VEHICLE PARTS/ACCESSORIES;;;;;[43.11943051933149, -87.98704352983438];6000 W SILVER SPRING DR
624;140280100;01/28/2014;02:53 PM;4.0;THEFT OF MOTOR VEHICLE PARTS/ACCESSORIES;LIQUOR LAW VIOLATIONS;;;;[43.18123422718847, -88.03013184801809];8960 N MICHELE ST
625;140270079;01/27/2014;04:11 PM;4.0;THEFT FROM BUILDING;;;;;[43.122959488458804, -87.99024069317329];6303 W CARMEN AV
626;140260089;01/26/2014;06:58 PM;4.0;SIMPLE ASSAULT;THEFT FROM BUILDING;;;;[43.14755738773155, -88.00527532356205];7130 N 76TH ST
627;140250035;01/25/2014;09:58 AM;4.0;THEFT FROM MOTOR VEHICLE;;;;;[43.115685279422465, -87.96894477942244];4500 W CUSTER AV
628;140250046;01/25/2014;11:46 AM;4.0;THEFT OF MOTOR VEHICLE PARTS/ACCESSORIES;;;;;[43.162310296124765, -87.98935112258833];7955 N 64TH CT
629;140250064;01/25/2014;01:35 PM;4.0;THEFT FROM BUILDING;;;;;[43.17772946624181, -88.01048322300768];8101 W BROWN DEER RD
630;140240090;01/24/2014;05:30 PM;4.0;THEFT OF MOTOR VEHICLE PARTS/ACCESSORIES;;;;;[43.14142448384158, -88.00186903413356];7300 W GREEN TREE RD
631;140230021;01/23/2014;08:14 AM;4.0;THEFT FROM MOTOR VEHICLE;;;;;[43.13876952288085, -88.00470061480726];6635 N 75TH ST
632;140230134;01/23/2014;08:43 PM;4.0;THEFT FROM BUILDING;;;;;[43.134112507646044, -87.99331105536962];6550 W MILL RD
633;140220117;01/22/2014;07:48 PM;4.0;THEFT FROM BUILDING;;;;;[43.169730255644595, -88.01835244587207];8399 N 87TH ST
634;140210055;01/21/2014;02:29 PM;4.0;THEFT FROM BUILDING;;;;;[43.14326331504366, -88.01322836138527];8202 W DENVER AV
635;140200068;01/20/2014;01:10 PM;4.0;THEFT FROM MOTOR VEHICLE;;;;;[43.17852520677223, -88.02835807696556];8836 N 95TH ST
636;140170015;01/17/2014;07:19 AM;4.0;THEFT OF MOTOR VEHICLE PARTS/ACCESSORIES;;;;;[43.16459477546312, -88.01832333409362];8058 N 87TH ST
637;140160040;01/16/2014;10:38 AM;4.0;THEFT OF MOTOR VEHICLE PARTS/ACCESSORIES;;;;;[43.163180469560025, -88.01535272592187];8415 W BRADLEY RD
638;140160141;01/16/2014;09:16 PM;4.0;THEFT OF MOTOR VEHICLE PARTS/ACCESSORIES;;;;;[43.11952534727341, -87.9910166527266];5600 N 64TH ST
639;140150098;01/15/2014;08:34 PM;4.0;THEFT FROM BUILDING;;;;;[43.13938363780368, -87.98571762450027];6665 N 60TH ST
640;140140073;01/14/2014;03:06 PM;4.0;THEFT FROM BUILDING;;;;;[43.15290856232317, -88.01819953064246];7440 N 86TH ST #24
641;140140107;01/14/2014;06:19 PM;4.0;THEFT FROM BUILDING;;;;;[43.14880153332457, -88.0002402674417];7132 W GOOD HOPE RD
642;140100087;01/10/2014;01:29 PM;4.0;THEFT OF MOTOR VEHICLE PARTS/ACCESSORIES;;;;;[43.13484045045877, -88.01064862089545];6427 N 80TH ST
643;140080041;01/08/2014;09:45 AM;4.0;THEFT FROM BUILDING;;;;;[43.161419077584384, -87.98948007809318];7904-A N 64TH CT
644;140080123;01/08/2014;06:26 PM;4.0;THEFT FROM BUILDING;;;;;[43.164560179294824, -88.03434754818491];8067 N 100TH ST
645;140060016;01/06/2014;07:34 AM;4.0;THEFT FROM MOTOR VEHICLE;;;;;[43.183985212188865, -88.00277515336724];9084 N 75TH ST
646;140040036;01/04/2014;11:54 AM;4.0;THEFT OF MOTOR VEHICLE PARTS/ACCESSORIES;;;;;[43.134268865162376, -88.00595730723185];6401 N 76TH ST
647;140030085;01/03/2014;03:33 PM;4.0;THEFT FROM MOTOR VEHICLE;;;;;[43.16723857233515, -87.99636517756406];8222 N GRANVILLE WOODS RD
648;140010139;01/01/2014;11:42 PM;4.0;THEFT OF MOTOR VEHICLE PARTS/ACCESSORIES;;;;;[43.18426800000001, -88.00288984663027];9097 N 75TH ST
