Incident Number;Date;Time;Police District;Offense 1;Offense 2;Offense 3;Offense 4;Offense 5;Location;Address
152430095;08/31/2015;02:12 PM;5.0;MOTOR VEHICLE THEFT;;;;;[43.08985048600596, -87.94537164308379];2522 W CAPITOL DR
152420067;08/30/2015;11:28 AM;4.0;MOTOR VEHICLE THEFT;;;;;[43.11845113627447, -87.9513543718912];5542 N 31ST ST
152420148;08/30/2015;07:23 PM;4.0;MOTOR VEHICLE THEFT;;;;;[43.12679365602056, -87.95604429651904];6010 N 35TH ST
152420167;08/30/2015;10:41 PM;5.0;MOTOR VEHICLE THEFT;;;;;[43.09688645325738, -87.93330172730685];1806 W CONGRESS ST
152410090;08/29/2015;03:07 PM;7.0;MOTOR VEHICLE THEFT;;;;;[43.10472185780042, -87.95918112745089];3700 W HAMPTON AV
152410096;08/29/2015;03:19 PM;7.0;MOTOR VEHICLE THEFT;;;;;[43.10844341909515, -87.97023859925535];5001 N 46TH ST
152410117;08/29/2015;05:44 PM;7.0;MOTOR VEHICLE THEFT;;;;;[43.10466749321933, -87.96012180270043];3800 W HAMPTON AV
152400105;08/28/2015;04:30 PM;7.0;MOTOR VEHICLE THEFT;;;;;[43.10766958673324, -87.95900863200394];4955 N 37TH ST
152390037;08/27/2015;08:36 AM;7.0;MOTOR VEHICLE THEFT;;;;;[43.10935107799065, -87.94397385356932];5046 N 25TH ST
152380086;08/26/2015;03:38 PM;5.0;MOTOR VEHICLE THEFT;;;;;[43.10072500050437, -87.9519023070934];3109 W GLENDALE AV
152380144;08/26/2015;07:20 PM;5.0;MOTOR VEHICLE THEFT;;;;;[43.09689545325739, -87.93381982944774];1826 W CONGRESS ST
152360148;08/24/2015;06:24 PM;4.0;MOTOR VEHICLE THEFT;;;;;[43.12899344617441, -87.95224624936446];6153 N TEUTONIA AV
152360166;08/24/2015;07:57 PM;7.0;MOTOR VEHICLE THEFT;;;;;[43.10725572300768, -87.93653386078269];4932 N 20TH ST
152360188;08/24/2015;09:58 PM;5.0;MOTOR VEHICLE THEFT;;;;;[43.09661557507647, -87.93296243738835];4370 N 18TH ST
152350062;08/23/2015;08:58 AM;4.0;MOTOR VEHICLE THEFT;;;;;[43.12339141326677, -87.95610533524747];5822 N 35TH ST
152350155;08/23/2015;05:47 PM;7.0;MOTOR VEHICLE THEFT;;;;;[43.11144933527612, -87.97136818307439];5175 N 47TH ST
152350192;08/23/2015;08:59 PM;5.0;MOTOR VEHICLE THEFT;;;;;[43.0950295434244, -87.94649236372554];2629 W ROOSEVELT DR
152340013;08/22/2015;01:19 AM;5.0;MOTOR VEHICLE THEFT;;;;;[43.09509849567218, -87.94851299999999];2809 W ROOSEVELT DR #REAR
152340172;08/22/2015;11:34 PM;5.0;MOTOR VEHICLE THEFT;;;;;[43.09183585316529, -87.9243529471692];4107 N GREEN BAY AV
152330084;08/21/2015;12:31 PM;4.0;MOTOR VEHICLE THEFT;;;;;[43.13495789009748, -87.95325540169692];6464 N TEUTONIA AV
152330164;08/21/2015;08:41 PM;4.0;MOTOR VEHICLE THEFT;;;;;[43.13016888481735, -87.95721633856569];6162 N 36TH ST
152320042;08/20/2015;09:38 AM;7.0;MOTOR VEHICLE THEFT;;;;;[43.10641786372554, -87.97518965753918];4877 N 50TH ST
152310029;08/19/2015;07:59 AM;7.0;MOTOR VEHICLE THEFT;;;;;[43.10974850291419, -87.97264962479058];5067 N 48TH ST
152310032;08/19/2015;09:11 AM;4.0;MOTOR VEHICLE THEFT;;;;;[43.13495789009748, -87.95325540169692];6464 N TEUTONIA AV
152310116;08/19/2015;04:47 PM;4.0;MOTOR VEHICLE THEFT;;;;;[43.13129040276386, -87.96189367929482];3920 W DOUGLAS AV
152310130;08/19/2015;06:26 PM;5.0;MOTOR VEHICLE THEFT;;;;;[43.095230947544565, -87.92692159925535];4311 N 13TH ST
152320003;08/19/2015;11:48 PM;5.0;MOTOR VEHICLE THEFT;;;;;[43.09677177976057, -87.9333461758903];1827 W CONGRESS ST
152300037;08/18/2015;09:18 AM;7.0;MOTOR VEHICLE THEFT;;;;;[43.107767261076496, -87.97026286674019];4973 N 46TH ST
152300118;08/18/2015;05:44 PM;4.0;MOTOR VEHICLE THEFT;;;;;[43.119332024765875, -87.96115796810959];3900 W SILVER SPRING DR
152300176;08/18/2015;10:07 PM;7.0;MOTOR VEHICLE THEFT;;;;;[43.10466749321933, -87.96012180270043];3800 W HAMPTON AV
152290112;08/17/2015;04:38 PM;4.0;MOTOR VEHICLE THEFT;;;;;[43.11932751875455, -87.96299047446477];4020 W SILVER SPRING DR
152290132;08/17/2015;06:16 PM;5.0;MOTOR VEHICLE THEFT;;;;;[43.1001174446304, -87.94799059925535];4551 N 28TH ST
152290150;08/17/2015;05:47 PM;4.0;MOTOR VEHICLE THEFT;;;;;[43.14307441326679, -87.96555630971224];6900 N 43RD ST
152290159;08/17/2015;08:29 PM;4.0;MOTOR VEHICLE THEFT;;;;;[43.11767602553522, -87.95389760646873];5511 N 33RD ST
152290166;08/17/2015;09:02 PM;4.0;MOTOR VEHICLE THEFT;;;;;[43.117659, -87.95509910646872];5511 N 34TH ST
152280040;08/16/2015;07:37 AM;4.0;MOTOR VEHICLE THEFT;;;;;[43.12904411518264, -87.95732061368207];6103 N 36TH ST
152280053;08/16/2015;09:20 AM;7.0;MOTOR VEHICLE THEFT;;;;;[43.10957728282071, -87.94038109925536];5059 N 23RD ST
152280065;08/16/2015;10:17 AM;7.0;MOTOR VEHICLE THEFT;;;;;[43.107767261076496, -87.97026286674019];4973 N 46TH ST
152280071;08/16/2015;11:18 AM;4.0;MOTOR VEHICLE THEFT;;;;;[43.12960141326678, -87.96085636078269];6128 N 39TH ST
152280112;08/16/2015;02:28 PM;7.0;MOTOR VEHICLE THEFT;;;;;[43.10479583498518, -87.97662118829449];5100 W HAMPTON AV
152280129;08/16/2015;04:27 PM;4.0;MOTOR VEHICLE THEFT;;;;;[43.11907951399405, -87.95589227699232];3425 W SILVER SPRING DR
152280141;08/16/2015;05:14 PM;4.0;MOTOR VEHICLE THEFT;;;;;[43.11429209908247, -87.95019943219422];5329 N TEUTONIA AV
152280156;08/16/2015;07:04 PM;4.0;MOTOR VEHICLE THEFT;;;;;[43.12649631793427, -87.951803718335];6000 N TEUTONIA AV
152270105;08/15/2015;06:05 PM;7.0;MOTOR VEHICLE THEFT;;;;;[43.11005291035258, -87.9351343607827];5084 N 19TH PL
152260167;08/14/2015;03:10 PM;4.0;MOTOR VEHICLE THEFT;;;;;[43.11618375437129, -87.96119015753918];5425 N 39TH ST
152240088;08/12/2015;01:42 PM;5.0;MOTOR VEHICLE THEFT;;;;;[43.0902542200935, -87.94344289684949];4022 N 24TH PL
152220155;08/10/2015;07:26 PM;5.0;MOTOR VEHICLE THEFT;;;;;[43.089937670213466, -87.9470507731148];2700 W CAPITOL DR
152220195;08/10/2015;11:11 PM;4.0;MOTOR VEHICLE THEFT;;;;;[43.12358105245542, -87.96462489353127];5826 N 42ND ST
152180086;08/06/2015;03:19 PM;5.0;MOTOR VEHICLE THEFT;;;;;[43.09689545325739, -87.93381982944774];1826 W CONGRESS ST
152160142;08/04/2015;01:07 PM;7.0;MOTOR VEHICLE THEFT;;;;;[43.100707736597684, -87.92940982670645];4603 N GREEN BAY AV
152150114;08/03/2015;04:57 PM;5.0;MOTOR VEHICLE THEFT;;;;;[43.093001994320986, -87.94053150141974];4200 N TEUTONIA AV
152430055;08/31/2015;08:23 AM;3.0;MOTOR VEHICLE THEFT;;;;;[43.0508517485429, -87.97351486078269];1528 N 48TH ST
152430152;08/31/2015;05:22 PM;3.0;MOTOR VEHICLE THEFT;;;;;[43.05356247737896, -87.97244963532216];1729 N 47TH ST #UPR
152420083;08/30/2015;01:12 PM;7.0;MOTOR VEHICLE THEFT;;;;;[43.086023517629386, -88.00588044252424];3778 N 75TH ST
152430006;08/30/2015;10:38 PM;3.0;MOTOR VEHICLE THEFT;;;;;[43.05275453231589, -87.9733215];4727 W WASHINGTON BL
152410089;08/29/2015;01:47 PM;7.0;MOTOR VEHICLE THEFT;;;;;[43.072963889260755, -87.988560069825];2959 N 61ST ST #LWR
152410122;08/29/2015;06:59 PM;7.0;MOTOR VEHICLE THEFT;;;;;[43.08201435749313, -87.99759722603744];6810 W APPLETON AV
152390029;08/27/2015;07:09 AM;7.0;MOTOR VEHICLE THEFT;;;;;[43.068057218789086, -87.97624425000001];5000 W CENTER ST
152390033;08/27/2015;08:46 AM;7.0;MOTOR VEHICLE THEFT;;;;;[43.081416701915856, -87.98578954097155];3423 N 58TH ST
152390136;08/27/2015;12:56 PM;3.0;MOTOR VEHICLE THEFT;;;;;[43.050212360811344, -87.98000113200395];1445 N 53RD ST
152380069;08/26/2015;02:50 PM;3.0;MOTOR VEHICLE THEFT;;;;;[43.02543616763808, -87.991210569825];623 S 63RD ST
152370024;08/25/2015;07:33 AM;7.0;MOTOR VEHICLE THEFT;;;;;[43.07028172107443, -87.98679390463978];5926 W APPLETON AV
152370032;08/25/2015;10:53 AM;3.0;MOTOR VEHICLE THEFT;;;;;[43.05453333527612, -87.97349588631792];1814 N 48TH ST
152370095;08/25/2015;03:33 PM;3.0;MOTOR VEHICLE THEFT;;;;;[43.05801600000001, -87.98751241185313];2136 N 60TH ST
152370132;08/25/2015;07:37 PM;3.0;MOTOR VEHICLE THEFT;;;;;[43.064410765768244, -87.98030992754927];5312 W LISBON AV
152350074;08/23/2015;10:19 AM;7.0;MOTOR VEHICLE THEFT;;;;;[43.06914886372556, -87.97747957703837];2759 N 51ST ST
152350075;08/23/2015;10:20 AM;7.0;MOTOR VEHICLE THEFT;;;;;[43.06914886372556, -87.97747957703837];2759 N 51ST ST
152350094;08/23/2015;12:27 PM;3.0;MOTOR VEHICLE THEFT;;;;;[43.057458, -87.98533010646872];2111 N 58TH ST
152330041;08/21/2015;06:48 AM;3.0;MOTOR VEHICLE THEFT;;;;;[43.06332769637595, -87.97825054120268];5120 W LISBON AV
152330110;08/21/2015;03:46 PM;3.0;MOTOR VEHICLE THEFT;;;;;[43.02604403417183, -87.99125226704636];6300 W MAIN ST
152320049;08/20/2015;10:05 AM;7.0;MOTOR VEHICLE THEFT;;;;;[43.06994961226846, -87.98213060646873];2803 N 55TH ST
152320061;08/20/2015;11:35 AM;3.0;MOTOR VEHICLE THEFT;;;;;[43.0545470236636, -87.97476034794006];1845 N 49TH ST
152300024;08/18/2015;04:35 AM;3.0;BURGLARY/BREAKING AND ENTERING;MOTOR VEHICLE THEFT;;;;[43.04501451875456, -87.98255932944774];5512 W NOTRE DAME CT
152280111;08/16/2015;02:32 PM;7.0;MOTOR VEHICLE THEFT;;;;;[43.074488825125385, -87.99383313221176];3052 N 66TH ST
152280186;08/16/2015;10:22 PM;3.0;MOTOR VEHICLE THEFT;;;;;[43.02579502553522, -87.99995809204201];607 S 70TH ST
152270059;08/15/2015;11:19 AM;3.0;MOTOR VEHICLE THEFT;;;;;[43.06064454674262, -87.97894102553522];5201 W NORTH AV
152230093;08/11/2015;03:19 PM;7.0;MOTOR VEHICLE THEFT;;;;;[43.086486550666415, -88.0012084264241];7168 W APPLETON AV
152220168;08/10/2015;08:27 PM;7.0;MOTOR VEHICLE THEFT;;;;;[43.08150436470649, -87.997185174967];6798 W APPLETON AV
152200017;08/08/2015;02:44 AM;3.0;MOTOR VEHICLE THEFT;;;;;[43.045360239800345, -87.96817851154118];1147 N 43RD ST
152200125;08/08/2015;03:58 PM;7.0;MOTOR VEHICLE THEFT;;;;;[43.069968387731564, -87.97739442238472];2808 N 51ST ST
152190083;08/07/2015;01:27 PM;7.0;MOTOR VEHICLE THEFT;;;;;[43.075390528420755, -87.99277083527612];6425 W BURLEIGH ST
152160039;08/04/2015;09:22 AM;3.0;MOTOR VEHICLE THEFT;;;;;[43.024169524842726, -87.98652502530408];683 S HAWLEY RD
152150132;08/03/2015;06:46 PM;7.0;MOTOR VEHICLE THEFT;;;;;[43.08047371626096, -87.99631314358487];6730 W APPLETON AV
152140071;08/02/2015;01:55 PM;7.0;MOTOR VEHICLE THEFT;;;;;[43.080294846500195, -87.9829778465002];5537 W PHILIP PL
152390008;08/27/2015;01:05 AM;6.0;MOTOR VEHICLE THEFT;;;;;[42.984705397388694, -87.94846638397011];3333 S 27TH ST
152340140;08/22/2015;07:28 PM;2.0;MOTOR VEHICLE THEFT;;;;;[43.00122748600597, -87.95743216763806];3422 W HAYES AV
152310006;08/19/2015;12:48 AM;6.0;MOTOR VEHICLE THEFT;;;;;[42.98111953173897, -87.94937347097367];2701 W MORGAN AV
152300036;08/18/2015;09:03 AM;2.0;MOTOR VEHICLE THEFT;;;;;[43.003557167638064, -87.95545804818492];2257 S 33RD ST
152270048;08/15/2015;09:34 AM;6.0;MOTOR VEHICLE THEFT;;;;;[42.98560255536961, -87.94690441185313];3244 S 26TH ST
152230174;08/11/2015;10:31 PM;6.0;MOTOR VEHICLE THEFT;;;;;[42.985318636230005, -87.94810465136666];3260 S 27TH ST
152190171;08/07/2015;11:23 PM;6.0;MOTOR VEHICLE THEFT;;;;;[42.985318636230005, -87.94810465136666];3260 S 27TH ST
152430035;08/31/2015;06:14 AM;2.0;MOTOR VEHICLE THEFT;;;;;[43.00987266498369, -87.92214103217167];839 W WINDLAKE AV
152430139;08/31/2015;05:48 PM;2.0;MOTOR VEHICLE THEFT;;;;;[43.020130471579236, -87.92072041326678];730 W WASHINGTON ST
152420073;08/30/2015;12:16 PM;2.0;MOTOR VEHICLE THEFT;;;;;[42.998902826533566, -87.92606597013695];2510 S 11TH ST
152420109;08/30/2015;03:42 PM;2.0;MOTOR VEHICLE THEFT;;;;;[43.02426748600598, -87.93228158381903];1560 W PIERCE ST
152410127;08/29/2015;06:59 PM;2.0;MOTOR VEHICLE THEFT;;;;;[43.00940269309493, -87.93323789031876];1600 W FOREST HOME AV
152400025;08/28/2015;01:49 AM;2.0;MOTOR VEHICLE THEFT;;;;;[43.02111148514061, -87.93733033236194];1915 W MINERAL ST
152400128;08/28/2015;07:14 PM;2.0;MOTOR VEHICLE THEFT;;;;;[42.99755215598131, -87.93248649567217];2602 S 15TH PL
152400151;08/28/2015;11:42 PM;2.0;MOTOR VEHICLE THEFT;;;;;[43.019694000000015, -87.92246489021305];1116 S 9TH ST
152390002;08/27/2015;06:36 AM;2.0;MOTOR VEHICLE THEFT;;;;;[43.02308130728375, -87.93313633442385];1600 W NATIONAL AV
152390072;08/27/2015;01:21 PM;2.0;MOTOR VEHICLE THEFT;;;;;[43.02220047157924, -87.92710191618096];1208 W WALKER ST
152390099;08/27/2015;04:03 PM;2.0;MOTOR VEHICLE THEFT;;;;;[43.01023136386978, -87.92181236179229];814 W WINDLAKE AV
152380049;08/26/2015;01:01 PM;2.0;MOTOR VEHICLE THEFT;;;;;[43.00183691035258, -87.92477349567216];2344 S 10TH ST
152380070;08/26/2015;02:18 PM;2.0;MOTOR VEHICLE THEFT;;;;;[43.009810671908575, -87.90915956004322];1919 S KINNICKINNIC AV
152370077;08/25/2015;01:57 PM;2.0;MOTOR VEHICLE THEFT;;;;;[43.000055161809684, -87.92240641185313];2454 S 9TH ST
152370084;08/25/2015;02:38 PM;2.0;MOTOR VEHICLE THEFT;;;;;[42.99925213145756, -87.92736013145755];1200 W ARTHUR AV
152370119;08/25/2015;06:19 PM;2.0;MOTOR VEHICLE THEFT;;;;;[43.01594868499183, -87.9307208435522];1501 S 15TH ST
152360029;08/24/2015;04:13 AM;2.0;MOTOR VEHICLE THEFT;;;;;[43.018090478792594, -87.92822266763807];1306 W MADISON ST
152360039;08/24/2015;07:14 AM;2.0;MOTOR VEHICLE THEFT;;;;;[43.0059404074384, -87.92570395902844];2116 S 11TH ST
152360051;08/24/2015;08:59 AM;2.0;MOTOR VEHICLE THEFT;;;;;[43.00591545045876, -87.92976101543633];2123 S 14TH ST
152360091;08/24/2015;01:28 PM;2.0;MOTOR VEHICLE THEFT;;;;;[43.01991852863775, -87.93433769669203];1117 S 17TH ST
152350066;08/23/2015;09:16 AM;2.0;MOTOR VEHICLE THEFT;;;;;[43.02381750021501, -87.91269529923377];737 S 2ND ST
152350076;08/23/2015;10:26 AM;2.0;MOTOR VEHICLE THEFT;;;;;[43.01523774271453, -87.91973343349322];1532 S 7TH ST
152350089;08/23/2015;11:47 AM;2.0;MOTOR VEHICLE THEFT;;;;;[43.018070529863046, -87.92049116472387];724 W MADISON ST
152350117;08/23/2015;01:57 PM;2.0;MOTOR VEHICLE THEFT;;;;;[43.00659824562871, -87.92140546292359];2078 S 8TH ST
152320060;08/20/2015;11:18 AM;2.0;MOTOR VEHICLE THEFT;;;;;[43.02632648845881, -87.91798066763806];539 W VIRGINIA ST
152330083;08/20/2015;12:28 PM;2.0;MOTOR VEHICLE THEFT;;;;;[43.00944747057808, -87.93491323134134];1949 S WINONA LA
152310025;08/19/2015;07:04 AM;2.0;MOTOR VEHICLE THEFT;;;;;[42.99890307799066, -87.92853242627986];2510 S 13TH ST
152300023;08/18/2015;06:20 AM;2.0;MOTOR VEHICLE THEFT;;;;;[43.00531154954123, -87.92970445902844];2150 S 14TH ST
152300046;08/18/2015;10:20 AM;2.0;MOTOR VEHICLE THEFT;;;;;[43.01975666472387, -87.92106644849686];1112 S 8TH ST
152290042;08/17/2015;09:09 AM;2.0;MOTOR VEHICLE THEFT;;;;;[43.02081866472389, -87.9253595809335];1009 S 11TH ST
152290059;08/17/2015;09:39 AM;2.0;MOTOR VEHICLE THEFT;;;;;[43.0211664676841, -87.93442333236193];1704 W MINERAL ST
152290127;08/17/2015;05:57 PM;2.0;MOTOR VEHICLE THEFT;;;;;[43.000146220093484, -87.92361241185313];2450 S 9TH PL
152300007;08/17/2015;11:14 PM;2.0;MOTOR VEHICLE THEFT;;;;;[43.02177698167814, -87.93434006650678];909 S 17TH ST
152280051;08/16/2015;09:10 AM;2.0;MOTOR VEHICLE THEFT;;;;;[43.009207459893815, -87.93212305395598];1944 S 15TH PL
152280061;08/16/2015;10:20 AM;2.0;MOTOR VEHICLE THEFT;;;;;[43.00780595337295, -87.92829745715252];2019 S 13TH ST
152280069;08/16/2015;10:13 AM;2.0;MOTOR VEHICLE THEFT;;;;;[43.010065760199666, -87.92561800822297];1901 S 11TH ST
152270061;08/15/2015;11:43 AM;2.0;MOTOR VEHICLE THEFT;;;;;[43.01564497446478, -87.912631092042];1515 S 2ND ST
152270068;08/15/2015;12:32 PM;2.0;MOTOR VEHICLE THEFT;;;;;[43.025259441323435, -87.90606022250664];428 E BRUCE ST
152270119;08/15/2015;08:53 PM;2.0;MOTOR VEHICLE THEFT;;;;;[43.00283651009891, -87.92304258090483];923 W LINCOLN AV
152240039;08/12/2015;08:09 AM;2.0;MOTOR VEHICLE THEFT;;;;;[43.01451, -87.91255240795799];1568 S 2ND ST
152240043;08/12/2015;09:57 AM;2.0;MOTOR VEHICLE THEFT;;;;;[43.012801760199665, -87.91855896047073];1661 S 6TH ST
152240080;08/12/2015;12:46 PM;2.0;MOTOR VEHICLE THEFT;;;;;[43.015709952308995, -87.93452487929268];1509 S MUSKEGO AV
152240081;08/12/2015;01:08 PM;2.0;MOTOR VEHICLE THEFT;;;;;[43.02156600000001, -87.91261395571023];922 S 2ND ST
152240136;08/12/2015;07:15 PM;2.0;MOTOR VEHICLE THEFT;;;;;[43.01205031253245, -87.92558495779662];1711 S 11TH ST
152240185;08/12/2015;11:28 PM;2.0;MOTOR VEHICLE THEFT;;;;;[43.00503157507646, -87.93108595902845];2164 S 15TH ST
152230109;08/11/2015;05:06 PM;2.0;MOTOR VEHICLE THEFT;;;;;[43.02211554674261, -87.91194166763806];117 W WALKER ST
152220032;08/10/2015;05:50 AM;2.0;MOTOR VEHICLE THEFT;;;;;[43.02176433527612, -87.92927804428977];915 S 14TH ST
152210023;08/09/2015;02:16 AM;2.0;MOTOR VEHICLE THEFT;;;;;[43.017040423827034, -87.93449559409082];1700 W GREENFIELD AV
152210054;08/09/2015;07:58 AM;2.0;MOTOR VEHICLE THEFT;;;;;[43.02210600000001, -87.93940293349323];820 S 21ST ST
152210065;08/09/2015;10:21 AM;2.0;MOTOR VEHICLE THEFT;;;;;[43.01903648845882, -87.920352];717 W SCOTT ST
152210081;08/09/2015;01:09 PM;2.0;MOTOR VEHICLE THEFT;;;;;[43.02289230182659, -87.9368623387256];1900 W NATIONAL AV
152210096;08/09/2015;01:47 PM;2.0;MOTOR VEHICLE THEFT;;;;;[43.02009152120741, -87.93195316763806];1551 W WASHINGTON ST
152200131;08/08/2015;04:36 PM;2.0;MOTOR VEHICLE THEFT;;;;;[43.00283651009891, -87.92304258090483];923 W LINCOLN AV
152190016;08/07/2015;08:52 AM;2.0;MOTOR VEHICLE THEFT;;;;;[43.017456418224214, -87.93302254800341];1328 S CESAR E CHAVEZ DR
152180046;08/06/2015;12:05 PM;2.0;MOTOR VEHICLE THEFT;;;;;[43.001448380518205, -87.9223734190665];2362 S 9TH ST
152180050;08/06/2015;12:12 PM;2.0;MOTOR VEHICLE THEFT;;;;;[43.00438965476904, -87.93120103996117];2215 S 15TH ST
152170030;08/05/2015;07:03 AM;2.0;MOTOR VEHICLE THEFT;;;;;[43.02163833527612, -87.92535806650677];923 S 11TH ST
152170096;08/05/2015;02:50 PM;2.0;MOTOR VEHICLE THEFT;;;;;[43.023759326332446, -87.93938365175174];726 S 21ST ST
152150006;08/03/2015;12:44 AM;2.0;MOTOR VEHICLE THEFT;;;;;[43.01903648845882, -87.930441];1437 W SCOTT ST
152150029;08/03/2015;06:21 AM;2.0;MOTOR VEHICLE THEFT;;;;;[43.01807952986305, -87.92873116763806];1322 W MADISON ST
152150052;08/03/2015;10:16 AM;2.0;MOTOR VEHICLE THEFT;;;;;[42.998462779906504, -87.93253108814686];2533 S 15TH PL
152150068;08/03/2015;12:08 PM;2.0;MOTOR VEHICLE THEFT;;;;;[43.00151416763808, -87.92728159925535];2361 S 12TH ST
152150073;08/03/2015;12:42 PM;2.0;MOTOR VEHICLE THEFT;;;;;[43.02331816196853, -87.91185818997438];120 W NATIONAL AV
152150189;08/03/2015;11:40 PM;2.0;MOTOR VEHICLE THEFT;;;;;[43.007778, -87.93532290463978];2024 S 18TH ST
152130030;08/01/2015;03:56 AM;2.0;MOTOR VEHICLE THEFT;;;;;[43.02632949567218, -87.91848];605 W VIRGINIA ST
152400056;08/28/2015;10:20 AM;6.0;MOTOR VEHICLE THEFT;;;;;[42.97487048124545, -87.94497208673322];2401 W TRIPOLI AV
152380014;08/26/2015;02:23 AM;6.0;MOTOR VEHICLE THEFT;;;;;[42.952770419095174, -87.93597646292358];5048 S 18TH ST
152370082;08/25/2015;02:35 PM;6.0;MOTOR VEHICLE THEFT;;;;;[42.95190551284019, -87.9172016276761];501 W EDGERTON AV
152360203;08/24/2015;11:42 PM;6.0;MOTOR VEHICLE THEFT;;;;;[42.94691423114003, -87.92933926207034];5380 S 13TH ST
152340090;08/22/2015;01:29 PM;6.0;MOTOR VEHICLE THEFT;;;;;[42.990561136274465, -87.93372393349323];2964 S 16TH ST
152330030;08/21/2015;02:40 AM;6.0;MOTOR VEHICLE THEFT;;;;;[42.9903453141843, -87.948063093341];3006 S 27TH ST
152310185;08/19/2015;10:49 PM;6.0;MOTOR VEHICLE THEFT;;;;;[42.984449696087495, -87.93734801543633];3311 S 19TH ST
152260147;08/14/2015;08:54 PM;6.0;MOTOR VEHICLE THEFT;;;;;[42.93042547388691, -87.93931994575837];1500 W COLLEGE AV
152240151;08/12/2015;08:16 PM;6.0;MOTOR VEHICLE THEFT;;;;;[42.959387460470744, -87.929622];1300 W LAYTON AV
152230042;08/11/2015;09:57 AM;2.0;MOTOR VEHICLE THEFT;;;;;[43.00303951485941, -87.93773941326677];1932 W LINCOLN AV
152220079;08/10/2015;11:44 AM;6.0;MOTOR VEHICLE THEFT;;;;;[42.942997521207396, -87.93317258381903];1541 W WANDA AV
152210111;08/09/2015;03:34 PM;6.0;MOTOR VEHICLE THEFT;;;;;[42.97688086372554, -87.94235104097154];3727 S 22ND ST
152190031;08/07/2015;06:26 AM;6.0;MOTOR VEHICLE THEFT;;;;;[42.933899522649696, -87.94249191618097];2218 W KIMBERLY AV
152190072;08/07/2015;12:42 PM;2.0;MOTOR VEHICLE THEFT;;;;;[43.00528545045876, -87.93544953375819];2155 S 18TH ST
152180035;08/06/2015;09:38 AM;2.0;MOTOR VEHICLE THEFT;;;;;[43.00023532944775, -87.93712857372014];2441 S 19TH ST
152160016;08/04/2015;02:58 AM;6.0;MOTOR VEHICLE THEFT;;;;;[42.95262541326679, -87.93774496292359];5056 S 19TH ST
152150181;08/03/2015;10:45 PM;6.0;MOTOR VEHICLE THEFT;;;;;[42.95508459365812, -87.93071143943718];4920 S 14TH ST
152140101;08/02/2015;05:47 PM;6.0;MOTOR VEHICLE THEFT;;;;;[42.95934650158653, -87.92225091618097];800 W LAYTON AV
152140102;08/02/2015;05:52 PM;6.0;MOTOR VEHICLE THEFT;;;;;[42.95934650158653, -87.92225091618097];800 W LAYTON AV
152140111;08/02/2015;07:22 PM;2.0;MOTOR VEHICLE THEFT;;;;;[43.00478151154118, -87.93780249708581];1930 W GRANT ST
152430033;08/31/2015;05:16 AM;6.0;MOTOR VEHICLE THEFT;;;;;[42.9927109103526, -87.92254493738835];2842 S 9TH ST
152430036;08/31/2015;07:43 AM;6.0;MOTOR VEHICLE THEFT;;;;;[43.00084858673321, -87.90801391906649];2406 S BURRELL ST
152430100;08/31/2015;02:55 PM;6.0;MOTOR VEHICLE THEFT;;;;;[42.987115173466435, -87.87821098600597];3137 S NEW YORK AV
152430007;08/30/2015;11:13 PM;6.0;MOTOR VEHICLE THEFT;;;;;[42.98830248456368, -87.90481240466843];369 E OKLAHOMA AV
152410069;08/29/2015;12:59 PM;6.0;MOTOR VEHICLE THEFT;;;;;[42.98801845244353, -87.89055424848507];3110 S HANSON AV
152400126;08/28/2015;07:08 PM;6.0;MOTOR VEHICLE THEFT;;;;;[42.996294502914196, -87.90929055871649];2615 S GREELEY ST
152370029;08/25/2015;12:00 PM;2.0;MOTOR VEHICLE THEFT;;;;;[43.0007667485429, -87.91702056261164];2439 S 5TH ST
152370165;08/25/2015;09:43 PM;6.0;MOTOR VEHICLE THEFT;;;;;[42.9845912211504, -87.92392752678006];3302 S 9TH PL
152360161;08/24/2015;08:00 PM;6.0;MOTOR VEHICLE THEFT;;;;;[42.988974076605665, -87.90436759925535];3047 S HOWELL AV
152320046;08/20/2015;09:54 AM;6.0;MOTOR VEHICLE THEFT;;;;;[42.986124754371275, -87.92520807372014];3213 S 10TH ST
152320113;08/20/2015;06:01 PM;6.0;MOTOR VEHICLE THEFT;;;;;[42.99850867055227, -87.90485104818492];2525 S HOWELL AV
152290046;08/17/2015;09:37 AM;6.0;MOTOR VEHICLE THEFT;;;;;[42.993082638720544, -87.92251096101096];2830 S 9TH ST
152290060;08/17/2015;11:18 AM;6.0;MOTOR VEHICLE THEFT;;;;;[42.989149592147626, -87.87945642501631];2997 S DELAWARE AV
152290066;08/17/2015;11:29 AM;2.0;MOTOR VEHICLE THEFT;;;;;[43.00207979516995, -87.91875602120739];2330 S 6TH ST
152290093;08/17/2015;01:59 PM;6.0;MOTOR VEHICLE THEFT;;;;;[42.98238751399404, -87.89921116763806];801 E HOLT AV
152280015;08/16/2015;01:15 AM;6.0;MOTOR VEHICLE THEFT;;;;;[42.99670674271454, -87.90481247013695];2592 S HOWELL AV
152280048;08/16/2015;08:50 AM;6.0;MOTOR VEHICLE THEFT;;;;;[43.00313187316061, -87.90578513445679];2246 S ROBINSON AV
152270042;08/15/2015;08:21 AM;6.0;MOTOR VEHICLE THEFT;;;;;[42.987357511541205, -87.88507158090484];1930 E EUCLID AV
152270055;08/15/2015;10:33 AM;2.0;MOTOR VEHICLE THEFT;;;;;[42.995772419095175, -87.9237790226497];2685 S 9TH PL
152270079;08/15/2015;02:03 PM;2.0;MOTOR VEHICLE THEFT;;;;;[42.99919746768411, -87.9172512485429];500 W ARTHUR AV
152240069;08/12/2015;02:00 PM;6.0;MOTOR VEHICLE THEFT;;;;;[42.99152316180968, -87.92621341185313];2912 S 11TH ST
152220190;08/10/2015;10:32 PM;6.0;MOTOR VEHICLE THEFT;;;;;[42.98832351875456, -87.92065366763806];702 W OKLAHOMA AV
152210146;08/09/2015;08:46 PM;6.0;MOTOR VEHICLE THEFT;;;;;[42.992964251457096, -87.89683909925536];2835 S LOGAN AV
152200115;08/08/2015;02:35 PM;6.0;MOTOR VEHICLE THEFT;;;;;[42.99431299417162, -87.9080824773503];2738 S BURRELL ST
152190122;08/07/2015;05:43 PM;6.0;MOTOR VEHICLE THEFT;;;;;[42.99027862779168, -87.88135587359328];2945 S DELAWARE AV
152180103;08/06/2015;03:34 PM;6.0;MOTOR VEHICLE THEFT;;;;;[42.99116316180968, -87.92381597013694];2932 S 9TH PL
152170024;08/05/2015;04:30 AM;6.0;MOTOR VEHICLE THEFT;;;;;[42.997598329447754, -87.90479447013695];2558 S HOWELL AV
152170044;08/05/2015;09:15 AM;6.0;MOTOR VEHICLE THEFT;;;;;[42.996353093513896, -87.90096361711588];623 E POTTER AV
152170070;08/05/2015;11:53 AM;6.0;MOTOR VEHICLE THEFT;;;;;[42.985604842695395, -87.92880831308324];3248 S 13TH ST
152170180;08/05/2015;10:12 PM;6.0;MOTOR VEHICLE THEFT;;;;;[42.99471841326678, -87.8967324190665];2740 S LOGAN AV
152160029;08/04/2015;08:15 AM;6.0;MOTOR VEHICLE THEFT;;;;;[42.99681853346973, -87.88520093181978];2708 S SHORE DR
152160030;08/04/2015;08:34 AM;6.0;MOTOR VEHICLE THEFT;;;;;[42.9699335115412, -87.89768027699232];858 E WATERFORD AV
152160096;08/04/2015;09:20 PM;6.0;MOTOR VEHICLE THEFT;;;;;[42.969801041081794, -87.8963269752794];1011 E WATERFORD AV
152150013;08/03/2015;01:26 AM;2.0;MOTOR VEHICLE THEFT;;;;;[42.999056580904835, -87.91882538631792];2500 S 6TH ST
152140007;08/02/2015;01:09 AM;6.0;MOTOR VEHICLE THEFT;;;;;[42.989918321137864, -87.88248690048484];2952 S MABBETT AV
152130105;08/01/2015;06:31 PM;6.0;MOTOR VEHICLE THEFT;;;;;[43.00100942788803, -87.90689994575804];2400 S AUSTIN ST
152430097;08/31/2015;02:35 PM;3.0;MOTOR VEHICLE THEFT;;;;;[43.06042546378897, -87.92697108090483];1210 W NORTH AV
152430176;08/31/2015;10:00 PM;5.0;MOTOR VEHICLE THEFT;;;;;[43.0693830313636, -87.93751955539827];2773 N 20TH ST
152410088;08/29/2015;02:21 PM;3.0;MOTOR VEHICLE THEFT;;;;;[43.059690335276144, -87.9623416392173];2217 N 39TH ST
152400154;08/28/2015;10:29 PM;3.0;MOTOR VEHICLE THEFT;;;;;[43.062274486005975, -87.93548058090484];1808 W MEINECKE AV
152390025;08/27/2015;06:51 AM;5.0;MOTOR VEHICLE THEFT;;;;;[43.06880669608748, -87.9375185809335];2745 N 20TH ST
152390038;08/27/2015;07:07 AM;3.0;MOTOR VEHICLE THEFT;;;;;[43.059779245628704, -87.95868294460172];2222 N 36TH ST
152370103;08/25/2015;05:02 PM;3.0;MOTOR VEHICLE THEFT;;;;;[43.06672727699231, -87.97373910257359];2631 N 48TH ST
152360093;08/24/2015;01:02 PM;3.0;MOTOR VEHICLE THEFT;;;;;[43.06224220733753, -87.93895340418464];2109 W MEINECKE AV
152360095;08/24/2015;01:07 PM;3.0;MOTOR VEHICLE THEFT;;;;;[43.061155877892475, -87.93957288438467];2126 W FOND DU LAC AV
152360097;08/24/2015;01:59 PM;3.0;MOTOR VEHICLE THEFT;;;;;[43.059261518754546, -87.96640049999999];4214 W GARFIELD AV
152360149;08/24/2015;05:50 PM;3.0;MOTOR VEHICLE THEFT;;;;;[43.06065651875455, -87.9592005];3614 W NORTH AV
152370096;08/24/2015;03:37 PM;3.0;MOTOR VEHICLE THEFT;;;;;[43.061733031363616, -87.9575475976679];2355 N 35TH ST
152350070;08/23/2015;08:03 AM;3.0;MOTOR VEHICLE THEFT;;;;;[43.06439599417163, -87.9399639190665];2504 N 22ND ST
152350081;08/23/2015;10:55 AM;3.0;MOTOR VEHICLE THEFT;;;;;[43.05035947961428, -87.93137108784501];1526 N 15TH ST
152350091;08/23/2015;12:12 PM;3.0;MOTOR VEHICLE THEFT;;;;;[43.06396424562871, -87.96578643349322];2470 N GRANT BL
152350139;08/23/2015;01:53 PM;5.0;MOTOR VEHICLE THEFT;;;;;[43.069411005828385, -87.93752160978694];2779 N 20TH ST
152340058;08/22/2015;09:38 AM;3.0;MOTOR VEHICLE THEFT;;;;;[43.05792072700183, -87.95639096743602];2101 N 34TH ST
152340107;08/22/2015;11:33 AM;3.0;MOTOR VEHICLE THEFT;;;;;[43.04228416763806, -87.9563844190665];926 N 34TH ST
152320018;08/20/2015;02:40 AM;3.0;MOTOR VEHICLE THEFT;;;;;[43.06760154674262, -87.92294416763806];905 W CENTER ST
152320068;08/20/2015;12:07 PM;3.0;MOTOR VEHICLE THEFT;;;;;[43.05212186955393, -87.93526998990112];1633 N 18TH ST
152300022;08/18/2015;05:32 AM;3.0;MOTOR VEHICLE THEFT;;;;;[43.06276783236194, -87.93378241185313];2420 N 17TH ST
152300181;08/18/2015;11:52 PM;3.0;MOTOR VEHICLE THEFT;;;;;[43.06615200000002, -87.97236385688754];2602 N 47TH ST
152290007;08/17/2015;12:06 AM;3.0;MOTOR VEHICLE THEFT;;;;;[43.05469466472388, -87.93638438631791];1840 N 19TH ST
152290064;08/17/2015;11:27 AM;3.0;MOTOR VEHICLE THEFT;;;;;[43.06144402553522, -87.95993113200394];2339 N 37TH ST
152280079;08/16/2015;11:54 AM;3.0;MOTOR VEHICLE THEFT;;;;;[43.06423458090484, -87.92679486467783];2506 N 12TH ST
152280125;08/16/2015;04:38 PM;3.0;MOTOR VEHICLE THEFT;;;;;[43.06549466472387, -87.92397639353128];2578 N 10TH ST
152270019;08/15/2015;02:31 AM;3.0;MOTOR VEHICLE THEFT;;;;;[43.065188444630394, -87.92152010646872];2557 N 8TH ST
152240042;08/12/2015;09:24 AM;3.0;MOTOR VEHICLE THEFT;;;;;[43.06198436081135, -87.97378909925536];2361 N 48TH ST
152230058;08/11/2015;09:10 AM;3.0;MOTOR VEHICLE THEFT;;;;;[43.061174544709274, -87.94493125228132];2328 N 25TH ST
152230066;08/11/2015;12:38 PM;3.0;MOTOR VEHICLE THEFT;;;;;[43.06496641883537, -87.94634018870123];2608 W MEDFORD AV
152220031;08/10/2015;02:49 AM;3.0;MOTOR VEHICLE THEFT;;;;;[43.06487475437129, -87.95986910646873];2525 N 37TH ST
152200103;08/08/2015;01:47 PM;3.0;MOTOR VEHICLE THEFT;;;;;[43.06201103388908, -87.97560581826984];4950 W LISBON AV
152190043;08/07/2015;06:57 AM;3.0;MOTOR VEHICLE THEFT;;;;;[43.05514236780188, -87.93882190040316];1918 N 21ST ST
152190052;08/07/2015;10:08 AM;3.0;MOTOR VEHICLE THEFT;;;;;[43.06279533527612, -87.97004157372014];2413 N 45TH ST
152190067;08/07/2015;12:11 PM;3.0;MOTOR VEHICLE THEFT;;;;;[43.06439599417163, -87.9399639190665];2504 N 22ND ST
152190080;08/07/2015;09:03 AM;3.0;MOTOR VEHICLE THEFT;;;;;[43.065648754371296, -87.976239069825];2567 N 50TH ST
152190109;08/07/2015;04:44 PM;3.0;MOTOR VEHICLE THEFT;;;;;[43.04872651399404, -87.96454258673322];4031 W VLIET ST
152180061;08/06/2015;12:26 PM;7.0;MOTOR VEHICLE THEFT;;;;;[43.07043024400415, -87.96440662252327];2838 N 41ST ST
152180062;08/06/2015;01:29 PM;3.0;MOTOR VEHICLE THEFT;;;;;[43.06606549013225, -87.94417161423036];2461 W MONROE ST
152150106;08/03/2015;09:36 AM;3.0;MOTOR VEHICLE THEFT;;;;;[43.042770167638054, -87.95639439353127];948 N 34TH ST
152130050;08/01/2015;09:08 AM;3.0;MOTOR VEHICLE THEFT;;;;;[43.061688136274455, -87.93379591185312];2356 N 17TH ST
152130058;08/01/2015;10:32 AM;3.0;MOTOR VEHICLE THEFT;;;;;[43.05547950709781, -87.96310845057434];3940 W LISBON AV
152130066;08/01/2015;12:18 PM;3.0;MOTOR VEHICLE THEFT;;;;;[43.065008621884246, -87.96449096190668];2542 N 41ST ST
152130087;08/01/2015;04:11 PM;3.0;MOTOR VEHICLE THEFT;;;;;[43.05744950291418, -87.956380569825];2049 N 34TH ST
152130088;08/01/2015;04:13 PM;3.0;MOTOR VEHICLE THEFT;;;;;[43.06326543897198, -87.93263643592381];2457 N 16TH ST
152130090;08/01/2015;04:43 PM;3.0;MOTOR VEHICLE THEFT;;;;;[43.05322034110452, -87.95765802986304];1719 N 35TH ST
152430045;08/31/2015;07:17 AM;4.0;MOTOR VEHICLE THEFT;;;;;[43.12565796560665, -88.02174556255433];8800 W FOND DU LAC AV
152430061;08/31/2015;10:28 AM;7.0;MOTOR VEHICLE THEFT;;;;;[43.097324693363554, -87.99574281125366];6700 W CONGRESS ST
152420179;08/30/2015;10:02 PM;7.0;MOTOR VEHICLE THEFT;;;;;[43.09159483236195, -87.99072586799605];4070 N 63RD ST
152410086;08/29/2015;02:51 PM;4.0;MOTOR VEHICLE THEFT;;;;;[43.11376216763807, -87.97753867917925];5303 N 52ND ST
152400104;08/28/2015;04:27 PM;4.0;MOTOR VEHICLE THEFT;;;;;[43.12418341326679, -88.01446585688754];5846 N 83RD ST
152400132;08/28/2015;07:41 PM;7.0;MOTOR VEHICLE THEFT;;;;;[43.10454653482607, -87.99464114328626];6608 W FOND DU LAC AV
152400145;08/28/2015;09:21 PM;7.0;MOTOR VEHICLE THEFT;;;;;[43.09346551399403, -87.98505325145709];5825 W HOPE AV
152390095;08/27/2015;02:57 PM;4.0;MOTOR VEHICLE THEFT;;;;;[43.1167617882164, -87.99871681375161];7011 W KATHRYN AV
152080088;08/26/2015;12:38 PM;4.0;MOTOR VEHICLE THEFT;;;;;[43.11928452452563, -87.99831016763807];6929 W SILVER SPRING DR
152380120;08/26/2015;06:01 PM;4.0;MOTOR VEHICLE THEFT;;;;;[43.12246444024431, -88.03900409276409];10130 W APPLETON AV
152380168;08/26/2015;11:26 PM;4.0;MOTOR VEHICLE THEFT;;;;;[43.119421635038684, -88.00484737569136];7509 W SILVER SPRING DR
152370081;08/25/2015;02:58 PM;4.0;MOTOR VEHICLE THEFT;;;;;[43.13388152842076, -88.02127252553522];8733 W MILL RD
152370129;08/25/2015;07:27 PM;7.0;MOTOR VEHICLE THEFT;;;;;[43.09640145045876, -87.97338154818492];4351 N 48TH ST
152370178;08/25/2015;11:10 PM;4.0;MOTOR VEHICLE THEFT;;;;;[43.12313652986307, -87.99929058090484];7024 W CARMEN AV
152350053;08/23/2015;04:11 AM;4.0;MOTOR VEHICLE THEFT;;;;;[43.12244688481738, -87.99593539684949];5752 N 68TH ST
152350078;08/23/2015;09:16 AM;4.0;MOTOR VEHICLE THEFT;;;;;[43.125705754371296, -87.99225013200395];5937 N 65TH ST
152350163;08/23/2015;11:21 AM;4.0;MOTOR VEHICLE THEFT;;;;;[43.12453597446478, -88.00585437131427];5862 N 76TH ST
152340132;08/22/2015;05:06 PM;4.0;MOTOR VEHICLE THEFT;;;;;[43.13388152842076, -88.017282];8447 W MILL RD
152330050;08/21/2015;08:51 AM;4.0;MOTOR VEHICLE THEFT;;;;;[43.119615518754564, -88.02780244463038];9220 W SILVER SPRING DR
152310068;08/19/2015;12:03 PM;7.0;MOTOR VEHICLE THEFT;;;;;[43.108136884817355, -87.99129438242277];4946 N 64TH ST
152290115;08/17/2015;05:02 PM;7.0;MOTOR VEHICLE THEFT;;;;;[43.10665138190316, -87.99488544460172];4880 N 67TH ST
152280107;08/16/2015;12:22 PM;4.0;MOTOR VEHICLE THEFT;;;;;[43.113549122396, -88.00592589353127];5250 N 76TH ST
152280154;08/16/2015;06:24 PM;7.0;MOTOR VEHICLE THEFT;;;;;[43.099188258403956, -88.00196125840397];7200 W RUBY AV
152270091;08/15/2015;03:59 PM;7.0;MOTOR VEHICLE THEFT;ALL OTHER LARCENY;;;;[43.09887616763805, -88.00184588631792];4472 N 72ND ST
152260036;08/14/2015;07:41 AM;7.0;MOTOR VEHICLE THEFT;;;;;[43.10352148765076, -88.00569880394117];4721 N 75TH ST
152230046;08/11/2015;09:29 AM;7.0;MOTOR VEHICLE THEFT;;;;;[43.099353419095166, -88.00442633524747];4508 N 74TH ST
152230064;08/11/2015;12:30 PM;7.0;MOTOR VEHICLE THEFT;;;;;[43.09346551399403, -87.98505325145709];5825 W HOPE AV
152220072;08/10/2015;11:22 AM;4.0;MOTOR VEHICLE THEFT;;;;;[43.12004045741232, -88.03544577266449];9838 W APPLETON AV
152220012;08/09/2015;09:18 PM;4.0;MOTOR VEHICLE THEFT;;;;;[43.11535146015363, -87.99712666928285];6851 W GRANTOSA DR
152200094;08/08/2015;01:14 PM;7.0;MOTOR VEHICLE THEFT;;;;;[43.111008838190315, -87.98996060646873];5151 N 63RD ST
152200153;08/08/2015;08:21 PM;7.0;MOTOR VEHICLE THEFT;;;;;[43.090134401484285, -87.98439297263099];5700 W CAPITOL DR
152160112;08/04/2015;05:30 PM;7.0;MOTOR VEHICLE THEFT;;;;;[43.09797616763808, -87.99317959925536];4431 N 65TH ST
152150072;08/03/2015;12:33 PM;7.0;MOTOR VEHICLE THEFT;;;;;[43.09346551399403, -87.98505325145709];5825 W HOPE AV
152150107;08/03/2015;04:27 PM;4.0;MOTOR VEHICLE THEFT;;;;;[43.13399250057785, -87.9982202514571];6937 W MILL RD
152430077;08/31/2015;12:10 PM;1.0;MOTOR VEHICLE THEFT;;;;;[43.053762595043096, -87.89094838080665];1609 E ROYALL PL
152420092;08/30/2015;01:52 PM;1.0;MOTOR VEHICLE THEFT;;;;;[43.04913294754459, -87.89696756650677];1447 N FRANKLIN PL
152430021;08/30/2015;11:25 PM;5.0;MOTOR VEHICLE THEFT;;;;;[43.07036282653357, -87.90400539353128];2848 N BOOTH ST
152410094;08/29/2015;03:21 PM;1.0;MOTOR VEHICLE THEFT;;;;;[43.077800231750246, -87.88658955150314];3309 N CRAMER ST
152410129;08/29/2015;05:33 PM;1.0;MOTOR VEHICLE THEFT;;;;;[43.069472999999995, -87.88790365221483];2800 N OAKLAND AV
152400060;08/28/2015;10:50 AM;1.0;MOTOR VEHICLE THEFT;;;;;[43.056045525102526, -87.89412116472387];1323 E KANE PL
152400061;08/28/2015;11:41 AM;1.0;MOTOR VEHICLE THEFT;;;;;[43.06398300000001, -87.8806511281088];2519 N PROSPECT AV
152390001;08/27/2015;12:18 AM;1.0;MOTOR VEHICLE THEFT;;;;;[43.072082664723865, -87.89032292627985];2948 N NEWHALL ST
152380034;08/26/2015;07:30 AM;1.0;MOTOR VEHICLE THEFT;;;;;[43.06380021337689, -87.88414577043976];2108 E BRADFORD AV
152380037;08/26/2015;08:29 AM;1.0;MOTOR VEHICLE THEFT;;;;;[43.0732807543713, -87.88917163921731];3019 N BARTLETT AV
152380038;08/26/2015;08:34 AM;1.0;MOTOR VEHICLE THEFT;;;;;[43.06796172300767, -87.88421242570294];2720 N FREDERICK AV
152380066;08/26/2015;01:58 PM;1.0;MOTOR VEHICLE THEFT;;;;;[43.066547161809694, -87.88423442627985];2616 N FREDERICK AV
152380167;08/26/2015;09:58 PM;1.0;MOTOR VEHICLE THEFT;;;;;[43.07471646220149, -87.88541974681215];1900 E KENWOOD BL
152370098;08/25/2015;04:32 PM;1.0;MOTOR VEHICLE THEFT;;;;;[43.05238415929952, -87.89277066400273];1650 N FARWELL AV
152370111;08/25/2015;06:07 PM;1.0;MOTOR VEHICLE THEFT;;;;;[43.06662816180969, -87.88055537520941];2620 N PROSPECT AV
152370160;08/25/2015;08:28 PM;5.0;MOTOR VEHICLE THEFT;;;;;[43.06536, -87.90167811368208];2571 N FRATNEY ST
152360107;08/24/2015;03:35 PM;1.0;MOTOR VEHICLE THEFT;;;;;[43.06845591900654, -87.88792150311578];2750 N OAKLAND AV
152340155;08/23/2015;03:00 PM;5.0;MOTOR VEHICLE THEFT;;;;;[43.06428016763806, -87.90408392627985];2516 N BOOTH ST
152350028;08/23/2015;02:52 AM;5.0;MOTOR VEHICLE THEFT;;;;;[43.062182444630395, -87.90417907703836];2403 N BOOTH ST
152350084;08/23/2015;11:14 AM;5.0;MOTOR VEHICLE THEFT;;;;;[43.07036282653357, -87.90400539353128];2848 N BOOTH ST
152350110;08/23/2015;01:12 PM;5.0;MOTOR VEHICLE THEFT;;;;;[43.07342400000002, -87.89785962479058];3021 N HUMBOLDT BL
152350135;08/23/2015;04:13 PM;1.0;MOTOR VEHICLE THEFT;;;;;[43.06525174854292, -87.88925863200394];2563 N BARTLETT AV
152340059;08/22/2015;10:01 AM;1.0;MOTOR VEHICLE THEFT;;;;;[43.07323439223018, -87.88784114426326];3020 N OAKLAND AV
152340076;08/22/2015;11:56 AM;5.0;MOTOR VEHICLE THEFT;;;;;[43.07211841326679, -87.90395288631792];2944 N BOOTH ST
152340104;08/22/2015;04:02 PM;5.0;MOTOR VEHICLE THEFT;;;;;[43.067390764744296, -87.9049087784996];531 E CENTER ST
152310106;08/19/2015;03:58 PM;1.0;MOTOR VEHICLE THEFT;;;;;[43.056045525102526, -87.89412116472387];1323 E KANE PL
152300019;08/18/2015;04:28 AM;5.0;MOTOR VEHICLE THEFT;;;;;[43.07405366472386, -87.89767542959808];3056 N HUMBOLDT BL
152300028;08/18/2015;06:31 AM;5.0;MOTOR VEHICLE THEFT;;;;;[43.068429335276136, -87.90411860646873];2741 N BOOTH ST
152300030;08/18/2015;08:21 AM;1.0;MOTOR VEHICLE THEFT;;;;;[43.05450267700197, -87.89938428035371];1000 E HAMILTON ST
152300031;08/18/2015;07:55 AM;1.0;MOTOR VEHICLE THEFT;;;;;[43.08067777990652, -87.89020813200395];3449 N NEWHALL ST
152300055;08/18/2015;11:30 AM;5.0;MOTOR VEHICLE THEFT;;;;;[43.06773052804348, -87.89910283510586];2712 N WEIL ST
152300071;08/18/2015;01:24 PM;5.0;MOTOR VEHICLE THEFT;;;;;[43.07057882653356, -87.9039954190665];2858 N BOOTH ST
152300077;08/18/2015;11:38 AM;5.0;MOTOR VEHICLE THEFT;;;;;[43.07557488481737, -87.89763436799605];3134 N HUMBOLDT BL
152300079;08/18/2015;02:15 PM;5.0;MOTOR VEHICLE THEFT;;;;;[43.06605236081137, -87.89790014643067];2623 N HUMBOLDT BL
152300102;08/18/2015;03:57 PM;1.0;MOTOR VEHICLE THEFT;;;;;[43.06456863918865, -87.88179434635597];2534 N FARWELL AV
152300121;08/18/2015;05:53 PM;1.0;MOTOR VEHICLE THEFT;;;;;[43.06373066333389, -87.88188197888327];2500 N FARWELL AV
152300124;08/18/2015;06:06 PM;5.0;MOTOR VEHICLE THEFT;;;;;[43.06470300000001, -87.90289910646872];2539 N PIERCE ST
152300138;08/18/2015;07:39 PM;1.0;MOTOR VEHICLE THEFT;;;;;[43.07569453699207, -87.88779484766529];3200 N OAKLAND AV
152290080;08/17/2015;12:39 PM;5.0;MOTOR VEHICLE THEFT;;;;;[43.08150599999999, -87.89629535746447];3472 N DOUSMAN ST
152290140;08/17/2015;06:54 PM;1.0;MOTOR VEHICLE THEFT;;;;;[43.06993065889549, -87.88297490406286];2826 N MARYLAND AV
152280074;08/16/2015;11:37 AM;5.0;MOTOR VEHICLE THEFT;;;;;[43.07775296863639, -87.89758437131427];3260 N HUMBOLDT BL
152280113;08/16/2015;01:53 PM;1.0;MOTOR VEHICLE THEFT;;;;;[43.04972694754457, -87.90095006650678];1513 N MARSHALL ST
152280176;08/16/2015;08:49 PM;1.0;MOTOR VEHICLE THEFT;;;;;[43.051825613350374, -87.89888655779959];1050 E KEWAUNEE ST
152270078;08/15/2015;01:39 PM;5.0;MOTOR VEHICLE THEFT;;;;;[43.067546392538716, -87.90131940965037];820 E CENTER ST
152270087;08/15/2015;03:34 PM;5.0;MOTOR VEHICLE THEFT;;;;;[43.06400466303988, -87.89792734784048];2511 N HUMBOLDT BL
152270132;08/15/2015;11:26 PM;5.0;MOTOR VEHICLE THEFT;;;;;[43.06382849235394, -87.90231166763806];715 E WRIGHT ST
152260063;08/14/2015;10:59 AM;1.0;MOTOR VEHICLE THEFT;;;;;[43.049739441707075, -87.89525860355648];1500 N FARWELL AV
152250009;08/13/2015;12:44 AM;5.0;MOTOR VEHICLE THEFT;;;;;[43.06345183236195, -87.90038590074464];2464 N BREMEN ST
152250043;08/13/2015;08:06 AM;1.0;MOTOR VEHICLE THEFT;;;;;[43.06404083348712, -87.87665528492683];2541 N LAKE DR
152250096;08/13/2015;03:42 PM;1.0;MOTOR VEHICLE THEFT;;;;;[43.08051708964743, -87.88775113200396];3445 N OAKLAND AV
152250121;08/13/2015;06:23 PM;5.0;MOTOR VEHICLE THEFT;;;;;[43.07892953952926, -87.89663266763806];1131 E CONCORDIA AV
152240032;08/12/2015;07:38 AM;5.0;MOTOR VEHICLE THEFT;;;;;[43.079791493219325, -87.90093972300768];810 E TOWNSEND ST
152240061;08/12/2015;11:43 AM;5.0;MOTOR VEHICLE THEFT;;;;;[43.07342400000002, -87.89785962479058];3021 N HUMBOLDT BL
152240064;08/12/2015;12:01 PM;1.0;MOTOR VEHICLE THEFT;;;;;[43.06457669608747, -87.88807160646873];2533 N OAKLAND AV
152240129;08/12/2015;06:52 PM;5.0;MOTOR VEHICLE THEFT;;;;;[43.06866333527614, -87.90284863200395];2753 N PIERCE ST
152230025;08/11/2015;06:31 AM;1.0;MOTOR VEHICLE THEFT;;;;;[43.06611749956731, -87.88974244463039];1619 E BELLEVIEW PL
152230052;08/11/2015;11:11 AM;1.0;MOTOR VEHICLE THEFT;;;;;[43.063993952905, -87.88066984783714];2511 N PROSPECT AV
152230070;08/11/2015;01:13 PM;5.0;MOTOR VEHICLE THEFT;;;;;[43.070463701915855, -87.90036807372014];2855 N BREMEN ST
152230086;08/11/2015;02:38 PM;1.0;MOTOR VEHICLE THEFT;;;;;[43.05653618815296, -87.88886962014564];1966 N FARWELL AV
152220039;08/10/2015;07:22 AM;1.0;MOTOR VEHICLE THEFT;;;;;[43.053795387183285, -87.89518651234924];1702 N PULASKI ST
152220040;08/10/2015;07:26 AM;5.0;MOTOR VEHICLE THEFT;;;;;[43.06209606072817, -87.90037286579717];2400 N BREMEN ST
152220043;08/10/2015;07:22 AM;5.0;MOTOR VEHICLE THEFT;;;;;[43.06332566472386, -87.90409390074464];2458 N BOOTH ST
152220044;08/10/2015;08:34 AM;5.0;MOTOR VEHICLE THEFT;;;;;[43.08091200000001, -87.89637114253553];3443 N DOUSMAN ST
152220047;08/10/2015;08:28 AM;5.0;MOTOR VEHICLE THEFT;;;;;[43.060200525967915, -87.89706012086678];1120 E NORTH AV
152220070;08/10/2015;12:49 PM;1.0;MOTOR VEHICLE THEFT;;;;;[43.06613694032104, -87.8792947462458];2600 N STOWELL AV
152220082;08/10/2015;12:02 PM;1.0;MOTOR VEHICLE THEFT;;;;;[43.06606252510253, -87.88005016763806];2413 E BELLEVIEW PL
152220089;08/10/2015;12:41 PM;5.0;MOTOR VEHICLE THEFT;;;;;[43.072451832361935, -87.90025388631791];2962 N BREMEN ST
152220149;08/10/2015;05:46 PM;5.0;MOTOR VEHICLE THEFT;;;;;[43.06564146047075, -87.89666383236194];1136 E CLARKE ST
152220150;08/10/2015;06:55 PM;5.0;MOTOR VEHICLE THEFT;;;;;[43.07657946768411, -87.90125383236193];802 E AUER AV
152210091;08/09/2015;01:28 PM;1.0;MOTOR VEHICLE THEFT;;;;;[43.053070882495156, -87.89677453927692];1704 N FRANKLIN PL
152210165;08/09/2015;10:54 PM;1.0;MOTOR VEHICLE THEFT;;;;;[43.05379266844193, -87.89370113450838];1752 N WARREN AV
152200057;08/08/2015;07:04 AM;5.0;MOTOR VEHICLE THEFT;;;;;[43.080841005828376, -87.89888910978694];3455 N WEIL ST
152190130;08/07/2015;06:28 PM;1.0;MOTOR VEHICLE THEFT;;;;;[43.05357849708582, -87.89687910257359];1731 N FRANKLIN PL
152190137;08/07/2015;07:27 PM;5.0;MOTOR VEHICLE THEFT;;;;;[43.065670493219336, -87.89892241326677];1004 E CLARKE ST
152180091;08/06/2015;03:53 PM;1.0;MOTOR VEHICLE THEFT;;;;;[43.079002826533554, -87.88771242959808];3366 N OAKLAND AV
152170013;08/05/2015;01:22 AM;1.0;MOTOR VEHICLE THEFT;;;;;[43.05054894284136, -87.8929746683592];1567 N PROSPECT AV
152170033;08/05/2015;07:49 AM;1.0;MOTOR VEHICLE THEFT;;;;;[43.04573451601326, -87.90036358673322];924 E JUNEAU AV
152160041;08/04/2015;10:56 AM;1.0;MOTOR VEHICLE THEFT;;;;;[43.05187425843263, -87.89691827013942];1625 N FRANKLIN PL
152160136;08/04/2015;07:26 PM;1.0;MOTOR VEHICLE THEFT;;;;;[43.072561173466454, -87.88176005539827];2971 N FARWELL AV
152150054;08/03/2015;10:24 AM;5.0;MOTOR VEHICLE THEFT;;;;;[43.07285711720797, -87.90362040855847];627 E CHAMBERS ST
152150078;08/03/2015;11:44 AM;1.0;MOTOR VEHICLE THEFT;;;;;[43.07898628282069, -87.88778910257359];3367 N OAKLAND AV
152150080;08/03/2015;01:19 PM;1.0;MOTOR VEHICLE THEFT;;;;;[43.051580696087484, -87.89967859925535];1647 N ASTOR ST
152150088;08/03/2015;02:42 PM;5.0;MOTOR VEHICLE THEFT;;;;;[43.06820416763807, -87.8992010809335];2731 N WEIL ST
152150100;08/03/2015;03:34 PM;1.0;MOTOR VEHICLE THEFT;;;;;[43.07946247489746, -87.88854222300768];1710 E NEWPORT AV
152140081;08/02/2015;03:28 PM;1.0;MOTOR VEHICLE THEFT;;;;;[43.054164502914205, -87.89681439353127];1754 N FRANKLIN PL
152130120;08/01/2015;07:27 PM;1.0;MOTOR VEHICLE THEFT;;;;;[43.06470450874258, -87.88678802654482];2545 N CRAMER ST
152430064;08/31/2015;12:28 PM;1.0;MOTOR VEHICLE THEFT;;;;;[43.04438572548565, -87.91584889730866];400 W HIGHLAND AV
152430068;08/31/2015;11:11 AM;3.0;MOTOR VEHICLE THEFT;;;;;[43.03755652596793, -87.95197308090484];3012 W MICHIGAN ST
152420074;08/30/2015;01:32 PM;3.0;MOTOR VEHICLE THEFT;;;;;[43.05053699999999, -87.94149162479059];1521 N 23RD ST
152420077;08/30/2015;12:22 PM;3.0;MOTOR VEHICLE THEFT;;;;;[43.04865456126212, -87.93795943994189];2010 W VLIET ST
152420154;08/30/2015;07:12 PM;3.0;MOTOR VEHICLE THEFT;;;;;[43.047220528420766, -87.9505605];2915 W MC KINLEY BL
152410046;08/29/2015;10:39 AM;3.0;MOTOR VEHICLE THEFT;;;;;[43.04912324562872, -87.94620639353127];1418 N 26TH ST
152410070;08/29/2015;12:30 PM;3.0;MOTOR VEHICLE THEFT;;;;;[43.04722050678068, -87.950223];2903 W MC KINLEY BL
152410075;08/29/2015;09:45 AM;3.0;MOTOR VEHICLE THEFT;;;;;[43.047747000000015, -87.93904760646872];1321 N 21ST ST
152410108;08/29/2015;04:57 PM;3.0;MOTOR VEHICLE THEFT;;;;;[43.049576083714705, -87.93378214097557];1426 N 17TH ST
152410121;08/29/2015;05:48 PM;3.0;MOTOR VEHICLE THEFT;;;;;[43.050183827445586, -87.93374914015126];1480 N 17TH ST
152400029;08/28/2015;04:50 AM;3.0;MOTOR VEHICLE THEFT;;;;;[43.03710740743841, -87.94631296292359];540 N 26TH ST
152400036;08/28/2015;07:35 AM;3.0;MOTOR VEHICLE THEFT;;;;;[43.03761675618935, -87.94638689986391];607 N 26TH ST
152400094;08/28/2015;03:24 PM;3.0;MOTOR VEHICLE THEFT;;;;;[43.050614319832185, -87.9337376603543];1526 N 17TH ST
152400130;08/28/2015;03:59 PM;3.0;MOTOR VEHICLE THEFT;;;;;[43.0441967997873, -87.93059119086402];1433 W HIGHLAND AV
152390044;08/27/2015;10:03 AM;3.0;MOTOR VEHICLE THEFT;;;;;[43.05000849567217, -87.9404715];2207 W CHERRY ST
152370015;08/25/2015;01:46 AM;3.0;MOTOR VEHICLE THEFT;;;;;[43.050517910352596, -87.94276910372741];1525 N 24TH ST
152370113;08/25/2015;06:07 PM;3.0;MOTOR VEHICLE THEFT;;;;;[43.03864753173899, -87.951942];3001 W WISCONSIN AV
152370125;08/25/2015;06:31 PM;1.0;MOTOR VEHICLE THEFT;;;;;[43.03882747215618, -87.91516349999999];310 W WISCONSIN AV
152350082;08/23/2015;10:58 AM;1.0;MOTOR VEHICLE THEFT;;;;;[43.033131354982004, -87.89968820331897];200 N HARBOR DR
152340072;08/22/2015;11:43 AM;3.0;MOTOR VEHICLE THEFT;;;;;[43.03480447489746, -87.9532425];3126 W ST PAUL AV
152340106;08/22/2015;02:33 PM;3.0;MOTOR VEHICLE THEFT;;;;;[43.04622499417161, -87.94024240074464];1214 N 22ND ST
152340118;08/22/2015;03:52 PM;3.0;MOTOR VEHICLE THEFT;;;;;[43.03704742492354, -87.95525907372014];539 N 33RD ST
152330119;08/21/2015;04:29 PM;3.0;MOTOR VEHICLE THEFT;;;;;[43.04032750822299, -87.95331122592187];3104 W WELLS ST
152320089;08/20/2015;02:43 PM;3.0;MOTOR VEHICLE THEFT;;;;;[43.03310349708582, -87.95770242238471];224 N 35TH ST
152300048;08/18/2015;10:24 AM;3.0;MOTOR VEHICLE THEFT;;;;;[43.04881897168211, -87.95696234500322];3440 W VLIET ST
152300064;08/18/2015;10:40 AM;1.0;MOTOR VEHICLE THEFT;;;;;[43.031941564804676, -87.90325814741162];159 N JACKSON ST
152300074;08/18/2015;01:53 PM;1.0;MOTOR VEHICLE THEFT;;;;;[43.04282156116933, -87.90016216610884];913 E KILBOURN AV
152290034;08/17/2015;04:48 AM;3.0;MOTOR VEHICLE THEFT;;;;;[43.04327146378896, -87.93678307660568];1910 W STATE ST
152290039;08/17/2015;07:51 AM;1.0;MOTOR VEHICLE THEFT;;;;;[43.03537922722048, -87.91315984812782];449 N 2ND ST
152290043;08/17/2015;08:03 AM;1.0;MOTOR VEHICLE THEFT;;;;;[43.04777313447119, -87.92251104275043];1008 W MCKINLEY AV
152290169;08/17/2015;09:11 PM;3.0;MOTOR VEHICLE THEFT;;;;;[43.04168945325739, -87.95313150874257];3104 W KILBOURN AV
152280070;08/16/2015;11:11 AM;3.0;MOTOR VEHICLE THEFT;;;;;[43.032735670552256, -87.95534961368207];203 N 33RD ST
152280076;08/16/2015;10:12 AM;3.0;MOTOR VEHICLE THEFT;;;;;[43.047220528420766, -87.9505605];2915 W MC KINLEY BL
152280097;08/16/2015;10:21 AM;3.0;MOTOR VEHICLE THEFT;;;;;[43.03774796863641, -87.95037488631792];606 N 29TH ST
152250074;08/13/2015;12:26 PM;1.0;MOTOR VEHICLE THEFT;;;;;[43.04581430032428, -87.92566211447853];1200 N 11TH ST
152250122;08/13/2015;06:25 PM;1.0;MOTOR VEHICLE THEFT;;;;;[43.0428255212074, -87.89986112225176];923 E KILBOURN AV
152230084;08/11/2015;02:34 PM;3.0;MOTOR VEHICLE THEFT;;;;;[43.04168945325739, -87.95313150874257];3104 W KILBOURN AV
152220099;08/10/2015;02:11 PM;3.0;MOTOR VEHICLE THEFT;;;;;[43.050283711350914, -87.94881401009889];1506 N 28TH ST
152200036;08/08/2015;04:29 AM;1.0;MOTOR VEHICLE THEFT;;;;;[43.03961276917445, -87.9159859861072];750 N 4TH ST
152200107;08/08/2015;01:56 PM;1.0;MOTOR VEHICLE THEFT;;;;;[43.041790550377975, -87.90679616954264];828 N MILWAUKEE ST
152160105;08/04/2015;04:43 PM;3.0;MOTOR VEHICLE THEFT;;;;;[43.048848692144084, -87.9553840558963];3300 W VLIET ST
152150184;08/03/2015;11:05 PM;3.0;MOTOR VEHICLE THEFT;;;;;[43.03877245441124, -87.94393297446477];2430 W WISCONSIN AV
152430151;08/31/2015;07:27 PM;7.0;MOTOR VEHICLE THEFT;;;;;[43.09893942772217, -88.0199625328928];8536 W RUBY AV
152420138;08/30/2015;05:24 PM;4.0;MOTOR VEHICLE THEFT;;;;;[43.11952346162458, -88.03964152553522];10202 W SILVER SPRING DR
152400006;08/28/2015;12:28 AM;4.0;MOTOR VEHICLE THEFT;;;;;[43.11956558721596, -88.04117286836671];10330 W SILVER SPRING DR
152390174;08/27/2015;11:51 PM;7.0;MOTOR VEHICLE THEFT;;;;;[43.10507048211085, -88.0203015];8620 W HAMPTON AV
152400004;08/27/2015;11:47 PM;4.0;MOTOR VEHICLE THEFT;;;;;[43.11956558721596, -88.04117286836671];10330 W SILVER SPRING DR
152380133;08/26/2015;04:05 PM;4.0;MOTOR VEHICLE THEFT;;;;;[43.11952346162458, -88.03964152553522];10202 W SILVER SPRING DR
152280196;08/24/2015;02:11 AM;4.0;MOTOR VEHICLE THEFT;;;;;[43.11956558721596, -88.04117286836671];10330 W SILVER SPRING DR
152360168;08/24/2015;07:45 PM;4.0;MOTOR VEHICLE THEFT;;;;;[43.11956558721596, -88.04117286836671];10330 W SILVER SPRING DR
152360178;08/24/2015;08:33 PM;4.0;MOTOR VEHICLE THEFT;;;;;[43.11952346162458, -88.03964152553522];10202 W SILVER SPRING DR
152340069;08/22/2015;11:23 AM;7.0;MOTOR VEHICLE THEFT;;;;;[43.09627533527612, -88.02637910646872];4353 N 91ST ST
152340137;08/22/2015;07:04 PM;4.0;MOTOR VEHICLE THEFT;;;;;[43.11956558721596, -88.04117286836671];10330 W SILVER SPRING DR
152320037;08/20/2015;08:03 AM;4.0;MOTOR VEHICLE THEFT;;;;;[43.119837533729545, -88.0556153111832];5601 N LOVERS LANE RD
152320107;08/20/2015;05:21 PM;4.0;MOTOR VEHICLE THEFT;;;;;[43.11952346162458, -88.03964152553522];10202 W SILVER SPRING DR
152310101;08/19/2015;03:16 PM;7.0;MOTOR VEHICLE THEFT;;;;;[43.102067910064136, -88.01626997723473];8329 W COURTLAND AV
152300034;08/18/2015;08:53 AM;7.0;MOTOR VEHICLE THEFT;;;;;[43.08736046185574, -88.03331360975828];9722 W LISBON AV
152300040;08/18/2015;09:25 AM;4.0;MOTOR VEHICLE THEFT;;;;;[43.13293684903903, -88.03127322006483];9580 W FOND DU LAC AV
152300047;08/18/2015;09:44 AM;7.0;MOTOR VEHICLE THEFT;;;;;[43.10185034749221, -88.0171899737239];4598 N 84TH ST
152300051;08/18/2015;09:44 AM;7.0;MOTOR VEHICLE THEFT;;;;;[43.09916674142411, -88.01740075857587];8401 W RUBY AV
152290164;08/17/2015;08:45 PM;4.0;MOTOR VEHICLE THEFT;;;;;[43.11915449956733, -88.04159091618097];10325 W SILVER SPRING DR
152270088;08/15/2015;03:51 PM;7.0;MOTOR VEHICLE THEFT;;;;;[43.0908821873449, -88.02257386078269];4046 N 88TH ST
152260078;08/14/2015;01:20 PM;7.0;MOTOR VEHICLE THEFT;;;;;[43.10492552120741, -88.00892991618096];7719 W HAMPTON AV
152240059;08/12/2015;11:28 AM;7.0;MOTOR VEHICLE THEFT;;;;;[43.077075820705176, -88.01346551009888];3180 N 81ST ST
152240131;08/12/2015;06:57 PM;4.0;MOTOR VEHICLE THEFT;;;;;[43.1047731982501, -88.03762213900576];10003 W HAMPTON AV
152230122;08/11/2015;06:27 PM;4.0;MOTOR VEHICLE THEFT;;;;;[43.136190701915865, -88.04388904097155];6481 N 106TH ST
152280137;08/11/2015;12:56 PM;4.0;MOTOR VEHICLE THEFT;;;;;[43.11472903090336, -88.05555355146765];5338 N LOVERS LANE RD
152220063;08/10/2015;10:36 AM;4.0;MOTOR VEHICLE THEFT;;;;;[43.104797488458814, -88.04155033236194];10319 W HAMPTON AV
152220145;08/10/2015;05:46 PM;7.0;MOTOR VEHICLE THEFT;;;;;[43.086796069969225, -88.02758640738108];3820 N 92ND ST
152210154;08/09/2015;09:21 PM;4.0;MOTOR VEHICLE THEFT;;;;;[43.112932857897164, -88.04555587910455];5236 N 107TH ST
152200038;08/08/2015;03:27 AM;4.0;MOTOR VEHICLE THEFT;;;;;[43.14434441909515, -88.02540768696953];6955 N 91ST ST
152200073;08/08/2015;10:23 AM;7.0;MOTOR VEHICLE THEFT;;;;;[43.09706648845881, -88.01427222300768];8121 W CONGRESS ST
152170035;08/05/2015;07:55 AM;7.0;MOTOR VEHICLE THEFT;;;;;[43.09981353955792, -88.01042598138969];7836 W BECKETT AV
152170041;08/05/2015;08:48 AM;4.0;MOTOR VEHICLE THEFT;;;;;[43.14367251875456, -88.03300300429916];9700 W DEBBIE LA
152160157;08/04/2015;10:02 PM;4.0;MOTOR VEHICLE THEFT;;;;;[43.114014, -88.0558406253675];5305 N LOVERS LANE RD
152150040;08/03/2015;08:15 AM;7.0;MOTOR VEHICLE THEFT;;;;;[43.08814799999999, -88.02258234246082];3908 N 88TH ST
152130047;08/01/2015;08:22 AM;7.0;MOTOR VEHICLE THEFT;;;;;[43.07179572300768, -88.00869763200394];2903 N 77TH ST
152430034;08/31/2015;08:11 AM;5.0;MOTOR VEHICLE THEFT;;;;;[43.08212920042381, -87.91092451732548];3500 N 1ST ST
152430037;08/31/2015;07:59 AM;5.0;MOTOR VEHICLE THEFT;;;;;[43.054522575076476, -87.90967498066853];1834 N PALMER ST
152430038;08/31/2015;06:46 AM;5.0;MOTOR VEHICLE THEFT;;;;;[43.080975052455415, -87.94097536078269];3392 N 23RD ST
152430106;08/31/2015;02:50 PM;5.0;MOTOR VEHICLE THEFT;;;;;[43.056297251457096, -87.9127201392173];1951 N 2ND ST
152430173;08/31/2015;09:38 PM;5.0;MOTOR VEHICLE THEFT;;;;;[43.0831979686364, -87.9234849190665];3570 N 10TH ST
152420079;08/30/2015;10:50 AM;5.0;MOTOR VEHICLE THEFT;;;;;[43.088726650845416, -87.91469763930422];3920 N 4TH ST
152350215;08/29/2015;04:11 AM;5.0;MOTOR VEHICLE THEFT;;;;;[43.08542071717929, -87.897432407958];3770 N HUMBOLDT BL
152410054;08/29/2015;09:52 AM;5.0;MOTOR VEHICLE THEFT;;;;;[43.089081935887805, -87.93573807372015];3959 N 19TH PL #306
152410055;08/29/2015;10:55 AM;5.0;MOTOR VEHICLE THEFT;;;;;[43.08915605245542, -87.9370223496742];3960 N 20TH ST
152400159;08/28/2015;11:20 PM;5.0;MOTOR VEHICLE THEFT;;;;;[43.08415267055227, -87.91305757703836];3709 N 2ND LA
152380029;08/26/2015;06:49 AM;5.0;MOTOR VEHICLE THEFT;;;;;[43.05642332886277, -87.92056290751435];735 W BROWN ST
152380056;08/26/2015;12:21 PM;5.0;MOTOR VEHICLE THEFT;;;;;[43.08320212657959, -87.92161117372625];818 W ATKINSON AV
152380076;08/26/2015;02:34 PM;5.0;MOTOR VEHICLE THEFT;;;;;[43.06958771442825, -87.92989772118624];1400 W HADLEY ST
152380125;08/26/2015;06:36 PM;5.0;MOTOR VEHICLE THEFT;;;;;[43.073076364968415, -87.93190213224581];1555 W CHAMBERS ST
152370001;08/25/2015;12:10 AM;5.0;MOTOR VEHICLE THEFT;;;;;[43.08058707799066, -87.92355488631792];3416 N 10TH ST
152360032;08/24/2015;06:13 AM;5.0;MOTOR VEHICLE THEFT;;;;;[43.07364523931411, -87.93457413186788];1700 W HOPKINS ST
152360047;08/24/2015;07:37 AM;5.0;MOTOR VEHICLE THEFT;;;;;[43.07470652842075, -87.90292366763806];631 E BURLEIGH ST
152360081;08/24/2015;12:43 PM;5.0;MOTOR VEHICLE THEFT;;;;;[43.08018182653356, -87.92725643738835];3358 N 13TH ST
152360086;08/24/2015;01:01 PM;5.0;MOTOR VEHICLE THEFT;;;;;[43.093074703139145, -87.90467550924528];4200 N HOLTON ST
152360118;08/24/2015;04:23 PM;5.0;MOTOR VEHICLE THEFT;;;;;[43.071570335276135, -87.93322813200395];2905 N 16TH ST
152360139;08/24/2015;05:33 PM;5.0;MOTOR VEHICLE THEFT;;;;;[43.0582584970858, -87.90960542627985];2116 N PALMER ST
152360145;08/24/2015;06:08 PM;5.0;MOTOR VEHICLE THEFT;;;;;[43.06873516763807, -87.91255863589909];2751 N 2ND ST
152360197;08/24/2015;11:02 PM;5.0;MOTOR VEHICLE THEFT;;;;;[43.08916851889972, -87.9060000693923];401 E CAPITOL DR
152360204;08/24/2015;11:47 PM;5.0;MOTOR VEHICLE THEFT;;;;;[43.08732886372556, -87.93957161757723];3859 N 22ND ST
152350068;08/23/2015;09:25 AM;5.0;MOTOR VEHICLE THEFT;;;;;[43.05642101721617, -87.92036410590664];721 W BROWN ST
152350107;08/23/2015;01:05 PM;5.0;MOTOR VEHICLE THEFT;;;;;[43.054847161809676, -87.914203907958];1850 N MARTIN L KING JR DR
152350116;08/23/2015;12:35 PM;5.0;MOTOR VEHICLE THEFT;;;;;[43.08026377990652, -87.93852013200394];3365 N 21ST ST
152340105;08/22/2015;03:08 PM;5.0;MOTOR VEHICLE THEFT;;;;;[43.07357703136361, -87.93558957372014];3013 N 18TH ST
152340063;08/21/2015;10:33 AM;5.0;MOTOR VEHICLE THEFT;;;;;[43.075421717179296, -87.91998491517137];3122 N 7TH ST
152320031;08/20/2015;08:12 AM;5.0;MOTOR VEHICLE THEFT;;;;;[43.07082358673321, -87.93561012479059];2855 N 18TH ST
152310011;08/19/2015;01:51 AM;5.0;MOTOR VEHICLE THEFT;;;;;[43.077473077990646, -87.91992392627985];3246 N 7TH ST
152310038;08/19/2015;08:25 AM;1.0;MOTOR VEHICLE THEFT;;;;;[43.05069164480339, -87.91586884797194];1545 N 4TH ST
152300087;08/18/2015;02:41 PM;5.0;MOTOR VEHICLE THEFT;;;;;[43.08938451875455, -87.91121399552793];102 W CAPITOL DR
152300112;08/18/2015;04:52 PM;5.0;MOTOR VEHICLE THEFT;;;;;[43.05920552928613, -87.89686166472387];1100 E GARFIELD AV
152300135;08/18/2015;05:08 PM;5.0;MOTOR VEHICLE THEFT;;;;;[43.076333137973165, -87.91086145611371];3200 N 1ST ST
152290182;08/17/2015;09:15 PM;5.0;MOTOR VEHICLE THEFT;;;;;[43.06614241003738, -87.90769207577029];2624 N RICHARDS ST
152290187;08/17/2015;10:20 PM;5.0;MOTOR VEHICLE THEFT;;;;;[43.067394124178215, -87.90616291176696];427 E CENTER ST
152280057;08/16/2015;07:24 AM;5.0;MOTOR VEHICLE THEFT;;;;;[43.05510647735032, -87.90755305689883];325 E RESERVOIR AV
152260013;08/14/2015;09:32 AM;5.0;MOTOR VEHICLE THEFT;;;;;[43.056756838190324, -87.90680588631791];2010 N BUFFUM ST
152260083;08/14/2015;01:44 PM;5.0;MOTOR VEHICLE THEFT;;;;;[43.07268683819032, -87.93440810646872];2961 N 17TH ST
152250114;08/13/2015;04:46 PM;1.0;MOTOR VEHICLE THEFT;;;;;[43.049288988314586, -87.91438864311245];1407 N MARTIN L KING JR DR
152240022;08/12/2015;04:15 AM;5.0;MOTOR VEHICLE THEFT;;;;;[43.06652027699232, -87.9077816281088];2641 N RICHARDS ST
152230041;08/11/2015;09:43 AM;5.0;MOTOR VEHICLE THEFT;;;;;[43.088353251716896, -87.89898372900895];3885 N HUMBOLDT BL
152230044;08/11/2015;10:21 AM;5.0;MOTOR VEHICLE THEFT;;;;;[43.05940258673323, -87.89928863532216];2221 N WEIL ST
152220027;08/10/2015;03:02 AM;5.0;MOTOR VEHICLE THEFT;;;;;[43.057857477200415, -87.89910232361649];2045 N COMMERCE ST
152220062;08/10/2015;08:52 AM;5.0;MOTOR VEHICLE THEFT;;;;;[43.056756838190324, -87.90680588631791];2010 N BUFFUM ST
152220071;08/10/2015;11:16 AM;5.0;MOTOR VEHICLE THEFT;;;;;[43.069959167638075, -87.91248490795799];2824 N 2ND ST
152210086;08/09/2015;01:21 PM;5.0;MOTOR VEHICLE THEFT;;;;;[43.06033343067862, -87.90597011551807];428 E NORTH AV
152200037;08/08/2015;04:32 AM;5.0;MOTOR VEHICLE THEFT;;;;;[43.07028372300769, -87.90944535356932];2842 N PALMER ST
152200049;08/08/2015;04:22 AM;5.0;MOTOR VEHICLE THEFT;;;;;[43.084656052455415, -87.897454907958];3736 N HUMBOLDT BL
152200145;08/08/2015;05:59 PM;5.0;MOTOR VEHICLE THEFT;;;;;[43.085646, -87.89743338242278];3784 N HUMBOLDT BL
152190024;08/07/2015;03:38 AM;5.0;MOTOR VEHICLE THEFT;;;;;[43.062769511673686, -87.91989031229197];2434 N 7TH ST
152190047;08/07/2015;07:37 AM;5.0;MOTOR VEHICLE THEFT;;;;;[43.0602695323159, -87.91308033527612];211 W NORTH AV
152190163;08/07/2015;09:58 PM;5.0;MOTOR VEHICLE THEFT;;;;;[43.076606489324185, -87.90469297446477];512 E AUER AV
152170080;08/05/2015;01:21 PM;5.0;MOTOR VEHICLE THEFT;;;;;[43.07471851399404, -87.90348166763806];615 E BURLEIGH ST
152160049;08/04/2015;11:13 AM;5.0;MOTOR VEHICLE THEFT;;;;;[43.08935546436587, -87.90686099999999];310 E CAPITOL DR
152160094;08/04/2015;03:39 PM;5.0;MOTOR VEHICLE THEFT;;;;;[43.08132648510701, -87.91139674158823];134 W RANDOLPH ST
152150050;08/03/2015;09:14 AM;5.0;MOTOR VEHICLE THEFT;;;;;[43.076717696087485, -87.92249009261892];3239 N 9TH ST
152150139;08/03/2015;07:03 PM;5.0;MOTOR VEHICLE THEFT;;;;;[43.07478546047074, -87.9062625];400 E BURLEIGH ST
152140009;08/01/2015;12:30 AM;5.0;MOTOR VEHICLE THEFT;;;;;[43.086635329447745, -87.93708437520941];3824 N 20TH ST
152430052;08/31/2015;09:34 AM;7.0;MOTOR VEHICLE THEFT;;;;;[43.07688888481738, -87.95606392296163];3176 N 34TH ST
152430070;08/31/2015;11:29 AM;5.0;MOTOR VEHICLE THEFT;;;;;[43.08091238773156, -87.94585238631792];3382 N 26TH ST
152430087;08/31/2015;01:45 PM;5.0;MOTOR VEHICLE THEFT;;;;;[43.076940539529254, -87.94324391909515];2429 W AUER AV
152420128;08/30/2015;05:34 PM;7.0;MOTOR VEHICLE THEFT;;;;;[43.08242813355879, -87.96233561858772];3909 W KEEFE AV
152410025;08/29/2015;06:17 AM;7.0;MOTOR VEHICLE THEFT;;;;;[43.076312832361936, -87.96980439353128];3150 N 45TH ST
152410027;08/29/2015;07:08 AM;5.0;MOTOR VEHICLE THEFT;;;;;[43.088116263577156, -87.94705742367472];3921 N 27TH ST
152410067;08/29/2015;10:22 AM;7.0;MOTOR VEHICLE THEFT;;;;;[43.08581683236193, -87.96212590074464];3768 N 39TH ST
152410079;08/29/2015;01:56 PM;5.0;MOTOR VEHICLE THEFT;;;;;[43.08807544463039, -87.95069959925536];3923 N 30TH ST
152410128;08/29/2015;07:38 PM;5.0;MOTOR VEHICLE THEFT;;;;;[43.088742419095155, -87.94948812479058];3959 N 29TH ST
152450109;08/29/2015;04:09 PM;7.0;MOTOR VEHICLE THEFT;;;;;[43.08005602553524, -87.96859910646873];3341 N 44TH ST
152400009;08/28/2015;12:53 AM;5.0;MOTOR VEHICLE THEFT;;;;;[43.07435113627446, -87.9435223607827];3046 N 24TH PL
152400040;08/28/2015;07:52 AM;7.0;MOTOR VEHICLE THEFT;;;;;[43.07223499417162, -87.96208494460173];2930 N 39TH ST
152400142;08/28/2015;09:05 PM;7.0;MOTOR VEHICLE THEFT;;;;;[43.09751738773156, -87.96680484246082];4414 N SHERMAN BL
152410001;08/28/2015;12:01 AM;7.0;MOTOR VEHICLE THEFT;;;;;[43.08446913434873, -87.97038440596859];4524 W ROOSEVELT DR
152380083;08/26/2015;03:28 PM;5.0;MOTOR VEHICLE THEFT;;;;;[43.08123599999999, -87.94466962089544];3407 N 25TH ST
152380094;08/26/2015;04:35 PM;7.0;MOTOR VEHICLE THEFT;;;;;[43.098579754371286, -87.96044863200395];4467 N 38TH ST
152370145;08/25/2015;08:26 PM;5.0;MOTOR VEHICLE THEFT;;;;;[43.08786075437129, -87.94357062479058];3879 N 24TH PL
152380006;08/25/2015;11:33 PM;5.0;MOTOR VEHICLE THEFT;;;;;[43.07908049321933, -87.94444980391252];2482 W CONCORDIA AV
152360090;08/24/2015;01:27 PM;5.0;MOTOR VEHICLE THEFT;;;;;[43.07344409919149, -87.94596174974285];3002 N 26TH ST
152360165;08/24/2015;05:15 PM;7.0;MOTOR VEHICLE THEFT;;;;;[43.07609250678069, -87.97198083527613];4631 W CARTER PL
152350031;08/23/2015;03:12 AM;7.0;MOTOR VEHICLE THEFT;;;;;[43.080442187344914, -87.96217336799604];3360 N 39TH ST
152340071;08/22/2015;10:28 AM;7.0;MOTOR VEHICLE THEFT;;;;;[43.0683021618097, -87.9736453607827];2714 N 48TH ST
152320062;08/20/2015;11:36 AM;5.0;MOTOR VEHICLE THEFT;;;;;[43.08918392200934, -87.94827957372014];3979 N 28TH ST
152320084;08/20/2015;11:41 AM;7.0;MOTOR VEHICLE THEFT;;;;;[43.085034282820715, -87.97463059925535];3729 N 49TH ST
152310042;08/19/2015;08:29 AM;7.0;MOTOR VEHICLE THEFT;;;;;[43.07823877990651, -87.95967813315778];3245 N 37TH ST
152310076;08/19/2015;12:39 PM;7.0;MOTOR VEHICLE THEFT;;;;;[43.08095649708582, -87.96313387910455];3384 N 40TH ST
152300078;08/18/2015;02:03 AM;5.0;MOTOR VEHICLE THEFT;;;;;[43.06794749321933, -87.94529058090484];2500 W CENTER ST
152310003;08/18/2015;10:48 PM;5.0;MOTOR VEHICLE THEFT;;;;;[43.07334231755515, -87.94126670153068];2306 W CHAMBERS ST
152290053;08/17/2015;08:44 AM;7.0;MOTOR VEHICLE THEFT;;;;;[43.08296517346645, -87.96548110315051];3519 N 42ND ST
152290118;08/17/2015;02:48 PM;7.0;MOTOR VEHICLE THEFT;;;;;[43.100779514859425, -87.96894283236193];4430 W GLENDALE AV
152280163;08/16/2015;08:12 PM;5.0;MOTOR VEHICLE THEFT;;;;;[43.0776444970858, -87.94344285356932];3228 N 24TH PL
152270076;08/15/2015;01:30 PM;7.0;MOTOR VEHICLE THEFT;;;;;[43.094583115182644, -87.96291807372015];4251 N 40TH ST
152260146;08/14/2015;08:34 PM;7.0;MOTOR VEHICLE THEFT;;;;;[43.09802354593455, -87.96823885501163];4439 N 44TH ST
152250046;08/13/2015;08:28 AM;7.0;MOTOR VEHICLE THEFT;;;;;[43.07584441326679, -87.96436636078269];3128 N 41ST ST
152240003;08/12/2015;12:31 AM;7.0;MOTOR VEHICLE THEFT;;;;;[43.10478449321932, -87.98446298167813];5716 W HAMPTON AV
152230022;08/11/2015;05:01 AM;7.0;MOTOR VEHICLE THEFT;;;;;[43.09231469608747, -87.96718963200395];4129 N SHERMAN BL
152210077;08/09/2015;12:49 PM;7.0;MOTOR VEHICLE THEFT;;;;;[43.081188235490835, -87.96554273549086];4200 W TOWNSEND ST
152360103;08/09/2015;02:43 PM;5.0;MOTOR VEHICLE THEFT;;;;;[43.07627688481736, -87.94347288242277];3154 N 24TH PL
152200079;08/08/2015;10:51 AM;7.0;MOTOR VEHICLE THEFT;;;;;[43.091732673033746, -87.95952388594255];4101 N MONTREAL ST
152200140;08/08/2015;06:16 PM;7.0;MOTOR VEHICLE THEFT;;;;;[43.10715633527613, -87.98136013200394];4925 N 55TH ST
152190076;08/07/2015;12:58 PM;7.0;MOTOR VEHICLE THEFT;;;;;[43.083305717179314, -87.96538290463978];3602 N 42ND ST
152190157;08/07/2015;07:54 PM;5.0;MOTOR VEHICLE THEFT;;;;;[43.08601547155058, -87.94472489742641];3760 N 25TH ST
152180038;08/06/2015;10:19 AM;7.0;MOTOR VEHICLE THEFT;;;;;[43.09981124562873, -87.96806438631792];4536 N 44TH ST
152170086;08/05/2015;02:05 PM;5.0;MOTOR VEHICLE THEFT;;;;;[43.072424696087495, -87.94117063200395];2945 N 23RD ST
152160015;08/04/2015;02:58 AM;7.0;MOTOR VEHICLE THEFT;ALL OTHER LARCENY;;;;[43.075564401528915, -87.96720882420087];3118 N SHERMAN BL
152160108;08/04/2015;04:59 PM;7.0;MOTOR VEHICLE THEFT;;;;;[43.08089787786381, -87.96491995617157];4137 W FOND DU LAC AV
152150007;08/03/2015;12:49 AM;7.0;MOTOR VEHICLE THEFT;;;;;[43.071620631087654, -87.96102530731623];3800 W LOCUST ST
152140082;08/02/2015;03:31 PM;7.0;MOTOR VEHICLE THEFT;;;;;[43.10637232944774, -87.98005539353127];4874 N 54TH ST
152420094;08/30/2015;02:10 PM;2.0;MOTOR VEHICLE THEFT;;;;;[43.00316549321932, -87.95125014210284];2922 W LINCOLN AV
152400049;08/28/2015;09:53 AM;2.0;MOTOR VEHICLE THEFT;;;;;[43.01690055766709, -87.94502884831806];1405 S 25TH ST
152400091;08/28/2015;02:59 PM;2.0;MOTOR VEHICLE THEFT;;;;;[43.01492458673323, -87.9527196025736];1543 S 31ST ST
152390062;08/27/2015;01:07 PM;2.0;MOTOR VEHICLE THEFT;;;;;[43.007922335276135, -87.95671153707642];2023 S 34TH ST
152390116;08/27/2015;05:50 PM;2.0;MOTOR VEHICLE THEFT;;;;;[43.00314248845882, -87.94734333527613];2623 W LINCOLN AV
152390149;08/27/2015;09:09 PM;2.0;MOTOR VEHICLE THEFT;;;;;[43.021738122569516, -87.94226134826471];909 S 23RD ST
152360031;08/24/2015;06:05 AM;2.0;MOTOR VEHICLE THEFT;;;;;[43.02114864188509, -87.94091467025443];2200 W MINERAL ST
152350067;08/23/2015;09:23 AM;2.0;MOTOR VEHICLE THEFT;;;;;[43.01124216180969, -87.95032391517137];1752 S 29TH ST
152340046;08/22/2015;07:49 AM;2.0;MOTOR VEHICLE THEFT;;;;;[43.00667154674261, -87.94429144463038];2415 W BECHER ST
152340064;08/22/2015;10:09 AM;2.0;MOTOR VEHICLE THEFT;;;;;[43.013007419095175, -87.94643755929341];1651 S 26TH ST
152340145;08/22/2015;07:46 PM;2.0;MOTOR VEHICLE THEFT;;;;;[43.022635500432685, -87.94110300874257];2200 W NATIONAL AV
152340153;08/22/2015;08:37 PM;2.0;MOTOR VEHICLE THEFT;;;;;[43.020755916180974, -87.9550749190665];1000 S 33RD ST
152330040;08/21/2015;06:09 AM;2.0;MOTOR VEHICLE THEFT;;;;;[43.00625683236194, -87.95284644460172];2116 S 31ST ST
152320039;08/20/2015;07:01 AM;2.0;MOTOR VEHICLE THEFT;;;;;[43.01241319908623, -87.94830353612814];2727 W MITCHELL ST
152320048;08/20/2015;10:02 AM;2.0;MOTOR VEHICLE THEFT;;;;;[43.012521511541195, -87.94687147446477];2608 W MITCHELL ST
152300081;08/18/2015;02:22 PM;2.0;MOTOR VEHICLE THEFT;;;;;[43.011810922009346, -87.9603595226497];1721 S 37TH ST
152300095;08/18/2015;03:25 PM;2.0;MOTOR VEHICLE THEFT;;;;;[43.00892316902304, -87.94226344070657];1960 S 23RD ST
152290058;08/17/2015;10:42 AM;2.0;MOTOR VEHICLE THEFT;;;;;[43.01696754674262, -87.9412725];2209 W GREENFIELD AV
152280068;08/16/2015;10:50 AM;2.0;MOTOR VEHICLE THEFT;;;;;[43.02052233527613, -87.94502111757723];1023 S 25TH ST
152280199;08/16/2015;11:14 PM;2.0;MOTOR VEHICLE THEFT;;;;;[43.01544675437128, -87.94501802654483];1523 S 25TH ST
152280202;08/16/2015;11:33 PM;2.0;MOTOR VEHICLE THEFT;;;;;[43.02418872992884, -87.9479454630494];2700 W PIERCE ST
152270057;08/15/2015;11:17 AM;2.0;MOTOR VEHICLE THEFT;;;;;[43.0065779337502, -87.95454215510159];3231 W BECHER ST
152270071;08/15/2015;12:43 PM;2.0;MOTOR VEHICLE THEFT;;;;;[43.009505413266794, -87.95035591185312];1936 S 29TH ST
152270004;08/14/2015;11:13 PM;2.0;MOTOR VEHICLE THEFT;;;;;[43.01460058673322, -87.95033810646872];1563 S 29TH ST
152270047;08/14/2015;11:09 PM;2.0;MOTOR VEHICLE THEFT;;;;;[43.015151183869214, -87.95677190956175];3424 W BRANTING LA
152230049;08/11/2015;10:52 AM;2.0;MOTOR VEHICLE THEFT;;;;;[43.01425515047398, -87.93954165047397];2100 W LAPHAM ST
152230067;08/11/2015;12:49 PM;3.0;MOTOR VEHICLE THEFT;;;;;[43.033199644497444, -87.94677271345705];2612 W GREVES ST
152230092;08/11/2015;03:11 PM;2.0;MOTOR VEHICLE THEFT;;;;;[43.019820511541184, -87.96110408381902];3734 W FREDERICA PL
152200104;08/08/2015;01:28 PM;2.0;MOTOR VEHICLE THEFT;;;;;[43.01097313627446, -87.94782243349322];1812 S LAYTON BL
152200105;08/08/2015;01:56 PM;2.0;MOTOR VEHICLE THEFT;;;;;[43.00808438773154, -87.9464438974264];2016 S 26TH ST
152190012;08/07/2015;01:47 AM;2.0;MOTOR VEHICLE THEFT;;;;;[43.00875100582837, -87.94807002264969];1977 S LAYTON BL
152190041;08/07/2015;07:12 AM;2.0;MOTOR VEHICLE THEFT;;;;;[43.01361, -87.94913245181507];1620 S 28TH ST
152190054;08/07/2015;10:30 AM;2.0;MOTOR VEHICLE THEFT;;;;;[43.01038948600598, -87.95094341909515];2912 W BURNHAM ST
152190055;08/07/2015;09:48 AM;2.0;MOTOR VEHICLE THEFT;;;;;[43.01038948600598, -87.95094341909515];2912 W BURNHAM ST
152150055;08/03/2015;10:54 AM;2.0;MOTOR VEHICLE THEFT;;;;;[43.021050517889165, -87.94581266472387];2523 W MINERAL ST
152150058;08/03/2015;11:25 AM;2.0;MOTOR VEHICLE THEFT;;;;;[43.00430285789716, -87.9553764190665];2218 S 33RD ST
152150110;08/03/2015;04:32 PM;2.0;MOTOR VEHICLE THEFT;;;;;[42.99717708964741, -87.95304851543632];2617 S 31ST ST
152150164;08/03/2015;04:31 PM;2.0;MOTOR VEHICLE THEFT;;;;;[43.01364583236193, -87.94497594460172];1618 S 25TH ST
152430178;08/31/2015;07:45 PM;4.0;MOTOR VEHICLE THEFT;;;;;[43.177628641297225, -88.01567364129723];8501 W BROWN DEER RD
152400045;08/28/2015;08:50 AM;4.0;MOTOR VEHICLE THEFT;;;;;[43.128745519331474, -87.98151052553523];5500 W DOUGLAS AV
152400048;08/28/2015;09:33 AM;4.0;MOTOR VEHICLE THEFT;;;;;[43.148550470136946, -88.00214327699231];7335 W GOOD HOPE RD
152400136;08/28/2015;08:21 PM;4.0;MOTOR VEHICLE THEFT;;;;;[43.178016031295606, -88.01063099094726];8110 W BROWN DEER RD
152380025;08/26/2015;06:47 AM;4.0;MOTOR VEHICLE THEFT;;;;;[43.156765204830066, -87.97516157761528];7639 N 51ST BL
152380158;08/26/2015;06:41 PM;4.0;MOTOR VEHICLE THEFT;;;;;[43.115966664723885, -87.97868432413897];5414 N 53RD ST
152370045;08/25/2015;08:19 AM;4.0;MOTOR VEHICLE THEFT;;;;;[43.17456987034576, -88.01188076230295];8629 N SERVITE DR #106
152370121;08/25/2015;06:18 PM;4.0;MOTOR VEHICLE THEFT;;;;;[43.119486818338466, -87.98599465272167];5602 N 60TH ST
152350125;08/23/2015;03:04 PM;4.0;MOTOR VEHICLE THEFT;;;;;[43.123036471579255, -87.99155932944774];6416 W CARMEN AV
152330025;08/21/2015;12:50 AM;4.0;MOTOR VEHICLE THEFT;DESTRUCTION/DAMAGE/VANDALISM OF PROPERTY;;;;[43.177601641331755, -88.0188171539653];8701 W BROWN DEER RD
152320053;08/20/2015;09:26 AM;4.0;MOTOR VEHICLE THEFT;;;;;[43.134268865162376, -88.00595730723185];6401 N 76TH ST
152320116;08/20/2015;06:18 PM;4.0;MOTOR VEHICLE THEFT;;;;;[43.11731618707281, -87.98761786419767];6114 W BIRCH AV
152300039;08/18/2015;09:25 AM;4.0;MOTOR VEHICLE THEFT;;;;;[43.17943504432747, -88.03233262231744];9745 W BEATRICE ST
152300115;08/18/2015;05:20 PM;4.0;MOTOR VEHICLE THEFT;;;;;[43.17798949163186, -88.00744330252755];7800 W BROWN DEER RD
152300151;08/18/2015;09:07 PM;4.0;MOTOR VEHICLE THEFT;;;;;[43.177628641297225, -88.01567364129723];8501 W BROWN DEER RD
152290078;08/17/2015;12:33 PM;4.0;MOTOR VEHICLE THEFT;;;;;[43.180195011945216, -88.03153331969557];8914 N 96TH ST
152280101;08/16/2015;01:40 PM;4.0;MOTOR VEHICLE THEFT;;;;;[43.14177620151184, -88.01311367265838];8154 W BEECHWOOD AV
152260045;08/14/2015;09:13 AM;4.0;MOTOR VEHICLE THEFT;;;;;[43.17250852039933, -88.04510011449015];8511 N 107TH ST
152220068;08/10/2015;10:59 AM;4.0;MOTOR VEHICLE THEFT;;;;;[43.12043927589581, -87.98292256079397];5600 W THURSTON AV
152220085;08/10/2015;12:15 PM;4.0;MOTOR VEHICLE THEFT;;;;;[43.17250852039933, -88.04510011449015];8511 N 107TH ST
152220093;08/10/2015;01:08 PM;4.0;MOTOR VEHICLE THEFT;;;;;[43.11750139520927, -87.99100315269817];5460 N 64TH ST
152200161;08/07/2015;05:55 PM;4.0;MOTOR VEHICLE THEFT;;;;;[43.138043968636396, -88.0055248968495];6610 N 76TH ST
152170058;08/05/2015;10:55 AM;4.0;MOTOR VEHICLE THEFT;;;;;[43.11750139520927, -87.99100315269817];5460 N 64TH ST
152170146;08/05/2015;11:44 AM;4.0;MOTOR VEHICLE THEFT;;;;;[43.18119914654624, -88.03310805597519];8949 N 97TH ST #212
152170157;08/05/2015;08:30 PM;4.0;MOTOR VEHICLE THEFT;;;;;[43.18119914654624, -88.03310805597519];8949 N 97TH ST
152160077;08/04/2015;01:25 PM;4.0;MOTOR VEHICLE THEFT;;;;;[43.11687453398934, -87.96533585100092];5455 N HOPKINS ST
152150044;08/03/2015;08:26 AM;4.0;MOTOR VEHICLE THEFT;;;;;[43.17805722219716, -88.00320382100347];7600 W BROWN DEER RD
152140047;08/02/2015;09:41 AM;4.0;MOTOR VEHICLE THEFT;;;;;[43.181707235052755, -88.00130524126264];7339 W MARINE DR
152140119;08/02/2015;08:32 PM;4.0;MOTOR VEHICLE THEFT;;;;;[43.126977763821984, -87.99085088111644];6018 N 64TH ST
152130103;08/01/2015;05:55 PM;4.0;MOTOR VEHICLE THEFT;;;;;[43.13510731943577, -88.01407307467242];8235 W BRENTWOOD AV
