Incident Number;Date;Time;Police District;Offense 1;Offense 2;Offense 3;Location;Address,
150290085;01/29/2015;02:06 PM;7.0;THEFT FROM MOTOR VEHICLE;;;[43.10560025728549, -87.93410809925535];4857 N 19TH ST
150290159;01/29/2015;10:41 PM;4.0;THEFT OF MOTOR VEHICLE PARTS/ACCESSORIES;;;[43.13024119900166, -87.95845759925535];6163 N 37TH ST
150270156;01/27/2015;10:11 PM;7.0;THEFT FROM MOTOR VEHICLE;;;[43.10823651154121, -87.95249083236193];3126 W FAIRMOUNT AV
150260029;01/26/2015;08:53 AM;4.0;THEFT OF MOTOR VEHICLE PARTS/ACCESSORIES;;;[43.11728069608748, -87.95756863200396];5479 N 36TH ST
150260133;01/26/2015;08:47 PM;5.0;THEFT OF MOTOR VEHICLE PARTS/ACCESSORIES;;;[43.09133467055227, -87.94089913921731];4073 N 23RD ST
150220011;01/22/2015;04:32 AM;5.0;THEFT FROM MOTOR VEHICLE;;;[43.09138780099832, -87.941896430175];4074 N 24TH ST
150220074;01/22/2015;05:49 PM;5.0;THEFT FROM BUILDING;;;[43.099310392412406, -87.93700933815626];4556 N 20TH ST
150210019;01/21/2015;06:09 AM;4.0;THEFT OF MOTOR VEHICLE PARTS/ACCESSORIES;;;[43.14770902553522, -87.96728337852764];7144 N 44TH ST
150210064;01/21/2015;11:14 AM;5.0;THEFT OF MOTOR VEHICLE PARTS/ACCESSORIES;;;[43.093132658895485, -87.93188544460172];4172 N 17TH ST
150210094;01/21/2015;03:01 PM;5.0;THEFT FROM BUILDING;;;[43.09306138190317, -87.92813491185314];4172 N 14TH ST
150190145;01/19/2015;07:25 PM;4.0;THEFT FROM MOTOR VEHICLE;;;[43.11925348600596, -87.9564915];3500 W SILVER SPRING DR
150150008;01/15/2015;01:13 AM;4.0;THEFT FROM BUILDING;;;[43.14255233011156, -87.95677308276103];6865 N DARIEN ST #4
150150023;01/15/2015;07:18 AM;5.0;THEFT OF MOTOR VEHICLE PARTS/ACCESSORIES;;;[43.09566191035259, -87.93050641185313];4330 N 16TH ST
150150042;01/15/2015;10:48 AM;5.0;THEFT OF MOTOR VEHICLE PARTS/ACCESSORIES;;;[43.09636444463038, -87.93190911368208];4365 N 17TH ST
150150077;01/15/2015;02:45 PM;5.0;THEFT FROM MOTOR VEHICLE;;;[43.096589664723865, -87.93183287520941];4374 N 17TH ST
150150125;01/15/2015;08:30 PM;4.0;THEFT FROM BUILDING;;;[43.11391490590919, -87.9501708961274];5301 N TEUTONIA AV
150140105;01/14/2015;06:20 PM;4.0;THEFT FROM MOTOR VEHICLE;;;[43.160162376968444, -87.94714607438186];7835 N GREEN BAY RD
150140115;01/14/2015;06:18 PM;4.0;THEFT FROM BUILDING;;;[43.13457380486482, -87.96586540074465];6400 N 43RD ST
150130021;01/13/2015;08:23 AM;5.0;THEFT OF MOTOR VEHICLE PARTS/ACCESSORIES;;;[43.0903892200935, -87.94084388631792];4026 N 23RD ST
150130037;01/13/2015;10:08 AM;4.0;THEFT FROM MOTOR VEHICLE;THEFT OF MOTOR VEHICLE PARTS/ACCESSORIES;;[43.120873872928065, -87.95869368143964];5677 N 37TH ST
150130046;01/13/2015;11:17 AM;5.0;THEFT FROM MOTOR VEHICLE;;;[43.09339561809682, -87.92818954097154];4187 N 14TH ST
150130104;01/13/2015;05:56 PM;7.0;THEFT FROM BUILDING;;;[43.10957652844942, -87.96656816489582];5075 N SHERMAN BL
150110064;01/11/2015;10:25 PM;5.0;THEFT FROM MOTOR VEHICLE;;;[43.090695220093494, -87.94343389684948];4044 N 24TH PL
150090027;01/09/2015;08:54 AM;5.0;THEFT OF MOTOR VEHICLE PARTS/ACCESSORIES;;;[43.090695220093494, -87.94343389684948];4044 N 24TH PL
150070063;01/07/2015;02:29 PM;5.0;THEFT FROM MOTOR VEHICLE;;;[43.10202994702498, -87.94340567441873];2456 W CORNELL ST
150070077;01/07/2015;04:59 PM;5.0;THEFT OF MOTOR VEHICLE PARTS/ACCESSORIES;;;[43.08982951960866, -87.94096693360511];2300 W CAPITOL DR
150060044;01/06/2015;01:36 PM;7.0;THEFT FROM MOTOR VEHICLE;;;[43.10739930391253, -87.9427553280341];4934 N 24TH PL
150050069;01/05/2015;03:18 PM;5.0;THEFT OF MOTOR VEHICLE PARTS/ACCESSORIES;;;[43.09389832944774, -87.94337587189119];4252 N 24TH PL
150030053;01/03/2015;12:04 PM;4.0;THEFT FROM MOTOR VEHICLE;;;[43.11925348600596, -87.9564915];3500 W SILVER SPRING DR
150020045;01/02/2015;09:26 AM;5.0;THEFT FROM MOTOR VEHICLE;;;[43.09176622009349, -87.94341589684949];4110 N 24TH PL
150020112;01/02/2015;03:21 PM;7.0;THEFT FROM BUILDING;;;[43.10550450678067, -87.97336977407812];4819 W LUSCHER AV
150010121;01/01/2015;04:40 PM;4.0;THEFT OF MOTOR VEHICLE PARTS/ACCESSORIES;;;[43.1156672793995, -87.9636032793995];4100 W CUSTER AV
150290067;01/29/2015;12:04 PM;7.0;THEFT FROM MOTOR VEHICLE;THEFT OF MOTOR VEHICLE PARTS/ACCESSORIES;;[43.07274866472389, -87.97608392627986];2950 N 50TH ST
150290068;01/29/2015;12:11 PM;7.0;THEFT OF MOTOR VEHICLE PARTS/ACCESSORIES;;;[43.08188857366268, -87.9872781074032];3435 N 60TH ST
150280110;01/28/2015;06:14 PM;7.0;THEFT OF MOTOR VEHICLE PARTS/ACCESSORIES;;;[43.07268817929483, -87.99870995325739];2965 N 69TH ST
150280159;01/28/2015;09:55 PM;3.0;THEFT FROM BUILDING;;;[43.0320344995673, -87.99676196295223];6721 W STEVENSON ST
150240063;01/24/2015;10:15 AM;3.0;THEFT FROM MOTOR VEHICLE;;;[43.03404891618098, -88.00605163200395];301 N 75TH ST #4
143520009;01/23/2015;04:27 AM;7.0;THEFT FROM BUILDING;;;[43.07427886372554, -87.9820516392173];3035 N 55TH ST
150220027;01/22/2015;10:40 AM;7.0;THEFT OF MOTOR VEHICLE PARTS/ACCESSORIES;;;[43.085438832361945, -88.00716436799604];3742 N 76TH ST
150220036;01/22/2015;11:11 AM;3.0;THEFT FROM BUILDING;;;[43.04083771412088, -87.98290034176833];920 N HAWLEY RD #300
150220064;01/22/2015;03:12 PM;7.0;THEFT OF MOTOR VEHICLE PARTS/ACCESSORIES;;;[43.07189521455357, -87.98827327739635];6050 W APPLETON AV
150210077;01/21/2015;12:19 PM;7.0;THEFT OF MOTOR VEHICLE PARTS/ACCESSORIES;;;[43.06839760357952, -87.98561553290538];5815 W APPLETON AV
150210109;01/21/2015;03:21 PM;3.0;THEFT FROM BUILDING;;;[43.034984360811364, -87.96274391517136];404 N 39TH ST
150200024;01/20/2015;08:56 AM;3.0;THEFT FROM MOTOR VEHICLE;;;[43.05302248600597, -87.97717341618096];5036 W WASHINGTON BL
150200143;01/20/2015;08:06 PM;7.0;THEFT FROM BUILDING;;;[43.07474422644149, -88.0001661240981];7101 W LISBON AV
150150027;01/15/2015;07:49 AM;3.0;THEFT OF MOTOR VEHICLE PARTS/ACCESSORIES;;;[43.03424017929484, -87.96396399567216];318 N 40TH ST
150150059;01/15/2015;12:53 PM;3.0;THEFT OF MOTOR VEHICLE PARTS/ACCESSORIES;;;[43.03131449956733, -87.9940125];6507 W FAIRVIEW AV
150150073;01/15/2015;02:31 PM;3.0;THEFT FROM MOTOR VEHICLE;;;[43.06528816763807, -87.98751810257359];2547 N 60TH ST
150140046;01/14/2015;10:01 AM;3.0;THEFT FROM MOTOR VEHICLE;;;[43.068035495672184, -87.989364];6131 W CENTER ST
150140070;01/14/2015;02:07 PM;3.0;THEFT FROM BUILDING;;;[43.06392072191116, -87.97938657395129];5230 W LISBON AV
150150001;01/14/2015;11:25 PM;7.0;THEFT FROM MOTOR VEHICLE;;;[43.074410481245444, -87.99355252553522];6521 W MOLTKE AV
150130048;01/13/2015;11:37 AM;3.0;THEFT OF MOTOR VEHICLE PARTS/ACCESSORIES;;;[43.04589580917459, -87.97146445657425];4607 W JUNEAU AV
150090052;01/09/2015;01:56 PM;7.0;THEFT OF MOTOR VEHICLE PARTS/ACCESSORIES;;;[43.068565812106826, -87.98561355785111];5816 W APPLETON AV
150060015;01/06/2015;07:55 AM;7.0;THEFT FROM MOTOR VEHICLE;;;[43.067553809336886, -87.98974863142702];2681 N 62ND ST
150060022;01/06/2015;09:52 AM;3.0;THEFT OF MOTOR VEHICLE PARTS/ACCESSORIES;;;[43.056532791563285, -87.98087794604402];2025 N 54TH ST
150060054;01/06/2015;02:38 PM;3.0;THEFT OF MOTOR VEHICLE PARTS/ACCESSORIES;;;[43.035513233971955, -87.96413141329543];429 N 40TH ST
150060064;01/06/2015;03:15 PM;7.0;THEFT FROM MOTOR VEHICLE;;;[43.0898685212074, -88.00036183236193];7027 W CAPITOL DR
150050111;01/05/2015;06:29 PM;3.0;THEFT FROM BUILDING;;;[43.03583855272816, -88.01436189312233];8103 W BLUE MOUND RD
150050126;01/05/2015;11:37 PM;3.0;THEFT FROM BUILDING;;;[43.03664646768412, -87.98143461226844];5410 W BLUE MOUND RD #LWR
150030041;01/03/2015;09:32 AM;3.0;THEFT FROM MOTOR VEHICLE;;;[43.06684441326678, -87.98096588631792];2632 N 54TH ST
150030085;01/03/2015;02:51 PM;3.0;THEFT FROM BUILDING;;;[43.030664832361936, -88.00979236799604];132 S 78TH ST
150310046;01/31/2015;10:51 AM;6.0;THEFT FROM BUILDING;;;[42.988285521207395, -87.99407983236193];6441 W OKLAHOMA AV #LWR
150310122;01/31/2015;09:18 PM;6.0;THEFT OF MOTOR VEHICLE PARTS/ACCESSORIES;;;[42.98474646681874, -87.98210257660567];5411 W OHIO AV
150280054;01/28/2015;12:15 PM;6.0;THEFT FROM BUILDING;;;[42.98812848009162, -88.02374302553523];8821 W OKLAHOMA AV
150270069;01/27/2015;12:43 PM;6.0;THEFT FROM MOTOR VEHICLE;;;[42.98384791272852, -87.94812609430417];3354 S 27TH ST
150260068;01/26/2015;12:02 PM;6.0;THEFT FROM MOTOR VEHICLE;;;[42.98851152264969, -87.97883399999999];5200 W OKLAHOMA AV
150250077;01/25/2015;02:37 PM;6.0;THEFT FROM BUILDING;;;[42.99678774271453, -87.99747294460172];2626 S 68TH ST
150240080;01/24/2015;11:41 AM;6.0;THEFT FROM BUILDING;;;[42.975017785134916, -88.00919385622329];4058 S 77TH ST #3
150190035;01/19/2015;09:15 AM;6.0;THEFT FROM MOTOR VEHICLE;;;[42.9833139067815, -87.94464036078374];3345 S 24TH ST
150190113;01/19/2015;05:09 PM;6.0;THEFT FROM MOTOR VEHICLE;;;[42.9843471534998, -87.97585573731882];4914 W FOREST HOME AV
150160039;01/16/2015;09:45 AM;6.0;THEFT FROM MOTOR VEHICLE;;;[42.973926533985505, -87.99469301474583];6510 W HOWARD AV
150150066;01/15/2015;12:56 PM;6.0;THEFT FROM BUILDING;;;[42.98489091248832, -87.94843751889785];3355 S 27TH ST
150130020;01/13/2015;08:17 AM;6.0;THEFT FROM MOTOR VEHICLE;;;[42.98939119900166, -87.98026397013695];3040 S 53RD ST
150120078;01/12/2015;02:12 PM;6.0;THEFT FROM BUILDING;;;[42.98489091248832, -87.94843751889785];3355 S 27TH ST
150070072;01/06/2015;04:54 PM;6.0;THEFT FROM BUILDING;;;[42.993530245080464, -87.98062467718869];2800 S 53RD ST
150050058;01/05/2015;02:12 PM;6.0;THEFT OF MOTOR VEHICLE PARTS/ACCESSORIES;;;[42.973754529863065, -88.01876266763806];8430 W HOWARD AV
150050115;01/05/2015;09:45 PM;6.0;THEFT FROM MOTOR VEHICLE;;;[42.97733550678068, -88.00634139494491];7441 W WEDGEWOOD DR
150310051;01/31/2015;11:39 AM;2.0;THEFT FROM MOTOR VEHICLE;;;[43.017786, -87.93941342627986];1314 S 21ST ST
150300070;01/30/2015;12:45 PM;3.0;THEFT FROM BUILDING;;;[43.031347478792604, -87.91679017450564];400 W CANAL ST
150300099;01/30/2015;06:30 PM;2.0;THEFT FROM BUILDING;;;[43.022879512695035, -87.93621351985107];1818 W NATIONAL AV
150300123;01/30/2015;08:36 PM;2.0;THEFT OF MOTOR VEHICLE PARTS/ACCESSORIES;;;[43.01700651067582, -87.91845333527613];615 W GREENFIELD AV
150290081;01/29/2015;12:09 PM;2.0;THEFT FROM BUILDING;;;[43.00790445045877, -87.92969104818492];2013 S 14TH ST
150290086;01/29/2015;02:06 PM;2.0;THEFT OF MOTOR VEHICLE PARTS/ACCESSORIES;;;[43.01517538190316, -87.92793347013695];1534 S 13TH ST
150280039;01/28/2015;10:40 AM;2.0;THEFT OF MOTOR VEHICLE PARTS/ACCESSORIES;;;[43.011667251520635, -87.91389582151288];1750 S 3RD ST
150270024;01/27/2015;07:43 AM;2.0;THEFT OF MOTOR VEHICLE PARTS/ACCESSORIES;;;[43.00021867055224, -87.91888055539827];2461 S 6TH ST
150250044;01/25/2015;09:19 AM;2.0;THEFT FROM MOTOR VEHICLE;;;[43.01820000000001, -87.93941342627986];1236 S 21ST ST
150250044;01/25/2015;09:19 AM;2.0;THEFT OF MOTOR VEHICLE PARTS/ACCESSORIES;;;[43.01820000000001, -87.93941342627986];1236 S 21ST ST
150230060;01/23/2015;09:24 AM;2.0;THEFT OF MOTOR VEHICLE PARTS/ACCESSORIES;;;[43.02118546104766, -87.92822322300768];1210 W MINERAL ST
150230083;01/23/2015;04:18 PM;1.0;THEFT OF MOTOR VEHICLE PARTS/ACCESSORIES;;;[43.04200000000003, -87.90686999999997];368 S DAVIDSON ST
150230133;01/23/2015;12:36 PM;2.0;THEFT OF MOTOR VEHICLE PARTS/ACCESSORIES;;;[43.01232448600598, -87.92211133236194];822 W HISTORIC MITCHELL ST
150210102;01/21/2015;04:15 PM;2.0;THEFT OF MOTOR VEHICLE PARTS/ACCESSORIES;;;[43.00858780099833, -87.92699448456368];1974 S 12TH ST
150190013;01/19/2015;01:52 AM;2.0;THEFT FROM BUILDING;;;[43.01282022598838, -87.92555991129542];1663 S 11TH ST
150190127;01/19/2015;06:01 PM;2.0;THEFT FROM BUILDING;;;[43.01099550678068, -87.92676352553522];1139 W MAPLE ST
150180079;01/18/2015;02:18 PM;2.0;THEFT OF MOTOR VEHICLE PARTS/ACCESSORIES;;;[43.02290252842077, -87.93486863336027];1717 W NATIONAL AV
150180083;01/18/2015;03:14 PM;2.0;THEFT OF MOTOR VEHICLE PARTS/ACCESSORIES;;;[43.00046916180969, -87.92118241185312];2434 S 8TH ST
150180098;01/18/2015;02:55 PM;2.0;THEFT FROM MOTOR VEHICLE;;;[43.017039511541185, -87.93895066763807];2026 W GREENFIELD AV
150170096;01/17/2015;06:42 PM;2.0;THEFT FROM MOTOR VEHICLE;;;[43.0231618380315, -87.91198511398463];135 W NATIONAL AV
150160034;01/16/2015;08:26 AM;2.0;THEFT OF MOTOR VEHICLE PARTS/ACCESSORIES;;;[43.01574283236195, -87.9111564551333];1500 S 1ST ST
150160138;01/16/2015;07:56 PM;2.0;THEFT FROM MOTOR VEHICLE;;;[43.02171899999999, -87.91684294070657];914 S 5TH ST
150160158;01/16/2015;11:10 PM;2.0;THEFT FROM MOTOR VEHICLE;;;[43.023015981615984, -87.90974737782183];812 S BARCLAY ST
150140099;01/14/2015;05:41 PM;1.0;THEFT FROM MOTOR VEHICLE;;;[43.029702000000015, -87.9096249190665];158 S BARCLAY ST
150130071;01/13/2015;02:36 PM;2.0;THEFT OF MOTOR VEHICLE PARTS/ACCESSORIES;;;[43.02416752510255, -87.93916166472387];2031 W PIERCE ST
150130093;01/13/2015;05:07 PM;2.0;THEFT FROM MOTOR VEHICLE;;;[43.02210591538816, -87.93219587409465];1567 W WALKER ST
150120104;01/12/2015;05:33 PM;2.0;THEFT FROM MOTOR VEHICLE;;;[43.024747285590664, -87.91681390795799];626 S 5TH ST
150120131;01/12/2015;08:03 PM;2.0;THEFT FROM MOTOR VEHICLE;;;[43.01693384593097, -87.9256066100493];1115 W GREENFIELD AV
150110011;01/11/2015;03:19 AM;2.0;THEFT OF MOTOR VEHICLE PARTS/ACCESSORIES;;;[43.02122227588488, -87.91089038713305];126 E MINERAL ST
150110050;01/11/2015;01:25 PM;2.0;THEFT OF MOTOR VEHICLE PARTS/ACCESSORIES;;;[43.01820000000001, -87.93181493738835];1236 S 15TH PL
150110055;01/11/2015;12:39 PM;2.0;THEFT OF MOTOR VEHICLE PARTS/ACCESSORIES;;;[43.006858407438415, -87.93434497403209];2066 S 17TH ST
150110061;01/11/2015;02:54 PM;2.0;THEFT FROM BUILDING;DESTRUCTION/DAMAGE/VANDALISM OF PROPERTY;;[43.01693384593097, -87.9256066100493];1115 W GREENFIELD AV
150090017;01/09/2015;06:18 AM;2.0;THEFT OF MOTOR VEHICLE PARTS/ACCESSORIES;;;[43.01701547013696, -87.93025127699232];1431 W GREENFIELD AV
150080044;01/08/2015;03:31 PM;2.0;THEFT FROM BUILDING;;;[43.01693384593097, -87.9256066100493];1115 W GREENFIELD AV
150080055;01/08/2015;06:38 PM;2.0;THEFT FROM MOTOR VEHICLE;THEFT OF MOTOR VEHICLE PARTS/ACCESSORIES;;[43.021377, -87.91261289742641];926 S 2ND ST
150080060;01/08/2015;06:42 PM;2.0;THEFT OF MOTOR VEHICLE PARTS/ACCESSORIES;;;[43.01348199556893, -87.91682734835355];1621 S 5TH ST
150070023;01/07/2015;09:57 AM;2.0;THEFT OF MOTOR VEHICLE PARTS/ACCESSORIES;;;[43.00403845158396, -87.92896310701698];1324 W WINDLAKE AV
150070037;01/07/2015;11:01 AM;2.0;THEFT OF MOTOR VEHICLE PARTS/ACCESSORIES;;;[43.012322474897466, -87.93442308090484];1700 W MITCHELL ST
150070044;01/07/2015;11:17 AM;2.0;THEFT FROM BUILDING;;;[43.016401508742575, -87.92540748268775];1425 S 11TH ST
150060024;01/06/2015;09:07 AM;2.0;THEFT FROM BUILDING;;;[43.016291664723866, -87.91534645181508];1430 S 4TH ST
150060131;01/06/2015;10:53 PM;2.0;THEFT OF MOTOR VEHICLE PARTS/ACCESSORIES;;;[43.00908266472388, -87.91993593349322];1946 S 7TH ST
150050078;01/05/2015;04:35 PM;2.0;THEFT OF MOTOR VEHICLE PARTS/ACCESSORIES;;;[43.00939017346644, -87.93672801154119];1935 S 19TH ST
150050082;01/05/2015;03:50 PM;2.0;THEFT FROM MOTOR VEHICLE;;;[43.018139067468006, -87.92302608298426];920 W MADISON ST
150040077;01/04/2015;05:46 PM;2.0;THEFT FROM MOTOR VEHICLE;;;[43.008453511541205, -87.93772166472387];1930 W ROGERS ST #LWR
150030084;01/03/2015;03:51 PM;2.0;THEFT FROM BUILDING;;;[43.01303559256161, -87.91855151543632];1651 S 6TH ST
150020067;01/02/2015;12:19 PM;2.0;THEFT FROM BUILDING;;;[43.02299636081136, -87.91267955539827];801 S 2ND ST
150020079;01/02/2015;12:21 PM;2.0;THEFT FROM BUILDING;;;[43.00992932390784, -87.92217144950648];828 W WINDLAKE AV #3
150020113;01/02/2015;05:15 PM;2.0;THEFT FROM MOTOR VEHICLE;;;[43.002837546742626, -87.92193200291419];821 W LINCOLN AV
150300100;01/30/2015;06:30 PM;2.0;THEFT OF MOTOR VEHICLE PARTS/ACCESSORIES;;;[43.00294553058513, -87.93605113780367];1817 W LINCOLN AV
150290078;01/29/2015;01:04 PM;6.0;THEFT FROM MOTOR VEHICLE;;;[42.98562657951987, -87.93384059608044];3237 S 16TH ST
150290138;01/29/2015;07:42 PM;6.0;THEFT FROM BUILDING;;;[42.93127854674262, -87.93992169317329];2011 W ALVINA AV
150280144;01/28/2015;08:10 PM;6.0;THEFT FROM MOTOR VEHICLE;;;[42.93042547388691, -87.93931994575837];1500 W COLLEGE AV
150270032;01/27/2015;08:23 AM;6.0;THEFT FROM MOTOR VEHICLE;;;[42.93017050856617, -87.93856735054217];1801 W COLLEGE AV
150270059;01/27/2015;09:39 AM;6.0;THEFT FROM MOTOR VEHICLE;;;[42.98013, -87.91796854818492];3541 S 5TH PL
150260070;01/26/2015;11:10 AM;6.0;THEFT FROM BUILDING;;;[42.98036374854291, -87.93386447013695];3530 S 16TH ST
150250119;01/25/2015;07:48 PM;6.0;THEFT OF MOTOR VEHICLE PARTS/ACCESSORIES;;;[42.986105413266785, -87.94451393738835];3218 S 24TH ST
150250122;01/25/2015;05:45 PM;6.0;THEFT FROM BUILDING;;;[42.93318845517774, -87.91968103508366];6160 S 6TH ST #42
150240092;01/24/2015;01:18 PM;6.0;THEFT OF MOTOR VEHICLE PARTS/ACCESSORIES;;;[42.949739434564286, -87.92929754077545];5224 S 13TH ST
150220013;01/22/2015;07:15 AM;6.0;THEFT FROM MOTOR VEHICLE;;;[42.98103954674261, -87.92555327699232];1007 W MORGAN AV
150220049;01/22/2015;10:41 AM;6.0;THEFT FROM MOTOR VEHICLE;;;[42.93289364250689, -87.93136579228441];6153 S AVALON ST
150210025;01/21/2015;08:35 AM;6.0;THEFT OF MOTOR VEHICLE PARTS/ACCESSORIES;;;[42.93466754616571, -87.91597349999999];401 W BODEN ST
150210052;01/21/2015;10:52 AM;6.0;THEFT FROM BUILDING;;;[42.93337469608747, -87.9337600010096];6121 S 15TH PL
150210115;01/21/2015;06:05 PM;6.0;THEFT FROM BUILDING;;;[42.987824549541244, -87.94812551009889];3120 S 27TH ST
150200016;01/20/2015;07:29 AM;6.0;THEFT OF MOTOR VEHICLE PARTS/ACCESSORIES;;;[42.953274502914184, -87.91366444791994];5018 S 2ND ST
150200035;01/20/2015;09:54 AM;6.0;THEFT FROM MOTOR VEHICLE;;;[42.961716419095154, -87.89842000822297];4545 S LENOX ST
150190045;01/19/2015;10:25 AM;6.0;THEFT FROM MOTOR VEHICLE;;;[42.96618827699231, -87.89840951543633];4307 S LENOX ST
150190046;01/19/2015;10:32 AM;6.0;THEFT FROM MOTOR VEHICLE;;;[42.96503683236193, -87.89834244460172];4364 S LENOX ST
150180045;01/18/2015;08:09 AM;6.0;THEFT OF MOTOR VEHICLE PARTS/ACCESSORIES;;;[42.981256155803315, -87.94092072711524];2156 W MORGAN AV
150180094;01/18/2015;02:35 PM;6.0;THEFT FROM MOTOR VEHICLE;;;[42.93483809351391, -87.94758819360598];2539 W BRIDGE ST
150170048;01/17/2015;08:36 AM;6.0;THEFT FROM MOTOR VEHICLE;;;[42.962967723007694, -87.89958295181508];4472 S PINE AV
150170084;01/17/2015;04:36 PM;6.0;THEFT OF MOTOR VEHICLE PARTS/ACCESSORIES;;;[42.950825342239725, -87.93405509738632];1651 W EDGERTON AV #N
150160106;01/16/2015;05:21 PM;6.0;THEFT OF MOTOR VEHICLE PARTS/ACCESSORIES;;;[42.98837153952925, -87.93761377990651];1909 W OKLAHOMA AV
150140025;01/14/2015;07:55 AM;6.0;THEFT FROM MOTOR VEHICLE;;;[42.939965568122894, -87.96257372548918];3735 W BIRCHWOOD AV
150140050;01/14/2015;10:40 AM;6.0;THEFT FROM BUILDING;;;[42.98129023246343, -87.94356358127571];2306 W MORGAN AV
150130025;01/13/2015;09:02 AM;6.0;THEFT FROM BUILDING;;;[42.94124445657562, -87.94707283236194];2546 W PARNELL AV
150120049;01/12/2015;11:16 AM;6.0;THEFT OF MOTOR VEHICLE PARTS/ACCESSORIES;;;[42.98624969608747, -87.94238952986305];3209 S 22ND ST
150120103;01/12/2015;04:00 PM;6.0;THEFT FROM BUILDING;;;[42.92622961809684, -87.93046145498815];6541 S 13TH ST
150120106;01/12/2015;05:37 PM;6.0;THEFT OF MOTOR VEHICLE PARTS/ACCESSORIES;;;[42.98296329964036, -87.93163838748399];1500 W HOLT AV
150120158;01/12/2015;11:33 PM;6.0;THEFT FROM MOTOR VEHICLE;;;[42.93750952368889, -87.90949644737262];5890 S HOWELL AV
150160049;01/12/2015;01:19 PM;6.0;THEFT FROM BUILDING;;;[42.96569912213621, -87.94187492004744];4334 S TENNESSEE AV
150090039;01/09/2015;11:47 AM;6.0;THEFT OF MOTOR VEHICLE PARTS/ACCESSORIES;;;[42.938503658895485, -87.94903303895232];5848 S 27TH ST
150090057;01/09/2015;02:34 PM;6.0;THEFT OF MOTOR VEHICLE PARTS/ACCESSORIES;;;[42.98839754342441, -87.93937311226844];2025 W OKLAHOMA AV
150060009;01/06/2015;04:12 AM;6.0;THEFT OF MOTOR VEHICLE PARTS/ACCESSORIES;;;[42.986105413266785, -87.94451393738835];3218 S 24TH ST
150060060;01/06/2015;02:24 PM;6.0;THEFT FROM BUILDING;;;[42.960886174880095, -87.94375583184234];4575 S 23RD ST
150310104;01/31/2015;06:45 PM;6.0;THEFT FROM MOTOR VEHICLE;;;[42.98423425145711, -87.9192080809335];3317 S 6TH ST
150300052;01/30/2015;09:58 AM;6.0;THEFT FROM BUILDING;;;[42.98832550822297, -87.9196905];620 W OKLAHOMA AV
150300101;01/30/2015;06:38 PM;2.0;THEFT OF MOTOR VEHICLE PARTS/ACCESSORIES;;;[42.99744578561345, -87.9169590614145];2604 S 5TH ST
150290047;01/29/2015;08:58 AM;6.0;THEFT FROM MOTOR VEHICLE;;;[43.00255737272791, -87.90398786987103];2301 S KINNICKINNIC AV
150290103;01/29/2015;04:15 PM;6.0;THEFT FROM MOTOR VEHICLE;;;[42.99245941326677, -87.92619541185313];2852 S 11TH ST
150270045;01/27/2015;07:20 AM;6.0;THEFT OF MOTOR VEHICLE PARTS/ACCESSORIES;;;[42.986123832361926, -87.89928647013694];3214 S PINE AV
150250037;01/25/2015;09:18 AM;2.0;THEFT FROM MOTOR VEHICLE;;;[43.002815651542036, -87.91872415154204];2300 S 6TH ST
150240154;01/24/2015;08:31 PM;6.0;THEFT OF MOTOR VEHICLE PARTS/ACCESSORIES;;;[42.988112474897484, -87.8748499859773];2728 E OKLAHOMA AV
150230002;01/23/2015;12:27 AM;6.0;THEFT OF MOTOR VEHICLE PARTS/ACCESSORIES;;;[43.00366319706842, -87.90600801843743];2220 S ROBINSON AV
150230037;01/23/2015;09:56 AM;6.0;THEFT OF MOTOR VEHICLE PARTS/ACCESSORIES;;;[43.001824493219324, -87.8978115];904 E LINUS ST
150230061;01/23/2015;02:00 PM;6.0;THEFT FROM BUILDING;;;[42.998458223411724, -87.90053711451881];2549 S KINNICKINNIC AV
150180067;01/18/2015;12:15 PM;2.0;THEFT FROM MOTOR VEHICLE;;;[42.99532283819033, -87.92737856650677];2705 S 12TH ST
150160093;01/16/2015;04:36 PM;6.0;THEFT FROM MOTOR VEHICLE;THEFT OF MOTOR VEHICLE PARTS/ACCESSORIES;;[42.99233549956732, -87.89469316763807];1127 E DAKOTA ST
150150107;01/15/2015;06:43 PM;6.0;THEFT FROM BUILDING;;;[42.98916628282072, -87.92882051543633];3045 S 13TH ST
150140072;01/14/2015;02:26 PM;6.0;THEFT OF MOTOR VEHICLE PARTS/ACCESSORIES;;;[42.98931933527612, -87.93015154097155];3037 S 14TH ST
150140119;01/14/2015;07:30 PM;6.0;THEFT FROM MOTOR VEHICLE;;;[43.002839863798265, -87.90345494866469];435 E LINCOLN AV
150130047;01/13/2015;09:50 AM;6.0;THEFT FROM BUILDING;;;[42.99052452844941, -87.88718002596791];2871 S ELLEN ST #LOWER
150090007;01/09/2015;02:14 AM;6.0;THEFT OF MOTOR VEHICLE PARTS/ACCESSORIES;;;[42.9919524676841, -87.92976205536961];1332 W DAKOTA ST
150090055;01/09/2015;12:41 PM;6.0;THEFT OF MOTOR VEHICLE PARTS/ACCESSORIES;;;[42.98671883819031, -87.92519907372014];3167 S 10TH ST
150060012;01/06/2015;06:45 AM;6.0;THEFT OF MOTOR VEHICLE PARTS/ACCESSORIES;;;[42.98210924562872, -87.92520443738836];3430 S 10TH ST
150060026;01/06/2015;10:17 AM;2.0;THEFT FROM MOTOR VEHICLE;;;[43.00920852844942, -87.90287909261892];1919 S MARINA DR
150050026;01/05/2015;07:13 AM;6.0;THEFT OF MOTOR VEHICLE PARTS/ACCESSORIES;;;[43.00177451543633, -87.90287441909516];510 E LINUS ST
150040106;01/04/2015;10:17 PM;2.0;THEFT OF MOTOR VEHICLE PARTS/ACCESSORIES;;;[43.00519664501704, -87.91129757213267];2157 S 1ST ST
150030046;01/03/2015;10:28 AM;6.0;THEFT FROM MOTOR VEHICLE;;;[42.98247351875455, -87.90362083236194];466 E HOLT AV
150020055;01/02/2015;11:05 AM;6.0;THEFT OF MOTOR VEHICLE PARTS/ACCESSORIES;;;[42.99287388481736, -87.92866498066853];2830 S 13TH ST
150020103;01/02/2015;04:28 PM;6.0;THEFT FROM BUILDING;;;[42.98249411023394, -87.9135901237979];250 W HOLT AV
150310082;01/31/2015;01:23 PM;5.0;THEFT FROM BUILDING;;;[43.07093113627445, -87.94976288631791];2852 N 29TH ST
150300049;01/30/2015;10:02 AM;3.0;THEFT OF MOTOR VEHICLE PARTS/ACCESSORIES;;;[43.048580464942816, -87.9275335194757];1220 W VLIET ST
150270004;01/27/2015;01:00 AM;3.0;THEFT OF MOTOR VEHICLE PARTS/ACCESSORIES;;;[43.05726799417161, -87.9551244190665];2034 N 33RD ST
150270097;01/27/2015;04:31 PM;7.0;THEFT FROM BUILDING;;;[43.06880741909515, -87.96219013200395];2739 N 39TH ST
150260074;01/26/2015;02:31 PM;3.0;THEFT FROM BUILDING;;;[43.048824194346295, -87.95858388339222];3532 W VLIET ST
150260104;01/26/2015;06:03 PM;3.0;THEFT FROM MOTOR VEHICLE;;;[43.06055749437316, -87.9395815528012];2100 W NORTH AV
150250043;01/25/2015;10:09 AM;3.0;THEFT FROM BUILDING;;;[43.06644883236194, -87.94364288631792];2614 N 24TH PL
150240051;01/24/2015;08:14 AM;3.0;THEFT OF MOTOR VEHICLE PARTS/ACCESSORIES;;;[43.06226046768411, -87.93530958090484];1800 W MEINECKE AV
150230010;01/23/2015;01:47 AM;3.0;THEFT FROM MOTOR VEHICLE;;;[43.06789178122237, -87.97383380423342];4807 W CENTER ST
150220044;01/22/2015;10:29 AM;3.0;THEFT FROM BUILDING;;;[43.060560520630474, -87.94816102553523];2727 W NORTH AV
150220100;01/22/2015;08:52 PM;3.0;THEFT FROM MOTOR VEHICLE;;;[43.06009550291418, -87.96466063200396];2239 N 41ST ST
150210101;01/21/2015;04:10 PM;3.0;THEFT FROM BUILDING;;;[43.06407953952927, -87.93543077699232];1809 W WRIGHT ST
150210108;01/21/2015;04:46 PM;3.0;THEFT FROM MOTOR VEHICLE;;;[43.05330449321932, -87.9617607485429];3802 W ROBERTS ST
150210120;01/21/2015;05:19 PM;3.0;THEFT FROM MOTOR VEHICLE;;;[43.060932838190325, -87.96770157372015];2311 N SHERMAN BL
150180013;01/18/2015;02:01 AM;3.0;THEFT OF MOTOR VEHICLE PARTS/ACCESSORIES;;;[43.06689, -87.95620387910455];2634 N 34TH ST
150170008;01/17/2015;12:29 AM;3.0;THEFT FROM BUILDING;;;[43.05964500000002, -87.9674458968495];2216 N SHERMAN BL
150170098;01/17/2015;06:56 PM;3.0;THEFT OF MOTOR VEHICLE PARTS/ACCESSORIES;;;[43.06162444463038, -87.93633912479058];2351 N 19TH ST
150160054;01/16/2015;12:02 PM;3.0;THEFT FROM MOTOR VEHICLE;;;[43.06112525606182, -87.93873335162003];2332 N 21ST ST
150160067;01/16/2015;01:48 PM;3.0;THEFT OF MOTOR VEHICLE PARTS/ACCESSORIES;;;[43.05720600000001, -87.95878910646873];2035 N 36TH ST
150160071;01/16/2015;09:57 AM;3.0;THEFT FROM BUILDING;;;[43.06762047902375, -87.94769245770078];2727 W FOND DU LAC AV
150150149;01/15/2015;06:29 PM;7.0;THEFT FROM BUILDING;;;[43.06891541909516, -87.96219110646872];2745 N 39TH ST
150140033;01/14/2015;09:31 AM;3.0;THEFT OF MOTOR VEHICLE PARTS/ACCESSORIES;;;[43.064378664723876, -87.95622434635597];2500 N 34TH ST
150140043;01/14/2015;11:02 AM;3.0;THEFT OF MOTOR VEHICLE PARTS/ACCESSORIES;;;[43.06539541326677, -87.93869386078269];2556 N 21ST ST
150140090;01/14/2015;05:10 PM;3.0;THEFT FROM BUILDING;;;[43.0604395199084, -87.92925372300768];1350 W NORTH AV
150120073;01/12/2015;01:42 PM;3.0;THEFT OF MOTOR VEHICLE PARTS/ACCESSORIES;;;[43.06324617346644, -87.94497806650678];2437 N 25TH ST
150120097;01/12/2015;05:43 PM;3.0;THEFT OF MOTOR VEHICLE PARTS/ACCESSORIES;;;[43.06449633527612, -87.9299981470076];2517 N 14TH ST
150120146;01/12/2015;08:41 PM;3.0;THEFT FROM BUILDING;;;[43.06068652596791, -87.97518352553523];4900 W NORTH AV
150100049;01/10/2015;10:47 AM;3.0;THEFT FROM BUILDING;;;[43.06582897446478, -87.93750235688755];2578 N 20TH ST
150090034;01/09/2015;10:26 AM;3.0;THEFT FROM BUILDING;;;[43.06074613515123, -87.94541168070033];2530 W NORTH AV
150090050;01/09/2015;01:38 PM;3.0;THEFT FROM MOTOR VEHICLE;;;[43.055595670552265, -87.95881160646873];1937 N 36TH ST
150070061;01/07/2015;02:43 PM;3.0;THEFT OF MOTOR VEHICLE PARTS/ACCESSORIES;;;[43.05282848124545, -87.95742258090483];3429 W WALNUT ST
150060020;01/06/2015;09:31 AM;3.0;THEFT FROM MOTOR VEHICLE;;;[43.06615255536963, -87.97615488963613];2602 N 50TH ST
150050039;01/05/2015;10:18 AM;3.0;THEFT FROM MOTOR VEHICLE;;;[43.044813000000005, -87.95773063200394];1115 N 35TH ST
150050048;01/05/2015;12:43 PM;3.0;THEFT FROM BUILDING;;;[43.06449558090483, -87.9473833607827];2514 N 27TH ST
150050118;01/05/2015;07:43 PM;3.0;THEFT FROM BUILDING;;;[43.05762041909517, -87.96235760646873];2103 N 39TH ST
150030054;01/03/2015;12:08 PM;5.0;THEFT OF MOTOR VEHICLE PARTS/ACCESSORIES;;;[43.06888724562873, -87.92532639353128];2756-A N 11TH ST
150020057;01/02/2015;11:28 AM;3.0;THEFT OF MOTOR VEHICLE PARTS/ACCESSORIES;;;[43.05481748124546, -87.940962];2225 W VINE ST
150020073;01/02/2015;11:10 AM;3.0;THEFT FROM MOTOR VEHICLE;;;[43.0444655350572, -87.96193148167814];3939 W HIGHLAND BL
150010093;01/01/2015;12:10 PM;3.0;THEFT FROM BUILDING;;;[43.058880419095175, -87.96233813532217];2169 N 39TH ST
150310062;01/31/2015;11:55 AM;7.0;THEFT FROM MOTOR VEHICLE;;;[43.09490624562872, -87.99062491906649];4258 N 63RD ST
150300088;01/30/2015;03:08 PM;4.0;THEFT FROM BUILDING;;;[43.11752798003336, -88.03199264305512];9632 W APPLETON AV
150290040;01/29/2015;08:33 AM;7.0;THEFT FROM BUILDING;;;[43.10640883236195, -88.00199959925536];4865 N 72ND ST
150280137;01/28/2015;08:47 PM;7.0;THEFT FROM BUILDING;;;[43.09360902997863, -87.991980517744];4141 N 64TH ST
150290004;01/28/2015;09:20 PM;4.0;THEFT FROM BUILDING;;;[43.12605561226846, -87.99592864311245];5951 N 68TH ST
150270031;01/27/2015;07:52 AM;4.0;THEFT FROM MOTOR VEHICLE;;;[43.125543586733215, -87.99968112479058];5925 N 71ST ST
150270103;01/27/2015;05:01 PM;7.0;THEFT FROM MOTOR VEHICLE;;;[43.0923507171793, -88.00706538963614];4110 N 76TH ST
150270117;01/27/2015;05:14 PM;7.0;THEFT FROM MOTOR VEHICLE;;;[43.104715693986044, -87.99538096920298];6707 W HAMPTON AV
150270155;01/27/2015;09:31 PM;4.0;THEFT FROM BUILDING;;;[43.1184554851406, -87.99948394463038];7033 W SHERIDAN AV
150260062;01/26/2015;10:25 AM;7.0;THEFT OF MOTOR VEHICLE PARTS/ACCESSORIES;;;[43.09463713627446, -88.00065957372014];4247 N 71ST ST
150250075;01/25/2015;02:23 PM;7.0;THEFT FROM MOTOR VEHICLE;;;[43.09796686372556, -87.99568159925535];4431 N 67TH ST
150250116;01/25/2015;08:05 PM;7.0;THEFT OF MOTOR VEHICLE PARTS/ACCESSORIES;;;[43.105146265992886, -88.00666376599287];7600 W HAMPTON AV
150240108;01/24/2015;03:22 PM;4.0;THEFT FROM MOTOR VEHICLE;;;[43.11432858090484, -87.98973638631792];5320 N 63RD ST
150240141;01/24/2015;04:55 PM;7.0;THEFT FROM BUILDING;;;[43.0974158731606, -87.98539264498837];4400 N 58TH ST
150230089;01/23/2015;03:53 PM;7.0;THEFT FROM BUILDING;;;[43.09201315096098, -87.979189214438];5265 W FOND DU LAC AV
150230096;01/23/2015;05:24 PM;7.0;THEFT OF MOTOR VEHICLE PARTS/ACCESSORIES;;;[43.108244696087496, -88.00328112479058];4969 N 73RD ST
150200091;01/20/2015;04:29 PM;7.0;THEFT OF MOTOR VEHICLE PARTS/ACCESSORIES;;;[43.09424983236195, -87.98937489353128];4226 N 62ND ST
150200170;01/20/2015;09:43 PM;7.0;THEFT FROM BUILDING;;;[43.108073413266794, -88.00320586078269];4960 N 73RD ST
150190064;01/19/2015;01:07 PM;4.0;THEFT FROM MOTOR VEHICLE;THEFT OF MOTOR VEHICLE PARTS/ACCESSORIES;;[43.114815586733215, -87.979978092042];5341 N 54TH ST
150170029;01/17/2015;05:58 AM;7.0;THEFT OF MOTOR VEHICLE PARTS/ACCESSORIES;;;[43.11148513627447, -87.99728641185312];5168 N 69TH ST
150170073;01/17/2015;03:25 PM;7.0;THEFT FROM BUILDING;;;[43.10513726598141, -88.01422994041116];8200 W HAMPTON AV
150160075;01/16/2015;02:46 PM;4.0;THEFT OF MOTOR VEHICLE PARTS/ACCESSORIES;;;[43.131744, -88.00557585457987];6260 N 76TH ST
150160090;01/16/2015;03:52 PM;4.0;THEFT OF MOTOR VEHICLE PARTS/ACCESSORIES;;;[43.123977974464765, -88.00585584246082];5828 N 76TH ST
150130050;01/13/2015;12:17 PM;4.0;THEFT FROM BUILDING;;;[43.123644723007686, -88.00728815753918];5817 N 77TH ST
150120081;01/12/2015;02:26 PM;7.0;THEFT OF MOTOR VEHICLE PARTS/ACCESSORIES;;;[43.091243832361954, -87.99945913200395];4055 N 70TH ST
150120125;01/12/2015;07:02 PM;7.0;THEFT FROM BUILDING;;;[43.09090447936953, -88.00665148831457];7550 W PERKINS PL
150110034;01/11/2015;10:30 AM;4.0;THEFT FROM MOTOR VEHICLE;;;[43.11274499999999, -88.0062006692246];5235 N 76TH ST
150110059;01/11/2015;01:25 PM;7.0;THEFT FROM BUILDING;;;[43.090045497691385, -87.99641197446478];6700 W CAPITOL DR
150080005;01/08/2015;02:28 AM;7.0;THEFT OF MOTOR VEHICLE PARTS/ACCESSORIES;;;[43.091046366639745, -87.97350754818491];4051 N 48TH ST #LWR
150080074;01/08/2015;08:58 PM;7.0;THEFT FROM MOTOR VEHICLE;;;[43.09013950868267, -87.98474153892057];5730 W CAPITOL DR
150070017;01/07/2015;09:13 AM;7.0;THEFT OF MOTOR VEHICLE PARTS/ACCESSORIES;;;[43.08657333527614, -87.98204491185312];3812 N 55TH ST
150040035;01/04/2015;08:45 AM;7.0;THEFT FROM MOTOR VEHICLE;;;[43.108325444630395, -88.00623859925535];4969 N 76TH ST
150030090;01/03/2015;05:48 PM;7.0;THEFT FROM BUILDING;;;[43.08845240743841, -87.98688392627986];3912 N 60TH ST
150300069;01/30/2015;01:07 PM;1.0;THEFT FROM BUILDING;;;[43.07122786372554, -87.88921958425172];2911 N BARTLETT AV
150290076;01/29/2015;12:53 PM;1.0;THEFT FROM MOTOR VEHICLE;;;[43.05569828559068, -87.8971887854751];1863 N PULASKI ST
150210012;01/28/2015;12:10 AM;1.0;THEFT FROM BUILDING;;;[43.05313702553522, -87.89498810646873];1701 N ARLINGTON PL
150280076;01/28/2015;02:28 PM;1.0;THEFT FROM MOTOR VEHICLE;;;[43.06645731731392, -87.87813184563107];2621 N DOWNER AV
150280156;01/28/2015;10:31 PM;1.0;THEFT FROM MOTOR VEHICLE;;;[43.0501376147786, -87.89501624398393];1519 N FARWELL AV
150270093;01/27/2015;02:27 PM;1.0;THEFT FROM BUILDING;;;[43.04595599999999, -87.90479064253552];1219 N JACKSON ST
150260078;01/26/2015;03:22 PM;5.0;THEFT FROM MOTOR VEHICLE;;;[43.06197548845881, -87.89669983236193];1135 E MEINECKE AV
150260100;01/26/2015;05:29 PM;1.0;THEFT FROM MOTOR VEHICLE;THEFT OF MOTOR VEHICLE PARTS/ACCESSORIES;;[43.046628610335205, -87.91119957372014];1241 N WATER ST
150240065;01/24/2015;09:40 AM;1.0;THEFT FROM MOTOR VEHICLE;;;[43.05616051399403, -87.89867007799064];1920 N WATER ST
150240068;01/24/2015;11:10 AM;1.0;THEFT FROM BUILDING;;;[43.046435525939245, -87.9111981025736];1227 N WATER ST
150240091;01/24/2015;01:28 PM;1.0;THEFT FROM MOTOR VEHICLE;;;[43.05405842048015, -87.90083391127621];1756 N MARSHALL ST
150240095;01/24/2015;01:22 PM;5.0;THEFT FROM MOTOR VEHICLE;;;[43.07474251485942, -87.89872008090484];1000 E BURLEIGH ST #UPPER
150200034;01/20/2015;09:50 AM;1.0;THEFT FROM MOTOR VEHICLE;;;[43.05458244947944, -87.89368318219864];1808 N WARREN AV
150170082;01/17/2015;05:04 PM;5.0;THEFT OF MOTOR VEHICLE PARTS/ACCESSORIES;;;[43.07137216763806, -87.89918160978694];2915 N WEIL ST
150150040;01/15/2015;10:14 AM;1.0;THEFT FROM BUILDING;;;[43.066893347809156, -87.87814084780916];2643 N DOWNER AV
150130127;01/13/2015;09:41 PM;1.0;THEFT FROM MOTOR VEHICLE;;;[43.047758033573494, -87.91154504134796];1363 N EDISON ST
150100036;01/10/2015;10:34 AM;5.0;THEFT FROM BUILDING;;;[43.0711335310169, -87.89476195498906];1350 E LOCUST ST #1110
150090095;01/09/2015;08:10 PM;1.0;THEFT FROM MOTOR VEHICLE;;;[43.0510839245195, -87.8941027593916];1573 N FARWELL AV
150080038;01/08/2015;01:55 PM;5.0;THEFT OF MOTOR VEHICLE PARTS/ACCESSORIES;;;[43.06790644463038, -87.90285763200394];2717 N PIERCE ST
150080078;01/08/2015;08:26 PM;1.0;THEFT FROM MOTOR VEHICLE;THEFT OF MOTOR VEHICLE PARTS/ACCESSORIES;;[43.05633809222718, -87.89799287336167];1920 N HUMBOLDT AV
150070055;01/07/2015;01:27 PM;1.0;THEFT FROM MOTOR VEHICLE;;;[43.057532066356124, -87.88780754385364];1801 E WINDSOR PL
150060118;01/06/2015;08:41 PM;1.0;THEFT FROM MOTOR VEHICLE;;;[43.04604082921929, -87.91248112222942];1225 N EDISON ST
150040013;01/04/2015;01:44 AM;1.0;THEFT FROM BUILDING;;;[43.06015452986306, -87.8870925];1832 E NORTH AV
150040015;01/04/2015;02:28 AM;1.0;THEFT FROM MOTOR VEHICLE;THEFT OF MOTOR VEHICLE PARTS/ACCESSORIES;;[43.04613933311973, -87.91248440569277];1235 N EDISON ST
150040080;01/04/2015;05:59 PM;5.0;THEFT OF MOTOR VEHICLE PARTS/ACCESSORIES;;;[43.07063240743841, -87.90028644460172];2862 N BREMEN ST
150040096;01/04/2015;08:11 PM;1.0;THEFT FROM BUILDING;;;[43.07190241326677, -87.88787590074465];2950 N OAKLAND AV
150020031;01/02/2015;07:52 AM;1.0;THEFT OF MOTOR VEHICLE PARTS/ACCESSORIES;;;[43.05870081206625, -87.88971850671076];1608 E WINDSOR PL
150020039;01/02/2015;08:21 AM;1.0;THEFT FROM MOTOR VEHICLE;;;[43.048906386346566, -87.9060491281088];1425 N JEFFERSON ST
150020066;01/02/2015;12:01 PM;1.0;THEFT OF MOTOR VEHICLE PARTS/ACCESSORIES;;;[43.06093174854291, -87.88803534967418];2332 N OAKLAND AV
150020114;01/02/2015;04:54 PM;1.0;THEFT FROM BUILDING;;;[43.045733522649684, -87.89880277837729];1028 E JUNEAU AV #425
150020149;01/02/2015;05:11 PM;5.0;THEFT OF MOTOR VEHICLE PARTS/ACCESSORIES;;;[43.06383246047074, -87.89872105536962];1012 E WRIGHT ST #3
150020153;01/02/2015;09:33 PM;1.0;THEFT FROM BUILDING;;;[43.046435525939245, -87.9111981025736];1227 N WATER ST
150010067;01/01/2015;07:19 AM;1.0;THEFT FROM BUILDING;;;[43.04585637539679, -87.91140363504306];152 E JUNEAU AV
150010111;01/01/2015;02:37 PM;1.0;THEFT FROM BUILDING;;;[43.04625300000001, -87.90349338963614];1230 N VAN BUREN ST
150010126;01/01/2015;05:10 PM;5.0;THEFT OF MOTOR VEHICLE PARTS/ACCESSORIES;;;[43.069465173466455, -87.90410060646872];2805 N BOOTH ST
150310068;01/31/2015;01:59 PM;1.0;THEFT FROM MOTOR VEHICLE;;;[43.0373833, -87.8979451];1198 E MICHIGAN AVE
150310075;01/31/2015;03:53 PM;1.0;THEFT FROM BUILDING;;;[43.04111845178262, -87.9055601798367];795 N JEFFERSON ST
150310101;01/31/2015;06:47 PM;3.0;THEFT FROM MOTOR VEHICLE;;;[43.03861151009891, -87.93986416763806];2111 W WISCONSIN AV
150300133;01/30/2015;09:52 PM;1.0;THEFT FROM BUILDING;;;[43.044452947544585, -87.91449861368207];1103 N OLD WORLD THIRD ST
150290035;01/29/2015;07:52 AM;3.0;THEFT FROM MOTOR VEHICLE;;;[43.03612848456367, -87.95230144463038];3027 W CLYBOURN ST
150280011;01/28/2015;01:27 AM;3.0;THEFT FROM BUILDING;;;[43.03864852784384, -87.952383];3035 W WISCONSIN AV
150280029;01/28/2015;08:48 AM;3.0;THEFT FROM MOTOR VEHICLE;;;[43.038825181648335, -87.94779468164833];2700 W WISCONSIN AV
150270075;01/27/2015;01:23 PM;1.0;THEFT FROM MOTOR VEHICLE;;;[43.040378921749564, -87.89819383544994];750 N LINCOLN MEMORIAL DR
150270106;01/27/2015;03:45 PM;3.0;THEFT FROM BUILDING;;;[43.04031452654483, -87.95385122592187];3118 W WELLS ST
150260025;01/26/2015;07:19 AM;3.0;THEFT FROM MOTOR VEHICLE;THEFT OF MOTOR VEHICLE PARTS/ACCESSORIES;;[43.047339504327844, -87.95107349999999];2932 W MC KINLEY BL
150260026;01/26/2015;08:11 AM;1.0;THEFT FROM MOTOR VEHICLE;THEFT OF MOTOR VEHICLE PARTS/ACCESSORIES;;[43.037462844096794, -87.91612084810089];603 N 4TH ST
150260037;01/26/2015;09:57 AM;3.0;THEFT OF MOTOR VEHICLE PARTS/ACCESSORIES;;;[43.03673252326541, -87.95274040978767];540 N 31ST ST
150260052;01/26/2015;09:45 AM;1.0;THEFT FROM BUILDING;;;[43.03882747215618, -87.91516349999999];310 W WISCONSIN AV
150190032;01/25/2015;09:34 AM;1.0;THEFT FROM BUILDING;;;[43.03944469386579, -87.90923792091283];735 N WATER ST
150250019;01/25/2015;02:51 AM;1.0;THEFT FROM MOTOR VEHICLE;;;[43.04298110488035, -87.9143869142015];1000 N OLD WORLD THIRD ST
150250041;01/25/2015;09:59 AM;1.0;THEFT FROM BUILDING;;;[43.034761382739894, -87.90725508572362];346 N BROADWAY
150250132;01/25/2015;10:23 PM;1.0;THEFT FROM MOTOR VEHICLE;;;[43.04702876203965, -87.92284537947982];901 W WINNEBAGO ST
150250135;01/25/2015;10:53 PM;3.0;THEFT OF MOTOR VEHICLE PARTS/ACCESSORIES;;;[43.04792674854292, -87.9499854190665];1322 N 29TH ST
150250143;01/25/2015;10:29 PM;1.0;THEFT FROM MOTOR VEHICLE;;;[43.04702876203965, -87.92284537947982];901 W WINNEBAGO ST #129
150240020;01/24/2015;02:15 AM;1.0;THEFT FROM MOTOR VEHICLE;;;[43.04377178805133, -87.91217675080705];1008 N EDISON ST
150240102;01/24/2015;02:43 PM;1.0;THEFT FROM BUILDING;;;[43.03882747215618, -87.91516349999999];310 W WISCONSIN AV
150240109;01/24/2015;03:23 PM;1.0;THEFT FROM BUILDING;;;[43.04085878351319, -87.90550816905171];789 N JEFFERSON ST
150230047;01/23/2015;11:43 AM;3.0;THEFT FROM MOTOR VEHICLE;;;[43.048675950612385, -87.9431620541178];2414 W VLIET ST
150230050;01/23/2015;11:15 AM;3.0;THEFT OF MOTOR VEHICLE PARTS/ACCESSORIES;;;[43.043272478792595, -87.93842302553523];2020 W STATE ST
150240018;01/23/2015;08:17 PM;3.0;THEFT FROM COIN-OPPERATED MACHINES;;;[43.04280398834325, -87.93778297403209];950 N 20TH ST
150220040;01/22/2015;11:30 AM;3.0;THEFT OF MOTOR VEHICLE PARTS/ACCESSORIES;;;[43.050517910352596, -87.94276910372741];1525 N 24TH ST
150220055;01/22/2015;01:21 PM;3.0;THEFT OF MOTOR VEHICLE PARTS/ACCESSORIES;;;[43.04718118341719, -87.92706053049216];1300 N 12TH ST
150220068;01/22/2015;03:41 PM;1.0;THEFT FROM BUILDING;;;[43.04300749437316, -87.92088280099833];700 W STATE ST
150220082;01/22/2015;06:09 PM;3.0;THEFT FROM MOTOR VEHICLE;;;[43.047185469507845, -87.92717518341719];1301 N 12TH ST
150200018;01/20/2015;08:28 AM;3.0;THEFT FROM MOTOR VEHICLE;THEFT OF MOTOR VEHICLE PARTS/ACCESSORIES;;[43.04968300582837, -87.93009053318129];1451 N 14TH ST
150190062;01/19/2015;12:15 PM;1.0;THEFT FROM BUILDING;;;[43.045423983899845, -87.91116968737356];1135 N WATER ST
150190123;01/19/2015;05:58 PM;1.0;THEFT FROM MOTOR VEHICLE;;;[43.044012659732225, -87.9107436656475];1000 N WATER ST
150180109;01/18/2015;07:25 PM;1.0;THEFT FROM BUILDING;;;[43.044897813983326, -87.91113523921342];1123 N WATER ST
150170080;01/17/2015;04:40 PM;3.0;THEFT FROM MOTOR VEHICLE;;;[43.03855931094125, -87.93890004487778];2031 W WISCONSIN AV
150170083;01/17/2015;04:56 PM;1.0;THEFT FROM BUILDING;;;[43.03884949437317, -87.92237291909515];814 W WISCONSIN AV
150170090;01/17/2015;05:12 PM;1.0;THEFT FROM MOTOR VEHICLE;;;[43.03773000000001, -87.91609760372742];615 N 4TH ST
150170115;01/17/2015;09:15 PM;1.0;THEFT FROM MOTOR VEHICLE;;;[43.03948305107044, -87.91909858814687];723 N 6TH ST
150170128;01/17/2015;11:04 PM;1.0;THEFT FROM MOTOR VEHICLE;;;[43.041615185190764, -87.91619399999999];400 W KILBOURN AV
150160041;01/16/2015;10:16 AM;3.0;THEFT FROM MOTOR VEHICLE;;;[43.04169761649331, -87.93157970369477];1500 W KILBOURN AV
150160094;01/16/2015;04:30 PM;1.0;THEFT FROM MOTOR VEHICLE;;;[43.03934076963473, -87.91299399120011];724 N 2ND ST
150150069;01/15/2015;09:33 AM;3.0;THEFT FROM COIN-OPPERATED MACHINES;;;[43.041645546742615, -87.95671169608748];3401 W KILBOURN AV
150150082;01/15/2015;04:14 PM;3.0;THEFT OF MOTOR VEHICLE PARTS/ACCESSORIES;;;[43.05043098324378, -87.94267442680231];1526 N 24TH ST
150140118;01/14/2015;02:53 PM;3.0;THEFT FROM MOTOR VEHICLE;;;[43.041608510098904, -87.9492103791332];2803 W KILBOURN AV
150140123;01/14/2015;07:50 PM;1.0;THEFT FROM MOTOR VEHICLE;;;[43.03671538856829, -87.90882695764346];518 N WATER ST
150130040;01/13/2015;08:25 AM;3.0;THEFT FROM MOTOR VEHICLE;;;[43.04874151211812, -87.95363197916798];3220 W VLIET ST
150130054;01/13/2015;12:31 PM;3.0;THEFT FROM MOTOR VEHICLE;THEFT OF MOTOR VEHICLE PARTS/ACCESSORIES;;[43.03315489104525, -87.95524574892846];204 N 33RD ST
150130055;01/13/2015;10:51 AM;3.0;THEFT FROM BUILDING;;;[43.037676, -87.93673084810501];631 N 19TH ST
150130056;01/13/2015;12:37 PM;3.0;THEFT FROM MOTOR VEHICLE;;;[43.04174083720253, -87.94298003062973];2400 W KILBOURN AV
150130066;01/13/2015;01:05 PM;1.0;THEFT FROM MOTOR VEHICLE;;;[43.04277217761816, -87.92033734805372];1151 N 7TH ST
150130095;01/13/2015;05:16 PM;3.0;THEFT FROM BUILDING;;;[43.038605476773384, -87.943302];2401 W WISCONSIN AV
150130115;01/13/2015;04:22 PM;3.0;THEFT FROM BUILDING;;;[43.041661522072765, -87.9492102485429];2810 W KILBOURN AV #9
150130130;01/13/2015;10:06 PM;1.0;THEFT FROM MOTOR VEHICLE;THEFT OF MOTOR VEHICLE PARTS/ACCESSORIES;;[43.037327820054145, -87.9185574459609];555 W MICHIGAN ST
150120035;01/12/2015;09:44 AM;3.0;THEFT OF MOTOR VEHICLE PARTS/ACCESSORIES;;;[43.04873184694315, -87.94030748183225];1407 N 22ND ST
150120037;01/12/2015;10:01 AM;3.0;THEFT FROM MOTOR VEHICLE;;;[43.04464047879261, -87.950313];2850 W HIGHLAND BL
150120039;01/12/2015;10:11 AM;3.0;THEFT FROM BUILDING;;;[43.04034245772946, -87.93601216763805];1820 W WELLS ST
150120084;01/12/2015;10:21 AM;3.0;THEFT FROM MOTOR VEHICLE;;;[43.03756349321933, -87.95248158090484];3030 W MICHIGAN ST #106
150120090;01/12/2015;02:37 PM;3.0;THEFT FROM MOTOR VEHICLE;THEFT OF MOTOR VEHICLE PARTS/ACCESSORIES;;[43.044640457152525, -87.95199141618096];3006 W HIGHLAND BL
150120152;01/12/2015;10:09 PM;1.0;THEFT FROM BUILDING;;;[43.0387224740321, -87.91041344892955];101 W WISCONSIN AV
150110081;01/11/2015;06:17 PM;1.0;THEFT FROM MOTOR VEHICLE;;;[43.053488351426346, -87.88511011401928];1750 N LINCOLN MEMORIAL DR
150110096;01/11/2015;08:31 PM;3.0;THEFT FROM BUILDING;;;[43.0412484970858, -87.94056006261164];845 N 22ND ST
150110112;01/11/2015;10:09 PM;1.0;THEFT FROM MOTOR VEHICLE;;;[43.03870171136105, -87.9135423518935];231 W WISCONSIN AV
150100011;01/10/2015;02:38 AM;1.0;THEFT FROM BUILDING;;;[43.0430844970858, -87.91448106982499];1007 N OLD WORLD THIRD ST
150100032;01/10/2015;10:56 AM;1.0;THEFT FROM MOTOR VEHICLE;;;[43.043831329447755, -87.91883644070657];1030 N 6TH ST
150090062;01/09/2015;03:20 PM;1.0;THEFT OF MOTOR VEHICLE PARTS/ACCESSORIES;;;[43.040673754371284, -87.91299857761528];823 N 2ND ST
150090071;01/09/2015;05:15 PM;1.0;THEFT FROM BUILDING;;;[43.04144506189051, -87.90812996534683];809 N BROADWAY
143520033;01/08/2015;10:38 AM;3.0;THEFT FROM BUILDING;;;[43.04443654284748, -87.94930049999999];2809 W HIGHLAND BL #104
150080015;01/08/2015;09:10 AM;1.0;THEFT OF MOTOR VEHICLE PARTS/ACCESSORIES;;;[43.04490142853022, -87.89971030394118];1037 N ASTOR ST
150080059;01/08/2015;06:48 PM;3.0;THEFT OF MOTOR VEHICLE PARTS/ACCESSORIES;;;[43.04485724562872, -87.9377944412835];1134 N 20TH ST
150080069;01/08/2015;08:02 PM;3.0;THEFT FROM BUILDING;;;[43.04031548211083, -87.93953983236193];2100 W WELLS ST
150080090;01/08/2015;10:35 PM;1.0;THEFT FROM MOTOR VEHICLE;;;[43.03172845628714, -87.9068660467426];158 N BROADWAY
150070059;01/07/2015;02:20 PM;1.0;THEFT FROM MOTOR VEHICLE;THEFT OF MOTOR VEHICLE PARTS/ACCESSORIES;;[43.04472312545442, -87.90085485980174];1030 N MARSHALL ST
150070066;01/07/2015;02:32 PM;1.0;THEFT FROM BUILDING;;;[43.03883002563901, -87.9110021623935];124 W WISCONSIN AV
150070068;01/07/2015;02:46 PM;1.0;THEFT FROM BUILDING;;;[43.04300749437316, -87.92088280099833];700 W STATE ST
150060038;01/06/2015;09:11 AM;3.0;THEFT FROM BUILDING;;;[43.03420166472387, -87.95154438963614];326 N 30TH ST
150060042;01/06/2015;11:49 AM;1.0;THEFT FROM BUILDING;;;[43.03522702553522, -87.90866542570294];400 N WATER ST
150060107;01/06/2015;07:59 PM;1.0;THEFT FROM MOTOR VEHICLE;;;[43.041981305761794, -87.90429094089946];812 N JACKSON ST
150060136;01/06/2015;11:20 PM;1.0;THEFT FROM MOTOR VEHICLE;;;[43.04383475276702, -87.91218682516157];1034 N EDISON ST
150050045;01/05/2015;12:23 PM;3.0;THEFT FROM MOTOR VEHICLE;;;[43.05018397861971, -87.93701286161941];1913 W CHERRY ST
150050047;01/05/2015;12:26 PM;1.0;THEFT FROM BUILDING;;;[43.03894254227057, -87.90191092535622];777 E WISCONSIN AV
150050065;01/05/2015;02:43 PM;1.0;THEFT FROM BUILDING;;;[43.044973983899844, -87.9111306801602];1111 N WATER ST
150040062;01/04/2015;03:09 PM;3.0;THEFT FROM MOTOR VEHICLE;;;[43.05018397861971, -87.93701286161941];1913 W CHERRY ST
150040107;01/04/2015;10:24 PM;3.0;THEFT FROM BUILDING;;;[43.038783489901114, -87.938091];2000 W WISCONSIN AV
150030065;01/03/2015;01:58 PM;1.0;THEFT FROM BUILDING;;;[43.04085878351319, -87.90550816905171];789 N JEFFERSON ST
150030083;01/03/2015;05:02 PM;1.0;THEFT FROM BUILDING;;;[43.03364206812453, -87.9088351503319];207 E BUFFALO ST
150020050;01/02/2015;09:34 AM;1.0;THEFT FROM BUILDING;;;[43.03311417291819, -87.90919796381763];225 N WATER ST
150020084;01/02/2015;02:05 PM;3.0;THEFT OF MOTOR VEHICLE PARTS/ACCESSORIES;;;[43.04448923467494, -87.93018740470026];1400 W HIGHLAND AV
150020115;01/02/2015;03:50 PM;3.0;THEFT FROM BUILDING;;;[43.04319653231589, -87.9482117514571];2715 W STATE ST
150020145;01/02/2015;08:45 PM;1.0;THEFT FROM MOTOR VEHICLE;;;[43.04583619055109, -87.92508353865263];1074 W JUNEAU AV
150010042;01/01/2015;04:05 AM;1.0;THEFT FROM BUILDING;;;[43.04372349708581, -87.91448755929342];1033 N OLD WORLD THIRD ST
150010139;01/01/2015;07:27 PM;3.0;THEFT FROM BUILDING;;;[43.042634329447736, -87.93535442627986];946 N 18TH ST
150020010;01/01/2015;09:58 PM;3.0;THEFT FROM BUILDING;;;[43.037820251457106, -87.9528311281088];609 N 31ST ST #103
150310100;01/31/2015;06:34 PM;7.0;THEFT FROM MOTOR VEHICLE;;;[43.10492552120741, -88.00829091618097];7701 W HAMPTON AV
150290095;01/29/2015;03:24 PM;7.0;THEFT FROM BUILDING;;;[43.101154897570645, -88.02549712057834];9033 W HERBERT AV
150280026;01/28/2015;08:18 AM;4.0;THEFT FROM MOTOR VEHICLE;;;[43.106885664723876, -88.04208339353127];4900 N 104TH ST
150280132;01/28/2015;07:34 PM;7.0;THEFT FROM MOTOR VEHICLE;;;[43.097197471579236, -88.009254];7722 W CONGRESS ST #8
150280149;01/28/2015;09:28 PM;7.0;THEFT FROM BUILDING;;;[43.095890240925506, -88.00872858725282];7730 W APPLETON AV
150230024;01/23/2015;05:52 AM;4.0;THEFT FROM MOTOR VEHICLE;;;[43.141879802931584, -88.03211444183177];6828 N PARK MANOR DR
150230059;01/23/2015;01:34 PM;4.0;THEFT FROM MOTOR VEHICLE;;;[43.14126951875455, -88.03365341909516];9738 W GREEN TREE RD
150220020;01/22/2015;09:45 AM;7.0;THEFT FROM MOTOR VEHICLE;THEFT OF MOTOR VEHICLE PARTS/ACCESSORIES;;[43.078221450458756, -88.03126539353127];3260 N 95TH ST
150210088;01/21/2015;01:58 PM;7.0;THEFT FROM BUILDING;;;[43.090027454411235, -88.00851283138098];7600 W CAPITOL DR
150210089;01/21/2015;02:13 PM;7.0;THEFT FROM MOTOR VEHICLE;;;[43.08912041909517, -88.01508488631792];3950 N 82ND ST
150190071;01/19/2015;01:29 PM;7.0;THEFT FROM MOTOR VEHICLE;;;[43.094050867620695, -88.009008465982];4198 N 77TH ST
150190078;01/19/2015;02:05 PM;7.0;THEFT FROM BUILDING;;;[43.10491548456368, -88.010892];7911 W HAMPTON AV
150160114;01/16/2015;05:15 PM;4.0;THEFT FROM BUILDING;;;[43.11956558721596, -88.04117286836671];10330 W SILVER SPRING DR
150150032;01/15/2015;09:06 AM;7.0;THEFT FROM MOTOR VEHICLE;THEFT OF MOTOR VEHICLE PARTS/ACCESSORIES;;[43.089887460470756, -88.01951441909516];8518 W CAPITOL DR
150140065;01/14/2015;01:37 PM;7.0;THEFT OF MOTOR VEHICLE PARTS/ACCESSORIES;;;[43.104811500000004, -88.01872984742967];8500 W GRANTOSA DR
150140078;01/14/2015;03:16 PM;4.0;THEFT OF MOTOR VEHICLE PARTS/ACCESSORIES;;;[43.11406364444044, -88.05556291360358];5282 N LOVERS LANE RD
150140096;01/14/2015;05:03 PM;4.0;THEFT FROM MOTOR VEHICLE;;;[43.11928746667356, -88.0541305881182];11310 W SILVER SPRING RD
150130079;01/13/2015;03:10 PM;7.0;THEFT OF MOTOR VEHICLE PARTS/ACCESSORIES;;;[43.09711825576786, -88.01878225576787];8500 W CONGRESS ST
150120045;01/12/2015;10:36 AM;7.0;THEFT FROM BUILDING;;;[43.08540861333321, -88.02828710692108];9210 W LISBON AV
150100022;01/10/2015;08:17 AM;7.0;THEFT FROM MOTOR VEHICLE;;;[43.1102439139306, -88.02297870820559];8869 W APPLETON AV
150080019;01/08/2015;10:41 AM;7.0;THEFT OF MOTOR VEHICLE PARTS/ACCESSORIES;;;[43.102475863725545, -88.0070975809335];4665 N 76TH ST #4
150080062;01/08/2015;07:27 PM;4.0;THEFT FROM MOTOR VEHICLE;;;[43.11956558721596, -88.04117286836671];10330 W SILVER SPRING DR
150060078;01/06/2015;02:49 PM;7.0;THEFT FROM BUILDING;;;[43.089597546742624, -88.03375199999999];9629 W CAPITOL DR
150060117;01/06/2015;09:04 PM;7.0;THEFT FROM MOTOR VEHICLE;;;[43.07571838882272, -88.00751322418284];3121 N 76TH ST
150020032;01/02/2015;08:24 AM;4.0;THEFT FROM BUILDING;;;[43.13704622427708, -88.03644260932559];10028 W FOND DU LAC AV
150020098;01/02/2015;07:00 PM;7.0;THEFT FROM BUILDING;;;[43.07524254674263, -88.00799053315261];7603 W BURLEIGH ST
150020100;01/02/2015;04:07 PM;7.0;THEFT FROM MOTOR VEHICLE;;;[43.08087982266708, -88.0131637307693];8010 W TOWNSEND ST
150310019;01/31/2015;05:36 AM;5.0;THEFT FROM MOTOR VEHICLE;;;[43.07502795015283, -87.9261824333601];3104 N 12TH ST #ALLEY
150310028;01/31/2015;07:16 AM;5.0;THEFT FROM BUILDING;;;[43.07752649509524, -87.90949294463039];145 E RING ST
150310065;01/31/2015;01:21 PM;5.0;THEFT OF MOTOR VEHICLE PARTS/ACCESSORIES;;;[43.080118658895486, -87.92973241185312];3350 N 15TH ST
150310091;01/31/2015;05:34 PM;5.0;THEFT OF MOTOR VEHICLE PARTS/ACCESSORIES;;;[43.08250575437128, -87.92233062479058];3537 N 9TH ST
150300039;01/30/2015;07:36 AM;5.0;THEFT FROM MOTOR VEHICLE;;;[43.081990658895506, -87.93091342296164];3508 N 16TH ST
150300040;01/30/2015;08:24 AM;5.0;THEFT OF MOTOR VEHICLE PARTS/ACCESSORIES;;;[43.07895680185457, -87.92371015564576];1000 W CONCORDIA AV
150300041;01/30/2015;08:29 AM;5.0;THEFT OF MOTOR VEHICLE PARTS/ACCESSORIES;;;[43.0771249759135, -87.91381484783594];3200 N 3RD ST
150300067;01/30/2015;12:44 PM;5.0;THEFT FROM BUILDING;;;[43.063055413266795, -87.91102292627986];2442 N 1ST ST
150290098;01/29/2015;02:28 PM;5.0;THEFT FROM BUILDING;;;[43.09202632944775, -87.90716487679687];4108 N RICHARDS ST
150290100;01/29/2015;03:46 PM;5.0;THEFT OF MOTOR VEHICLE PARTS/ACCESSORIES;;;[43.08480248211083, -87.93358132944775];1808 W NASH ST
150280035;01/28/2015;09:48 AM;5.0;THEFT OF MOTOR VEHICLE PARTS/ACCESSORIES;;;[43.07755511518263, -87.92742906261164];3239 N 13TH ST
150280048;01/28/2015;11:44 AM;5.0;THEFT FROM BUILDING;;;[43.06384178637142, -87.9150824084449];371 W WRIGHT ST
150280063;01/28/2015;12:19 PM;5.0;THEFT FROM BUILDING;;;[43.0802113411045, -87.92981059925536];3401 N 15TH ST
150260036;01/26/2015;09:47 AM;5.0;THEFT FROM MOTOR VEHICLE;;;[43.05922258673323, -87.8993000809335];2209 N WEIL ST
150260046;01/26/2015;10:34 AM;5.0;THEFT FROM MOTOR VEHICLE;;;[43.085889754371294, -87.94210009925536];3757 N 24TH ST
150260066;01/26/2015;12:47 PM;5.0;THEFT FROM MOTOR VEHICLE;;;[43.08465551269504, -87.94158347155059];2308 W NASH ST
150260136;01/26/2015;08:20 PM;5.0;THEFT FROM MOTOR VEHICLE;;;[43.047225165746674, -87.92025259208147];1301 N 7TH ST
150260139;01/26/2015;09:26 PM;5.0;THEFT FROM BUILDING;;;[43.08916851889972, -87.9060000693923];401 E CAPITOL DR
150250056;01/25/2015;10:32 AM;5.0;THEFT FROM MOTOR VEHICLE;THEFT OF MOTOR VEHICLE PARTS/ACCESSORIES;;[43.076105245628725, -87.92617239353127];3154 N 12TH ST #B
150240083;01/24/2015;12:34 PM;5.0;THEFT FROM BUILDING;;;[43.07048983236194, -87.91257064311245];2849 N 2ND ST
150240101;01/24/2015;02:23 PM;5.0;THEFT OF MOTOR VEHICLE PARTS/ACCESSORIES;;;[43.08914750620376, -87.90384086081136];505 E CAPITOL DR
150220014;01/22/2015;07:16 AM;5.0;THEFT OF MOTOR VEHICLE PARTS/ACCESSORIES;;;[43.04786818375131, -87.92011291151854];1354 N 7TH ST
150220043;01/22/2015;11:59 AM;5.0;THEFT FROM BUILDING;;;[43.05349716180967, -87.92000644070657];1730 N 7TH ST
150220046;01/22/2015;10:58 AM;5.0;THEFT OF MOTOR VEHICLE PARTS/ACCESSORIES;;;[43.08914750620376, -87.90384086081136];505 E CAPITOL DR
150210090;01/21/2015;02:16 PM;5.0;THEFT FROM BUILDING;;;[43.07206516763807, -87.91688387520941];2936 N 5TH ST
150200001;01/20/2015;12:06 AM;5.0;THEFT FROM MOTOR VEHICLE;;;[43.08529746047075, -87.8964615];1230 E SINGER CR
150200029;01/20/2015;08:45 AM;5.0;THEFT OF MOTOR VEHICLE PARTS/ACCESSORIES;;;[43.08624028282071, -87.94209763200395];3803 N 24TH ST
150190037;01/19/2015;09:46 AM;5.0;THEFT OF MOTOR VEHICLE PARTS/ACCESSORIES;;;[43.0855829686364, -87.93325387910456];3732 N 18TH ST
150190042;01/19/2015;09:57 AM;5.0;THEFT FROM MOTOR VEHICLE;;;[43.073550115182655, -87.92256161757723];3019 N 9TH ST
150190084;01/19/2015;12:11 PM;5.0;THEFT FROM BUILDING;;;[43.06293033527612, -87.90539963532217];2445 N HOLTON ST
150190134;01/19/2015;06:18 PM;5.0;THEFT FROM MOTOR VEHICLE;;;[43.04757538190319, -87.9201459218078];1300 N 7TH ST
150180082;01/18/2015;11:57 AM;5.0;THEFT FROM BUILDING;;;[43.08921264167016, -87.91167026380634];123 W CAPITOL DR
150180133;01/18/2015;10:28 PM;5.0;THEFT FROM MOTOR VEHICLE;;;[43.0895085212074, -87.93595302844942];1955 W CAPITOL DR
150160029;01/16/2015;08:14 AM;5.0;THEFT FROM MOTOR VEHICLE;;;[43.08703191618096, -87.92343762479058];3821 N 10TH ST
150160068;01/16/2015;12:40 PM;5.0;THEFT FROM BUILDING;;;[43.08316464002538, -87.93527999552794];3570 N TEUTONIA AV
150150037;01/15/2015;10:00 AM;5.0;THEFT OF MOTOR VEHICLE PARTS/ACCESSORIES;;;[43.07942599417163, -87.9075054190665];3344 N RICHARDS ST
150150071;01/15/2015;01:18 PM;5.0;THEFT FROM MOTOR VEHICLE;;;[43.05798651954218, -87.89814284303746];2085 N COMMERCE ST
150150083;01/15/2015;04:17 PM;5.0;THEFT OF MOTOR VEHICLE PARTS/ACCESSORIES;;;[43.08914750620376, -87.90384086081136];505 E CAPITOL DR
150150101;01/15/2015;06:37 PM;5.0;THEFT FROM MOTOR VEHICLE;;;[43.071822, -87.92748485746448];2918 N 13TH ST
150130069;01/13/2015;11:48 AM;5.0;THEFT FROM MOTOR VEHICLE;;;[43.054677838190315, -87.91427861036385];1837 N MARTIN L KING JR DR #UPR
150140036;01/13/2015;09:33 AM;5.0;THEFT FROM BUILDING;;;[43.08865097472459, -87.89929355845669];3901 N HUMBOLDT BL #212
150120031;01/12/2015;08:19 AM;5.0;THEFT OF MOTOR VEHICLE PARTS/ACCESSORIES;;;[43.081127779906524, -87.91378964643067];3443 N 3RD ST
150110016;01/11/2015;03:03 AM;5.0;THEFT FROM BUILDING;;;[43.05900947013695, -87.90603350291418];423 E GARFIELD AV
150110032;01/11/2015;10:24 AM;5.0;THEFT FROM BUILDING;;;[43.067857791758016, -87.90537034780078];2717 N HOLTON ST
150110042;01/11/2015;09:21 AM;5.0;THEFT FROM MOTOR VEHICLE;THEFT OF MOTOR VEHICLE PARTS/ACCESSORIES;;[43.08741011518265, -87.92715109925535];3837 N 13TH ST
150110047;01/11/2015;12:27 PM;5.0;THEFT FROM MOTOR VEHICLE;;;[43.07824650954553, -87.92987451734372];3265 N 15TH ST
150090042;01/09/2015;11:36 AM;5.0;THEFT FROM BUILDING;;;[43.085239513994026, -87.89545311226844];1203 E SINGER CR
150080021;01/08/2015;11:18 AM;5.0;THEFT FROM BUILDING;;;[43.08296889506048, -87.92123331184703];807 W ATKINSON AV
150060071;01/06/2015;04:59 PM;5.0;THEFT FROM MOTOR VEHICLE;;;[43.0561219550464, -87.90465637636325];520 E GLOVER AV
150040102;01/04/2015;09:47 PM;5.0;THEFT FROM MOTOR VEHICLE;;;[43.05718761226845, -87.91118762868572];2029 N 1ST ST
150030073;01/03/2015;03:01 PM;5.0;THEFT OF MOTOR VEHICLE PARTS/ACCESSORIES;;;[43.08529746047075, -87.8964615];1230 E SINGER CR #212
150030075;01/03/2015;03:48 PM;5.0;THEFT OF MOTOR VEHICLE PARTS/ACCESSORIES;;;[43.0488065501069, -87.92146258510368];1420 N 8TH ST
150030076;01/03/2015;03:16 PM;5.0;THEFT FROM BUILDING;;;[43.07640160644007, -87.90399808093349];3177 N BOOTH ST
150030079;01/03/2015;04:06 PM;5.0;THEFT FROM BUILDING;;;[43.08916851889972, -87.9060000693923];401 E CAPITOL DR
150020106;01/02/2015;10:30 PM;5.0;THEFT FROM BUILDING;;;[43.07888151875455, -87.92202222300767];824 W CONCORDIA AV
150010090;01/01/2015;12:26 PM;5.0;THEFT OF MOTOR VEHICLE PARTS/ACCESSORIES;;;[43.083755717179315, -87.912115907958];3630 N 2ND ST
150010156;01/01/2015;09:34 PM;5.0;THEFT FROM BUILDING;;;[43.07388288481735, -87.91243638242277];3038 N 2ND ST
150310073;01/31/2015;03:44 PM;7.0;THEFT OF MOTOR VEHICLE PARTS/ACCESSORIES;;;[43.07522649567216, -87.97376351500364];4803 W BURLEIGH ST
150300045;01/30/2015;09:21 AM;7.0;THEFT OF MOTOR VEHICLE PARTS/ACCESSORIES;;;[43.09349502420417, -87.96732634434295];4310 W HOPE AV
150270113;01/27/2015;06:12 PM;5.0;THEFT OF MOTOR VEHICLE PARTS/ACCESSORIES;;;[43.07047258673322, -87.94487112479058];2835 N 25TH ST
150260053;01/26/2015;10:52 AM;7.0;THEFT FROM BUILDING;;;[43.079471329447756, -87.95957288631791];3312 N 37TH ST
150250066;01/25/2015;01:32 PM;7.0;THEFT OF MOTOR VEHICLE PARTS/ACCESSORIES;;;[43.08976052120739, -87.96174283236194];3833 W CAPITOL DR
150240110;01/24/2015;12:56 PM;7.0;THEFT FROM BUILDING;;;[43.08030849708581, -87.96314287910455];3354 N 40TH ST
150230029;01/23/2015;08:12 AM;5.0;THEFT FROM MOTOR VEHICLE;;;[43.08814892200934, -87.94830109925536];3929 N 28TH ST
150220058;01/22/2015;01:51 PM;5.0;THEFT FROM MOTOR VEHICLE;;;[43.080453502914196, -87.94846063200394];3361 N 28TH ST
150210145;01/21/2015;09:49 PM;7.0;THEFT OF MOTOR VEHICLE PARTS/ACCESSORIES;;;[43.09067711518264, -87.9699275809335];4035 N 45TH ST
150190076;01/19/2015;12:14 PM;7.0;THEFT FROM BUILDING;;;[43.07342400000002, -87.96724315225457];3000 N SHERMAN BL
150140056;01/14/2015;12:16 PM;7.0;THEFT OF MOTOR VEHICLE PARTS/ACCESSORIES;;;[43.107667354982965, -87.98002636078269];4952-A N 54TH ST
150140092;01/14/2015;05:22 PM;7.0;THEFT FROM BUILDING;;;[43.10377250291418, -87.96389113200395];4757 N 41ST ST
150130077;01/13/2015;03:07 PM;7.0;THEFT FROM BUILDING;;;[43.08050607799066, -87.96714290680416];3360 N SHERMAN BL
150120040;01/12/2015;10:20 AM;7.0;THEFT FROM MOTOR VEHICLE;;;[43.09951416180968, -87.96388635356932];4524 N 41ST ST
150120079;01/12/2015;02:13 PM;5.0;THEFT OF MOTOR VEHICLE PARTS/ACCESSORIES;;;[43.07453961226844, -87.94480812479058];3055 N 25TH ST
150100041;01/10/2015;12:30 PM;5.0;THEFT OF MOTOR VEHICLE PARTS/ACCESSORIES;ALL OTHER OFFENSES;;[43.07967894754458, -87.94469906650677];3323 N 25TH ST
150100041;01/10/2015;12:30 PM;5.0;THEFT OF MOTOR VEHICLE PARTS/ACCESSORIES;;;[43.07967894754458, -87.94469906650677];3323 N 25TH ST
150100055;01/10/2015;04:06 PM;7.0;THEFT FROM BUILDING;;;[43.08485416763807, -87.96221062089545];3723 N 39TH ST
150050049;01/05/2015;12:58 PM;7.0;THEFT FROM BUILDING;;;[43.102422251457085, -87.97559015753917];4677 N 50TH ST
150040041;01/04/2015;10:17 AM;7.0;THEFT FROM MOTOR VEHICLE;;;[43.09765300582839, -87.95811058093349];4423 N 36TH ST
150040059;01/04/2015;02:35 PM;7.0;THEFT OF MOTOR VEHICLE PARTS/ACCESSORIES;;;[43.07132758673322, -87.97236956650677];2873 N 47TH ST
150310121;01/31/2015;09:00 PM;2.0;THEFT FROM MOTOR VEHICLE;;;[43.01458127152039, -87.96200622215986];1565 S 38TH ST
150300048;01/30/2015;08:03 AM;2.0;THEFT FROM BUILDING;;;[43.01411552120741, -87.94711287621902];2627 W LAPHAM ST #320
150300055;01/30/2015;09:44 AM;2.0;THEFT OF MOTOR VEHICLE PARTS/ACCESSORIES;;;[43.02087291618096, -87.9550749190665];934 S 33RD ST
150300091;01/30/2015;04:56 PM;2.0;THEFT OF MOTOR VEHICLE PARTS/ACCESSORIES;;;[43.01499700582838, -87.95154852264969];1543 S 30TH ST
150290002;01/29/2015;12:17 AM;3.0;THEFT FROM BUILDING;;;[43.03135846840618, -87.93513344445749];1721 W CANAL ST
150280069;01/28/2015;02:08 PM;2.0;THEFT OF MOTOR VEHICLE PARTS/ACCESSORIES;;;[43.015249005828395, -87.95153854818491];1531 S 30TH ST
150270036;01/27/2015;08:35 AM;2.0;THEFT FROM MOTOR VEHICLE;;;[43.00735391035258, -87.95774244460172];2048 S 35TH ST
150270120;01/27/2015;05:29 PM;6.0;BURGLARY/BREAKING AND ENTERING;THEFT FROM BUILDING;;[42.98858948831365, -87.94943116290527];2900 W OKLAHOMA AV
143250090;01/26/2015;02:00 PM;2.0;THEFT FROM MOTOR VEHICLE;;;[43.02018000000001, -87.95767540074463];1020 S 35TH ST
150250030;01/25/2015;05:23 AM;2.0;THEFT FROM MOTOR VEHICLE;;;[43.022628, -87.94902538299968];812 S 28TH ST
150250069;01/25/2015;01:00 PM;2.0;THEFT FROM BUILDING;;;[43.00353113513003, -87.9440189512532];2410 W FOREST HOME AV
150250080;01/25/2015;03:15 PM;6.0;THEFT FROM BUILDING;;;[42.98858948831365, -87.94943116290527];2900 W OKLAHOMA AV
150250084;01/25/2015;03:50 PM;2.0;THEFT OF MOTOR VEHICLE PARTS/ACCESSORIES;;;[43.01172869608749, -87.94645908482863];1731 S 26TH ST
150240043;01/24/2015;06:30 AM;2.0;THEFT OF MOTOR VEHICLE PARTS/ACCESSORIES;;;[43.022399502885534, -87.94413821426511];2413 W NATIONAL AV
150240055;01/24/2015;08:58 AM;2.0;THEFT FROM MOTOR VEHICLE;;;[43.00839653952925, -87.93760444463038];1927 W ROGERS ST
150240100;01/24/2015;02:17 PM;2.0;THEFT FROM MOTOR VEHICLE;;;[43.013933413266784, -87.96024338631791];1600 S 37TH ST
150240103;01/24/2015;02:48 PM;2.0;THEFT OF MOTOR VEHICLE PARTS/ACCESSORIES;;;[43.004222259544896, -87.95296619908082];2235 S 31ST ST
150230054;01/23/2015;01:11 PM;2.0;THEFT OF MOTOR VEHICLE PARTS/ACCESSORIES;;;[43.01471850874256, -87.9552274899011];1555 S 33RD ST
150220090;01/22/2015;05:11 PM;2.0;THEFT FROM BUILDING;;;[43.00658348211084, -87.93540913627446];1800 W BECHER ST
150180136;01/18/2015;09:28 PM;2.0;THEFT FROM BUILDING;;;[43.016842627407826, -87.95040875651044];2909 W GREENFIELD AV
150170027;01/17/2015;05:36 AM;2.0;THEFT OF MOTOR VEHICLE PARTS/ACCESSORIES;;;[43.01819163918864, -87.9515000809335];1237 S 30TH ST
150170091;01/17/2015;05:55 PM;3.0;THEFT FROM BUILDING;;;[43.03135846840618, -87.93513344445749];1721 W CANAL ST
150180039;01/17/2015;09:01 PM;3.0;THEFT FROM BUILDING;;;[43.03135846840618, -87.93513344445749];1721 W CANAL ST
150160021;01/16/2015;03:01 AM;3.0;THEFT FROM MOTOR VEHICLE;;;[43.03135846840618, -87.93513344445749];1721 W CANAL ST
150140097;01/14/2015;05:34 PM;2.0;THEFT FROM BUILDING;;;[43.011556354982986, -87.95398590016771];1712 S 32ND ST
150130015;01/13/2015;07:46 AM;2.0;THEFT OF MOTOR VEHICLE PARTS/ACCESSORIES;;;[43.02391325343333, -87.94641034825044];711 S 26TH ST
150130061;01/13/2015;12:28 PM;2.0;THEFT OF MOTOR VEHICLE PARTS/ACCESSORIES;;;[42.996529561198, -87.94937906650678];2653 S 28TH ST
150130065;01/13/2015;01:04 PM;2.0;THEFT OF MOTOR VEHICLE PARTS/ACCESSORIES;;;[43.012431511541195, -87.94038116472387];2124 W MITCHELL ST
150130067;01/13/2015;01:19 PM;2.0;THEFT FROM BUILDING;;;[43.0184967485429, -87.94768492570293];1236 S LAYTON BL
150130075;01/13/2015;02:33 PM;2.0;THEFT FROM BUILDING;;;[43.018122510675816, -87.9614201791506];3743 W DOROTHY PL
150090025;01/09/2015;08:00 AM;2.0;THEFT OF MOTOR VEHICLE PARTS/ACCESSORIES;;;[43.014086488458815, -87.95013177407813];2831 W LAPHAM ST
150090033;01/09/2015;10:18 AM;2.0;THEFT FROM MOTOR VEHICLE;;;[43.01246447735032, -87.94669402553522];2607 W MITCHELL ST
150090058;01/09/2015;02:48 PM;2.0;THEFT OF MOTOR VEHICLE PARTS/ACCESSORIES;;;[43.02016208381903, -87.95150760978694];1035 S 30TH ST
150080027;01/08/2015;12:25 PM;2.0;THEFT FROM MOTOR VEHICLE;;;[43.003619444630374, -87.94247158814687];2253 S 23RD ST
150060097;01/06/2015;07:20 PM;3.0;THEFT FROM MOTOR VEHICLE;;;[43.03135846840618, -87.93513344445749];1721 W CANAL ST
150050096;01/05/2015;05:59 PM;2.0;THEFT FROM MOTOR VEHICLE;;;[43.026138, -87.94785812594442];555 S LAYTON BL
150040063;01/04/2015;03:11 PM;2.0;THEFT OF MOTOR VEHICLE PARTS/ACCESSORIES;;;[43.00513141326678, -87.95779644460173];2166 S 35TH ST
150010047;01/01/2015;05:31 AM;3.0;THEFT FROM MOTOR VEHICLE;;;[43.03135846840618, -87.93513344445749];1721 W CANAL ST
150300098;01/30/2015;06:17 PM;4.0;THEFT FROM BUILDING;;;[43.14851747215805, -87.99870020197412];7101 W GOOD HOPE RD
150260034;01/26/2015;09:41 AM;4.0;THEFT OF MOTOR VEHICLE PARTS/ACCESSORIES;;;[43.14268349321933, -87.98526955536961];5826 W BOEHLKE AV
150240050;01/24/2015;08:08 AM;4.0;THEFT OF MOTOR VEHICLE PARTS/ACCESSORIES;;;[43.13717111518264, -87.97953912479058];6561 N 54TH ST
150230021;01/23/2015;05:05 AM;4.0;THEFT FROM MOTOR VEHICLE;;;[43.14002532110922, -88.01608963278335];6722 N 84TH ST
150220059;01/22/2015;02:03 PM;4.0;THEFT OF MOTOR VEHICLE PARTS/ACCESSORIES;;;[43.11943145325739, -87.982461];5540 W SILVER SPRING DR
150220105;01/22/2015;09:19 PM;4.0;THEFT OF MOTOR VEHICLE PARTS/ACCESSORIES;;;[43.14482013044608, -87.98687395181508];6958 N 61ST ST
150200115;01/20/2015;06:10 PM;4.0;THEFT OF MOTOR VEHICLE PARTS/ACCESSORIES;;;[43.151693529863046, -87.98296130682671];5700 W HEMLOCK ST
150170069;01/17/2015;12:54 PM;4.0;THEFT FROM BUILDING;;;[43.18509541907429, -88.01699122086454];8650 W FAIRY CHASM DR
150170079;01/17/2015;04:38 PM;4.0;THEFT OF MOTOR VEHICLE PARTS/ACCESSORIES;;;[43.18138598834324, -88.02860292685678];9050 N 95TH ST
150160091;01/16/2015;01:47 PM;4.0;THEFT FROM BUILDING;;;[43.12575765889551, -87.98941539353127];5940 N 63RD ST
150160118;01/16/2015;05:35 PM;4.0;THEFT FROM BUILDING;;;[43.18168406771887, -88.0330162288074];8962 N 97TH ST #204
150140074;01/14/2015;02:43 PM;4.0;THEFT FROM MOTOR VEHICLE;;;[43.134309181935635, -87.98894073665782];6415 N 62ND ST
150110117;01/11/2015;11:31 PM;4.0;THEFT FROM BUILDING;;;[43.13537907799065, -88.00214535356932];6450 N 73RD ST
150080034;01/08/2015;01:17 PM;4.0;THEFT FROM BUILDING;;;[43.1192454767734, -87.97687985789716];5151 W SILVER SPRING DR
150070104;01/07/2015;09:10 PM;4.0;THEFT FROM MOTOR VEHICLE;;;[43.11920071589671, -87.98383527651546];5739 W SILVER SPRING DR
150050030;01/05/2015;09:52 AM;4.0;THEFT FROM MOTOR VEHICLE;;;[43.17805722219716, -88.00320382100347];7600 W BROWN DEER RD
150050054;01/05/2015;01:51 PM;4.0;THEFT FROM BUILDING;;;[43.14137007589874, -87.9770370130813];5200 W GREEN TREE RD
150020033;01/02/2015;08:25 AM;4.0;THEFT OF MOTOR VEHICLE PARTS/ACCESSORIES;;;[43.160715115182654, -87.97569162479058];7867 N LINK PL
150020049;01/02/2015;10:26 AM;4.0;THEFT OF MOTOR VEHICLE PARTS/ACCESSORIES;;;[43.11757528183162, -87.97628428183161];5100 W SHERIDAN AV
150020076;01/02/2015;10:56 AM;4.0;THEFT FROM MOTOR VEHICLE;THEFT OF MOTOR VEHICLE PARTS/ACCESSORIES;;[43.13865220869654, -88.01892544145639];6651 N 85TH ST
