Incident Number;Date;Time;Police District;Offense 1;Offense 2;Offense 3;Offense 4;Location;Address
152730067;09/30/2015;01:16 PM;7.0;THEFT OF MOTOR VEHICLE PARTS/ACCESSORIES;;;;[43.10699374854292, -87.97260586078269];4922 N 48TH ST
152730135;09/30/2015;07:09 PM;5.0;THEFT FROM BUILDING;;;;[43.09399677367502, -87.93350891822978];1801 W OLIVE ST
152720168;09/29/2015;08:45 PM;4.0;THEFT FROM BUILDING;;;;[43.116578904264415, -87.9237369763111];5479 N MILWAUKEE RIVER PK
152710051;09/28/2015;11:16 AM;7.0;THEFT FROM BUILDING;;;;[43.11089449711447, -87.97251133236193];4736 W EGGERT PL
152710119;09/28/2015;04:21 PM;5.0;THEFT FROM BUILDING;;;;[43.090334298084144, -87.93433247013695];4028 N 19TH ST
152700077;09/27/2015;09:24 AM;7.0;THEFT FROM MOTOR VEHICLE;;;;[43.10582411518263, -87.95904863532216];4861 N 37TH ST
152690108;09/26/2015;04:50 PM;7.0;THEFT OF MOTOR VEHICLE PARTS/ACCESSORIES;;;;[43.108320518754546, -87.97571172300768];5016 W FAIRMOUNT AV
152680041;09/25/2015;09:00 AM;5.0;THEFT FROM BUILDING;;;;[43.09399677367502, -87.93350891822978];1801 W OLIVE ST
152650029;09/22/2015;06:44 AM;7.0;THEFT FROM MOTOR VEHICLE;;;;[43.10808199417161, -87.94524391185313];4968 N 26TH ST
152640124;09/21/2015;12:32 PM;4.0;THEFT FROM MOTOR VEHICLE;THEFT OF MOTOR VEHICLE PARTS/ACCESSORIES;;;[43.14069940882337, -87.96566502005355];6770 N 43RD ST
152630024;09/20/2015;03:00 AM;7.0;THEFT FROM MOTOR VEHICLE;THEFT OF MOTOR VEHICLE PARTS/ACCESSORIES;;;[43.110999586733215, -87.95156809925535];5157 N 31ST ST
152620119;09/19/2015;01:51 PM;4.0;THEFT FROM MOTOR VEHICLE;;;;[43.14122447287824, -87.96279158381903];4101 W GREEN TREE RD
152560128;09/13/2015;05:55 PM;4.0;THEFT OF MOTOR VEHICLE PARTS/ACCESSORIES;;;;[43.127257563618166, -87.96474013060697];6038 N 42ND ST
152540061;09/11/2015;08:51 AM;7.0;THEFT FROM MOTOR VEHICLE;THEFT OF MOTOR VEHICLE PARTS/ACCESSORIES;;;[43.10756069608749, -87.96505161368208];4951 N 42ND ST
152510118;09/08/2015;03:07 PM;4.0;THEFT FROM BUILDING;;;;[43.11391490590919, -87.9501708961274];5301 N TEUTONIA AV
152510129;09/08/2015;04:19 PM;7.0;THEFT FROM MOTOR VEHICLE;;;;[43.10471592996055, -87.95991463775593];4800 N HOPKINS ST
152500115;09/07/2015;01:50 PM;5.0;THEFT FROM MOTOR VEHICLE;;;;[43.10312403136362, -87.95295760315051];4765 N 32ND ST #220
152460069;09/03/2015;09:54 AM;7.0;THEFT FROM MOTOR VEHICLE;;;;[43.10403055952457, -87.93127331825232];4775 N GREEN BAY AV
152460108;09/03/2015;04:50 PM;4.0;THEFT FROM MOTOR VEHICLE;;;;[43.11435248124544, -87.94064202844942];2317 W LAWN AV
152450110;09/02/2015;04:37 PM;4.0;THEFT OF MOTOR VEHICLE PARTS/ACCESSORIES;;;;[43.1433264657222, -87.96554592238472];6916 N 43RD ST
152730017;09/30/2015;06:30 AM;3.0;THEFT FROM MOTOR VEHICLE;;;;[43.03141746768411, -87.99017416763806];6202 W FAIRVIEW AV
152700026;09/27/2015;06:00 AM;3.0;THEFT FROM MOTOR VEHICLE;;;;[43.05420970191585, -87.97610300620374];1756 N HI MOUNT BL
152700033;09/27/2015;07:50 AM;3.0;THEFT FROM MOTOR VEHICLE;;;;[43.038687470136956, -87.97377060935426];4733 W WISCONSIN AV
152700126;09/27/2015;06:59 PM;3.0;THEFT OF MOTOR VEHICLE PARTS/ACCESSORIES;;;;[43.04953825145711, -87.98000963532216];1409 N 53RD ST
152700159;09/27/2015;09:41 PM;7.0;THEFT FROM MOTOR VEHICLE;;;;[43.075390528420755, -87.99322444463039];6511 W BURLEIGH ST
152680028;09/25/2015;07:19 AM;3.0;THEFT FROM MOTOR VEHICLE;;;;[43.04605094751592, -87.98354689246341];5615 W MARTIN DR
152670066;09/24/2015;12:54 PM;3.0;THEFT FROM MOTOR VEHICLE;;;;[43.06010324562871, -87.97988244460173];2236 N 53RD ST
152660090;09/23/2015;01:06 PM;3.0;THEFT FROM MOTOR VEHICLE;BURGLARY/BREAKING AND ENTERING;;;[43.0339047171793, -87.9769729773503];308 N 50TH ST
152660146;09/23/2015;05:19 PM;7.0;THEFT OF MOTOR VEHICLE PARTS/ACCESSORIES;;;;[43.074917863725545, -87.9785585809335];3069 N 52ND ST
152640137;09/21/2015;04:20 PM;7.0;THEFT OF MOTOR VEHICLE PARTS/ACCESSORIES;;;;[43.081469302399405, -87.99483469219514];3425 N 67TH ST
152610137;09/18/2015;05:40 PM;3.0;THEFT FROM MOTOR VEHICLE;;;;[43.0256525029142, -87.99741011757723];615 S 68TH ST
152600059;09/17/2015;11:19 AM;3.0;THEFT FROM BUILDING;;;;[43.02551658090485, -88.00715245282562];620 S 76TH ST
152600069;09/17/2015;12:01 PM;7.0;THEFT FROM MOTOR VEHICLE;;;;[43.0879317485429, -88.00060635356932];3906 N 71ST ST
152600108;09/17/2015;03:00 PM;3.0;THEFT FROM MOTOR VEHICLE;;;;[43.05365966472388, -87.97871393738835];1728 N 52ND ST
152580045;09/15/2015;08:34 AM;7.0;THEFT OF MOTOR VEHICLE PARTS/ACCESSORIES;;;;[43.072848586733215, -87.97486107372015];2955 N 49TH ST
152580087;09/15/2015;01:38 PM;7.0;THEFT OF MOTOR VEHICLE PARTS/ACCESSORIES;;;;[43.082980994171635, -87.99212644791994];3514 N 64TH ST
152580097;09/15/2015;12:43 PM;7.0;THEFT OF MOTOR VEHICLE PARTS/ACCESSORIES;;;;[43.06805348211083, -87.98454109533156];5708 W CENTER ST
152570033;09/14/2015;07:56 AM;7.0;THEFT FROM MOTOR VEHICLE;;;;[43.08185532361938, -87.98570395181508];3444 N 58TH ST
152570121;09/14/2015;03:55 PM;7.0;THEFT FROM MOTOR VEHICLE;;;;[43.07352151399405, -87.9946605];6623 W CHAMBERS ST
152560122;09/13/2015;05:03 PM;7.0;THEFT OF MOTOR VEHICLE PARTS/ACCESSORIES;;;;[43.086223517917844, -88.00099543363746];7158 W APPLETON AV
152540111;09/11/2015;09:24 AM;3.0;THEFT FROM MOTOR VEHICLE;;;;[43.02500361226845, -87.9987095809335];645 S 69TH ST
152540169;09/11/2015;07:07 PM;7.0;THEFT FROM BUILDING;;;;[43.07028172107443, -87.98679390463978];5926-A W APPLETON AV
152530035;09/10/2015;06:30 AM;3.0;THEFT FROM MOTOR VEHICLE;;;;[43.034907731317574, -87.97594426507575];4837 W SUNNYSIDE DR
152530059;09/10/2015;11:42 AM;3.0;THEFT FROM MOTOR VEHICLE;;;;[43.053533025535216, -87.97473957372014];1723 N 49TH ST
152490104;09/06/2015;02:52 PM;7.0;THEFT OF MOTOR VEHICLE PARTS/ACCESSORIES;;;;[43.08673273743442, -88.00166547824435];7177 W APPLETON AV
152490121;09/06/2015;03:46 PM;3.0;THEFT FROM BUILDING;;;;[43.0607915294116, -87.98672676065398];5926 W NORTH AV
152470013;09/03/2015;10:11 PM;3.0;THEFT FROM BUILDING;;;;[43.03009922592187, -88.02724341127622];146 S 92ND ST
152450008;09/02/2015;12:53 AM;3.0;THEFT FROM MOTOR VEHICLE;;;;[43.05299550764604, -87.972984];4722 W WASHINGTON BL
152450036;09/02/2015;04:53 AM;3.0;THEFT OF MOTOR VEHICLE PARTS/ACCESSORIES;;;;[43.05841985789718, -87.98084810646873];2157 N 54TH ST #LWR
152450074;09/02/2015;12:08 PM;3.0;THEFT OF MOTOR VEHICLE PARTS/ACCESSORIES;;;;[43.03892418177403, -87.97575151019416];4938 W WISCONSIN AV
152450153;09/02/2015;07:49 PM;7.0;THEFT OF MOTOR VEHICLE PARTS/ACCESSORIES;;;;[43.07375644463039, -87.9862490809335];3009 N 59TH ST
152710070;09/28/2015;12:35 PM;6.0;THEFT OF MOTOR VEHICLE PARTS/ACCESSORIES;;;;[42.981847417232494, -87.94853596808659];3477 S 27TH ST
152710077;09/28/2015;01:54 PM;6.0;THEFT OF MOTOR VEHICLE PARTS/ACCESSORIES;;;;[42.986851513994026, -88.01372135789715];8035 W EUCLID AV
152710168;09/28/2015;07:04 PM;6.0;THEFT FROM BUILDING;;;;[42.9784930058284, -88.0202995226497];3627 S 86TH ST
152690090;09/26/2015;02:21 PM;6.0;THEFT OF MOTOR VEHICLE PARTS/ACCESSORIES;;;;[42.984705397388694, -87.94846638397011];3333 S 27TH ST
152690091;09/26/2015;02:21 PM;6.0;THEFT OF MOTOR VEHICLE PARTS/ACCESSORIES;;;;[42.9831945672858, -87.94849586902569];3401 S 27TH ST
152670103;09/24/2015;05:51 PM;6.0;THEFT OF MOTOR VEHICLE PARTS/ACCESSORIES;;;;[42.98790524453221, -87.96996579268844];4440 W FOREST HOME AV
152650037;09/22/2015;08:04 AM;6.0;THEFT FROM MOTOR VEHICLE;;;;[42.97401609950371, -87.94872580596993];2720 W HOWARD AV
152630050;09/20/2015;09:38 AM;6.0;THEFT FROM MOTOR VEHICLE;;;;[42.99767924562872, -87.99570295181508];2570 S 67TH ST
152630081;09/20/2015;12:42 PM;6.0;THEFT FROM BUILDING;;;;[42.97343791032325, -88.00816438422375];3913 S 76TH ST #7
152640002;09/20/2015;10:47 PM;6.0;THEFT FROM MOTOR VEHICLE;;;;[42.998670000000004, -87.99911953707641];2521 S 69TH ST
152620098;09/19/2015;02:31 PM;6.0;THEFT FROM MOTOR VEHICLE;;;;[42.97401609950371, -87.94873117661656];2722 W HOWARD AV
152620105;09/19/2015;03:05 PM;6.0;THEFT FROM MOTOR VEHICLE;;;;[42.97403409952649, -87.95011027143902];2820 W HOWARD AV #3
152620173;09/19/2015;08:10 PM;6.0;THEFT FROM BUILDING;;;;[42.98290650678069, -87.98353085789716];5517 W HOLT AV
152620009;09/18/2015;11:27 PM;6.0;THEFT FROM MOTOR VEHICLE;;;;[42.974716224671994, -87.95320765126252];3870 S MINER ST #1
152570058;09/14/2015;07:39 AM;6.0;THEFT FROM MOTOR VEHICLE;;;;[42.98162004804069, -87.98031959481196];5224 W FOREST HOME AV
152580007;09/14/2015;11:28 PM;6.0;THEFT FROM BUILDING;;;;[42.999439228587136, -87.96959022913687];2459 S 43RD ST #302
152550060;09/12/2015;11:39 AM;6.0;THEFT FROM MOTOR VEHICLE;;;;[42.980642580904856, -87.98912447013694];3520 S 61ST ST
152530173;09/10/2015;10:15 PM;6.0;THEFT FROM MOTOR VEHICLE;;;;[42.986817586733224, -87.96792752654483];3167 S 43RD ST
152510046;09/08/2015;09:07 AM;6.0;THEFT FROM MOTOR VEHICLE;;;;[42.98680875437128, -87.96545051543632];3169 S 41ST ST
152510112;09/08/2015;01:55 PM;6.0;THEFT FROM BUILDING;;;;[42.99485375826644, -87.98777105539827];2727 S 60TH ST #2
152510143;09/08/2015;05:05 PM;6.0;THEFT FROM MOTOR VEHICLE;;;;[42.98402411217089, -87.94350398033778];2304 W SUNBURY CT
152490098;09/06/2015;02:09 PM;6.0;THEFT FROM BUILDING;;;;[42.98489091248832, -87.94843751889785];3355 S 27TH ST
152460031;09/03/2015;05:08 AM;6.0;THEFT FROM BUILDING;;;;[42.98507958090485, -87.98643347013694];3270 S 58TH ST
152460049;09/03/2015;09:20 AM;6.0;THEFT FROM MOTOR VEHICLE;;;;[42.985476471550584, -88.01882447013695];3242 S 85TH ST
152460076;09/03/2015;01:09 PM;6.0;THEFT FROM MOTOR VEHICLE;;;;[42.98728270716733, -87.98618478879331];5801 W LAKEFIELD DR
152440050;09/01/2015;10:53 AM;6.0;THEFT OF MOTOR VEHICLE PARTS/ACCESSORIES;;;;[42.97329075437128, -87.98558855539827];3921 S 57TH ST
152440116;09/01/2015;05:37 PM;6.0;THEFT FROM MOTOR VEHICLE;;;;[42.97943176943963, -87.94922121638618];2700 W LOOMIS RD
152500144;09/01/2015;07:22 PM;6.0;THEFT FROM BUILDING;;;;[42.98822154674261, -88.00244983236193];7201 W OKLAHOMA AV
152730081;09/30/2015;02:16 PM;2.0;THEFT OF MOTOR VEHICLE PARTS/ACCESSORIES;;;;[43.02331816196852, -87.92832526764168];1310 W NATIONAL AV
152730143;09/30/2015;11:14 PM;2.0;THEFT FROM BUILDING;;;;[43.0029619030159, -87.93030724790034];1414 W LINCOLN AV
152730149;09/30/2015;08:16 PM;2.0;THEFT FROM BUILDING;;;;[43.01413484948038, -87.93110372491338];1515 W LAPHAM BL
152720056;09/29/2015;11:50 AM;2.0;THEFT FROM MOTOR VEHICLE;;;;[43.01370481592378, -87.91842150753479];1620 S 6TH ST #204
152720058;09/29/2015;11:30 AM;2.0;THEFT FROM MOTOR VEHICLE;;;;[43.02072693588781, -87.91268054876183];1017 S 2ND ST
152720131;09/29/2015;07:11 PM;2.0;THEFT FROM BUILDING;;;;[43.00280386384389, -87.9275821306919];1225 W LINCOLN AV
152710025;09/28/2015;09:25 AM;2.0;THEFT OF MOTOR VEHICLE PARTS/ACCESSORIES;;;;[42.999205514859426, -87.927831];1214 W ARTHUR AV
152710064;09/28/2015;12:18 PM;2.0;THEFT OF MOTOR VEHICLE PARTS/ACCESSORIES;;;;[42.99972232944776, -87.92851442627985];2468 S 13TH ST
152710172;09/28/2015;10:13 PM;2.0;THEFT FROM MOTOR VEHICLE;;;;[43.00967654954124, -87.9241634662418];1920 S 10TH ST
152700015;09/27/2015;03:25 AM;1.0;THEFT FROM MOTOR VEHICLE;;;;[43.029536018321856, -87.91107906982499];161 S 1ST ST
152700025;09/27/2015;04:35 AM;1.0;THEFT FROM MOTOR VEHICLE;;;;[43.029536018321856, -87.91107906982499];161 S 1ST ST
152700034;09/27/2015;08:30 AM;2.0;THEFT FROM BUILDING;;;;[43.0222021306118, -87.90711142535162];818 S WATER ST
152690143;09/26/2015;06:30 PM;2.0;THEFT FROM BUILDING;;;;[43.02162866472386, -87.9330159001677];916 S CESAR E CHAVEZ DR
152670090;09/24/2015;04:21 PM;2.0;THEFT OF MOTOR VEHICLE PARTS/ACCESSORIES;;;;[43.00539655440549, -87.93445496808273];2163 S 17TH ST
152660044;09/23/2015;08:11 AM;2.0;THEFT OF MOTOR VEHICLE PARTS/ACCESSORIES;;;;[43.02640613148584, -87.91551067762198];400 W VIRGINIA ST
152660045;09/23/2015;08:27 AM;2.0;THEFT OF MOTOR VEHICLE PARTS/ACCESSORIES;;;;[43.015642323619375, -87.92393545902844];1512 S 10TH ST
152660047;09/23/2015;08:44 AM;2.0;THEFT OF MOTOR VEHICLE PARTS/ACCESSORIES;;;;[43.01902450288553, -87.92462266763806];1025 W SCOTT ST
152660078;09/23/2015;12:19 PM;2.0;THEFT OF MOTOR VEHICLE PARTS/ACCESSORIES;;;;[43.013534596804185, -87.91842870911293];1630 S 6TH ST
152660083;09/23/2015;01:05 PM;1.0;THEFT OF MOTOR VEHICLE PARTS/ACCESSORIES;;;;[43.02737346047076, -87.91598127407813];408 W FLORIDA ST
152660155;09/23/2015;06:24 PM;2.0;THEFT OF MOTOR VEHICLE PARTS/ACCESSORIES;;;;[43.01413484948038, -87.93110372491338];1515 W LAPHAM BL
152650096;09/22/2015;02:00 PM;2.0;THEFT FROM BUILDING;;;;[43.0142714121416, -87.93587149068051];1580-A S MUSKEGO AV
152640072;09/21/2015;11:12 AM;2.0;THEFT FROM BUILDING;;;;[43.02299636081136, -87.91267955539827];801 S 2ND ST
152640218;09/21/2015;10:20 PM;2.0;THEFT FROM BUILDING;;;;[43.01287807660568, -87.9168091031505];1669 S 5TH ST
152630117;09/20/2015;04:05 PM;2.0;THEFT FROM MOTOR VEHICLE;;;;[43.006542140695856, -87.92308268441751];900 W BECHER ST
152620026;09/19/2015;03:33 AM;2.0;THEFT OF MOTOR VEHICLE PARTS/ACCESSORIES;;;;[43.00653367428991, -87.91879160023815];600 W BECHER ST
152620054;09/19/2015;07:20 AM;1.0;THEFT FROM MOTOR VEHICLE;;;;[43.027349529863066, -87.91361180682671];234 W FLORIDA ST
152610181;09/18/2015;11:05 PM;2.0;THEFT FROM MOTOR VEHICLE;;;;[43.023825000000016, -87.91690009925536];715 S 5TH ST
152550007;09/17/2015;05:18 AM;2.0;THEFT FROM MOTOR VEHICLE;;;;[43.0122684884588, -87.92985035789717];1401 W MITCHELL ST
152600070;09/17/2015;12:04 PM;2.0;THEFT FROM MOTOR VEHICLE;;;;[43.00619717451563, -87.9257934839374];2113 S 11TH ST
152590087;09/16/2015;03:14 PM;2.0;THEFT FROM MOTOR VEHICLE;;;;[43.02413665175822, -87.9153536517582];700 S 4TH ST
152590108;09/16/2015;05:24 PM;2.0;THEFT OF MOTOR VEHICLE PARTS/ACCESSORIES;;;;[43.00798625728547, -87.92571904097154];2009 S 11TH ST
152590110;09/16/2015;05:31 PM;2.0;THEFT OF MOTOR VEHICLE PARTS/ACCESSORIES;;;;[43.01927966472388, -87.92399759536022];1139 S 10TH ST
152590122;09/16/2015;06:10 PM;2.0;THEFT FROM BUILDING;;;;[43.00277686387812, -87.9212385];801 W LINCOLN AV
152580158;09/15/2015;07:02 PM;2.0;THEFT FROM BUILDING;;;;[43.01413484948038, -87.93110372491338];1515 W LAPHAM BL
152570065;09/14/2015;10:21 AM;2.0;THEFT FROM MOTOR VEHICLE;;;;[43.02090100582839, -87.91679590795799];1000 S 5TH ST
152570099;09/14/2015;01:15 PM;2.0;THEFT FROM MOTOR VEHICLE;;;;[43.012847915659684, -87.92685080710724];1670 S 12TH ST
152570165;09/14/2015;05:39 PM;2.0;THEFT FROM MOTOR VEHICLE;;;;[43.017704497085816, -87.9380334190665];1314 S 20TH ST
152560063;09/13/2015;10:49 AM;2.0;THEFT FROM MOTOR VEHICLE;;;;[43.002916500432704, -87.92708332944774];1136 W LINCOLN AV
152540119;09/11/2015;03:00 PM;2.0;THEFT OF MOTOR VEHICLE PARTS/ACCESSORIES;;;;[43.00904539607009, -87.93584735134763];1962 S CONGO AV
152530032;09/10/2015;08:17 AM;2.0;THEFT OF MOTOR VEHICLE PARTS/ACCESSORIES;;;;[43.02014646047076, -87.93165191909516];1536 W WASHINGTON ST
152530110;09/10/2015;05:08 PM;2.0;THEFT FROM MOTOR VEHICLE;;;;[43.01817299999999, -87.93305343349321];1238 S CESAR E CHAVEZ DR
152520111;09/09/2015;03:35 PM;2.0;THEFT FROM MOTOR VEHICLE;;;;[43.01364177823307, -87.91117395646003];1635 S 1ST ST
152520147;09/09/2015;10:30 PM;2.0;THEFT OF MOTOR VEHICLE PARTS/ACCESSORIES;;;;[43.00068841883537, -87.93273321637123];1562 W WINDLAKE AV
152510034;09/08/2015;08:17 AM;2.0;THEFT FROM MOTOR VEHICLE;THEFT OF MOTOR VEHICLE PARTS/ACCESSORIES;;;[42.997832077990665, -87.92487347013694];2562 S 10TH ST
152510071;09/08/2015;11:49 AM;2.0;THEFT FROM MOTOR VEHICLE;;;;[43.01291624562873, -87.92121393349322];1656 S 8TH ST
152510153;09/08/2015;05:50 PM;2.0;THEFT FROM MOTOR VEHICLE;;;;[43.00581527699234, -87.93442805539827];2131 S 17TH ST
152500027;09/07/2015;02:40 AM;2.0;THEFT FROM BUILDING;;;;[43.0226403424895, -87.92534757372015];825 S 11TH ST #LWR
152500089;09/07/2015;12:23 PM;2.0;THEFT OF MOTOR VEHICLE PARTS/ACCESSORIES;;;;[42.99928981292549, -87.9313273801115];1500 W ARTHUR AV
152500181;09/07/2015;10:25 PM;2.0;THEFT FROM BUILDING;;;;[43.01227448124546, -87.9127605];201 W MITCHELL ST
152480109;09/05/2015;03:11 PM;2.0;THEFT FROM BUILDING;;;;[43.01703747879261, -87.93586400291419];1804 W GREENFIELD AV
152470020;09/04/2015;02:25 AM;1.0;THEFT OF MOTOR VEHICLE PARTS/ACCESSORIES;;;;[43.02939150000002, -87.9132645];400 W FRESHWATER WA
152470047;09/04/2015;09:12 AM;2.0;THEFT OF MOTOR VEHICLE PARTS/ACCESSORIES;;;;[43.01413484948038, -87.93110372491338];1515 W LAPHAM BL
152460128;09/03/2015;06:42 PM;2.0;THEFT OF MOTOR VEHICLE PARTS/ACCESSORIES;;;;[43.02498529829975, -87.92677374930321];633 S 12TH ST
152470009;09/03/2015;09:05 PM;2.0;THEFT OF MOTOR VEHICLE PARTS/ACCESSORIES;;;;[43.00577907799067, -87.92000447287825];2130 S 7TH ST
152450079;09/02/2015;12:49 PM;2.0;THEFT OF MOTOR VEHICLE PARTS/ACCESSORIES;;;;[43.02077400000002, -87.93308960646873];1023 S CESAR E CHAVEZ DR
152720088;09/29/2015;02:30 PM;2.0;THEFT OF MOTOR VEHICLE PARTS/ACCESSORIES;;;;[43.00084845045876, -87.93456755539827];2415 S 17TH ST
152710027;09/28/2015;08:54 AM;6.0;THEFT FROM BUILDING;;;;[42.98562657951987, -87.93384059608044];3237 S 16TH ST #CIC-2
152710044;09/28/2015;11:01 AM;6.0;THEFT OF MOTOR VEHICLE PARTS/ACCESSORIES;;;;[42.928111878356134, -87.93040502480846];6401 S 13TH ST
152710065;09/28/2015;12:22 PM;6.0;THEFT OF MOTOR VEHICLE PARTS/ACCESSORIES;;;;[42.960384000000005, -87.91112906376547];4601 S 1ST ST
152710109;09/28/2015;05:37 PM;6.0;THEFT OF MOTOR VEHICLE PARTS/ACCESSORIES;;;;[42.93750952368889, -87.90949644737262];5890 S HOWELL AV
152700046;09/27/2015;10:14 AM;6.0;THEFT FROM MOTOR VEHICLE;;;;[42.98006719900167, -87.93745054097155];3545 S 19TH ST
152700068;09/27/2015;12:38 PM;6.0;THEFT FROM MOTOR VEHICLE;DESTRUCTION/DAMAGE/VANDALISM OF PROPERTY;;;[42.988497958293024, -87.93857776026523];2000 W OKLAHOMA AV
152690057;09/26/2015;09:51 AM;6.0;THEFT OF MOTOR VEHICLE PARTS/ACCESSORIES;;;;[42.97704549667428, -87.94817339603092];3716 S 27TH ST
152700174;09/24/2015;08:26 PM;2.0;THEFT OF MOTOR VEHICLE PARTS/ACCESSORIES;;;;[43.00610324562871, -87.9367149190665];2118 S 19TH ST
152660066;09/23/2015;11:25 AM;6.0;THEFT OF MOTOR VEHICLE PARTS/ACCESSORIES;;;;[42.96128569810369, -87.93884123398891];4572 S 20TH ST
152660127;09/23/2015;05:25 PM;6.0;THEFT OF MOTOR VEHICLE PARTS/ACCESSORIES;;;;[42.98562657951987, -87.93384059608044];3237 S 16TH ST
152650067;09/22/2015;09:31 AM;6.0;THEFT FROM BUILDING;;;;[42.964587009175276, -87.94845598340983];4400 S 27TH ST #108
152650089;09/22/2015;11:09 AM;6.0;THEFT FROM BUILDING;;;;[42.934837594241905, -87.94909571808766];6044 S 27TH ST #7
152650165;09/22/2015;06:22 PM;2.0;THEFT FROM MOTOR VEHICLE;;;;[42.994385748542896, -87.93837295455639];2740 S 20TH ST
152640055;09/21/2015;10:19 AM;6.0;THEFT FROM MOTOR VEHICLE;;;;[42.98118546047076, -87.93833366472387];1930 W MORGAN AV
152640115;09/21/2015;11:53 AM;6.0;THEFT FROM MOTOR VEHICLE;;;;[42.92639122009348, -87.94022245181507];6526 S 20TH ST
152640115;09/21/2015;11:53 AM;6.0;THEFT OF MOTOR VEHICLE PARTS/ACCESSORIES;;;;[42.92639122009348, -87.94022245181507];6526 S 20TH ST
152610058;09/18/2015;11:55 AM;6.0;THEFT OF MOTOR VEHICLE PARTS/ACCESSORIES;;;;[42.94186166472389, -87.92944449841346];5652 S 13TH ST
152610131;09/18/2015;06:15 PM;;THEFT OF MOTOR VEHICLE PARTS/ACCESSORIES;;;;[42.957313805441736, -87.90981854053793];4747 S HOWELL AV
152610151;09/18/2015;07:28 PM;6.0;THEFT FROM MOTOR VEHICLE;;;;[42.97704549667428, -87.94817339603092];3716 S 27TH ST
152600026;09/17/2015;04:56 AM;6.0;THEFT OF MOTOR VEHICLE PARTS/ACCESSORIES;;;;[42.9230454237697, -87.93055745296705];6719 S 13TH ST
152610003;09/17/2015;10:28 PM;6.0;THEFT FROM BUILDING;;;;[42.928111878356134, -87.93040502480846];6401 S 13TH ST
152610006;09/17/2015;05:12 PM;6.0;THEFT FROM BUILDING;;;;[42.95910947561956, -87.918471];545 W LAYTON AV
152590102;09/16/2015;04:43 PM;2.0;THEFT OF MOTOR VEHICLE PARTS/ACCESSORIES;;;;[42.99896699999999, -87.93832442627985];2512 S 20TH ST
152560066;09/13/2015;11:09 AM;6.0;THEFT FROM MOTOR VEHICLE;;;;[42.97953719455828, -87.93871345902845];3574 S 20TH ST
152550066;09/12/2015;12:05 PM;2.0;THEFT OF MOTOR VEHICLE PARTS/ACCESSORIES;;;;[43.00586113627446, -87.9367239190665];2130 S 19TH ST
152540069;09/11/2015;10:50 AM;6.0;THEFT FROM MOTOR VEHICLE;;;;[42.9547895323159, -87.94428316763806];2307 W HALSEY AV
152540077;09/11/2015;10:37 AM;6.0;THEFT FROM BUILDING;;;;[42.98011255536963, -87.91436491185313];3538 S 3RD ST
152540104;09/11/2015;01:49 PM;6.0;THEFT FROM BUILDING;;;;[42.93024050432782, -87.9127197485429];186 W COLLEGE AV
152540105;09/11/2015;01:57 PM;6.0;THEFT FROM MOTOR VEHICLE;;;;[42.95355303136361, -87.9473185010096];5001 S 26TH ST
152540109;09/11/2015;02:21 PM;6.0;THEFT FROM MOTOR VEHICLE;;;;[42.93358250291419, -87.93675598066852];6108 S 18TH ST
152530028;09/10/2015;06:17 AM;6.0;THEFT FROM MOTOR VEHICLE;;;;[42.95497618373823, -87.91320760413144];4921 S 2ND ST
152520153;09/09/2015;07:31 PM;6.0;THEFT FROM MOTOR VEHICLE;;;;[42.95926146047075, -87.898032];900 E LAYTON AV
152520173;09/09/2015;09:46 PM;2.0;THEFT OF MOTOR VEHICLE PARTS/ACCESSORIES;;;;[43.00294553058513, -87.93605113780367];1817 W LINCOLN AV
152510184;09/08/2015;07:15 PM;6.0;THEFT FROM MOTOR VEHICLE;;;;[42.92515467052361, -87.9321752776552];1501 W ZELLMAN CT
152410018;09/07/2015;12:55 AM;6.0;THEFT FROM MOTOR VEHICLE;;;;[42.950825342239725, -87.93405509738632];1651 W EDGERTON AV #T
152480124;09/05/2015;04:29 PM;6.0;THEFT FROM MOTOR VEHICLE;THEFT OF MOTOR VEHICLE PARTS/ACCESSORIES;;;[42.96051841326678, -87.9169749606159];4620 S 5TH ST
152470087;09/04/2015;03:43 PM;6.0;THEFT FROM BUILDING;;;;[42.9636867485429, -87.90463247013695];4436 S GRIFFIN AV
152470121;09/04/2015;07:04 PM;2.0;THEFT OF MOTOR VEHICLE PARTS/ACCESSORIES;;;;[43.003447766673894, -87.93543892168394];2272 S 18TH ST
152460102;09/03/2015;02:54 PM;6.0;THEFT FROM MOTOR VEHICLE;;;;[42.97393048600597, -87.93848208090483];1930 W HOWARD AV
152450030;09/02/2015;04:55 AM;6.0;THEFT FROM MOTOR VEHICLE;THEFT OF MOTOR VEHICLE PARTS/ACCESSORIES;;;[42.93304258673322, -87.92963155208005];6147 S 13TH ST
152720031;09/29/2015;08:45 AM;6.0;THEFT FROM MOTOR VEHICLE;;;;[42.98824751009891, -87.92844202553522];1227 W OKLAHOMA AV
152720082;09/29/2015;02:04 PM;6.0;THEFT OF MOTOR VEHICLE PARTS/ACCESSORIES;;;;[42.98241658673322, -87.92648951543633];3417 S 11TH ST
152720147;09/29/2015;08:34 PM;2.0;THEFT OF MOTOR VEHICLE PARTS/ACCESSORIES;;;;[43.006345739565724, -87.91129538614707];2107 S 1ST ST
152710082;09/28/2015;02:28 PM;2.0;THEFT OF MOTOR VEHICLE PARTS/ACCESSORIES;;;;[42.99768997162581, -87.92319293065043];928 W HARRISON AV
152700087;09/27/2015;02:53 PM;6.0;THEFT FROM MOTOR VEHICLE;;;;[42.98949782653355, -87.93141595181508];3026 S 15TH ST
152700093;09/27/2015;03:29 PM;6.0;THEFT OF MOTOR VEHICLE PARTS/ACCESSORIES;;;;[42.990867838190326, -87.92630051543632];2947 S 11TH ST
152700094;09/27/2015;02:28 PM;6.0;THEFT FROM MOTOR VEHICLE;;;;[42.97914075437129, -87.89943004097155];3603 S PINE AV
152690055;09/26/2015;10:17 AM;6.0;THEFT FROM MOTOR VEHICLE;;;;[42.98931975437128, -87.92755151543632];3033 S 12TH ST
152690167;09/26/2015;09:14 PM;6.0;THEFT FROM MOTOR VEHICLE;;;;[42.99661446015362, -87.8980049983552];2653 S KINNICKINNIC AV
152680102;09/25/2015;02:56 PM;6.0;THEFT FROM MOTOR VEHICLE;;;;[42.98835311765217, -87.92761211765215];1200 W OKLAHOMA AV
152650053;09/22/2015;09:53 AM;6.0;THEFT FROM BUILDING;;;;[43.00445632944775, -87.89913490074464];2200 S ALDRICH ST
152650130;09/22/2015;05:44 PM;2.0;THEFT OF MOTOR VEHICLE PARTS/ACCESSORIES;;;;[43.00733688481736, -87.91118241848959];2018 S 1ST ST
152640065;09/21/2015;09:15 AM;6.0;THEFT FROM MOTOR VEHICLE;;;;[42.98829651327194, -87.92575394892954];1016 W OKLAHOMA AV
152640068;09/21/2015;08:40 AM;6.0;THEFT OF MOTOR VEHICLE PARTS/ACCESSORIES;;;;[42.99646949988902, -87.91224545362982];2650 S CHASE AV
152620039;09/19/2015;07:01 AM;6.0;THEFT FROM MOTOR VEHICLE;;;;[42.98832351875456, -87.92065366763806];702 W OKLAHOMA AV
152620046;09/19/2015;07:02 AM;6.0;THEFT FROM MOTOR VEHICLE;;;;[42.98824247013696, -87.89398102553523];1203 E OKLAHOMA AV
152610019;09/18/2015;07:49 AM;6.0;THEFT FROM MOTOR VEHICLE;;;;[42.99286558673322, -87.92626107372014];2835 S 11TH ST
152610066;09/18/2015;12:19 PM;6.0;THEFT FROM MOTOR VEHICLE;THEFT OF MOTOR VEHICLE PARTS/ACCESSORIES;;;[42.990199158800756, -87.92883955491237];1300 W MANITOBA ST
152600053;09/17/2015;10:31 AM;6.0;THEFT FROM MOTOR VEHICLE;;;;[42.97554048237062, -87.90415729107232];3817 S GRIFFIN AV
152590062;09/16/2015;12:27 PM;6.0;THEFT FROM MOTOR VEHICLE;;;;[42.99203677990653, -87.89319057372015];2911 S CALIFORNIA ST
152570108;09/14/2015;02:37 PM;6.0;THEFT OF MOTOR VEHICLE PARTS/ACCESSORIES;;;;[42.97712957369148, -87.90417851543633];3701 S GRIFFIN AV
152570156;09/14/2015;07:01 PM;6.0;THEFT FROM MOTOR VEHICLE;;;;[42.98427967055227, -87.92892957372014];3315 S 13TH ST
152570160;09/14/2015;07:25 PM;6.0;THEFT OF MOTOR VEHICLE PARTS/ACCESSORIES;;;;[43.00064451875455, -87.89831083236193];836 E CONWAY ST
152550105;09/12/2015;06:02 PM;6.0;THEFT OF MOTOR VEHICLE PARTS/ACCESSORIES;;;;[42.97929364466829, -87.89139071449623];1420 E WARNIMONT AV
152540091;09/11/2015;11:18 AM;6.0;THEFT OF MOTOR VEHICLE PARTS/ACCESSORIES;;;;[42.98931955536963, -87.93007495181507];3034 S 14TH ST
152500139;09/07/2015;06:07 PM;6.0;THEFT FROM MOTOR VEHICLE;;;;[42.992299005828386, -87.92506857372014];2863 S 10TH ST
152500193;09/07/2015;11:36 PM;6.0;THEFT FROM MOTOR VEHICLE;;;;[42.99034558673321, -87.92026151543632];2973 S 7TH ST
152490092;09/06/2015;01:02 PM;6.0;THEFT OF MOTOR VEHICLE PARTS/ACCESSORIES;;;;[42.98475311309385, -87.92614257130798];1080 W OHIO AV
152490156;09/06/2015;07:39 PM;2.0;THEFT FROM BUILDING;;;;[42.995502546742614, -87.92931094463039];1325 W CLEVELAND AV
152480076;09/05/2015;12:09 PM;6.0;THEFT OF MOTOR VEHICLE PARTS/ACCESSORIES;;;;[42.99080328947528, -87.90438585133762];2969 S HOWELL AV
152470058;09/04/2015;10:11 AM;6.0;THEFT OF MOTOR VEHICLE PARTS/ACCESSORIES;;;;[42.98181302407337, -87.91841160300025];500 W HOLT AV
152460026;09/03/2015;04:19 AM;6.0;THEFT OF MOTOR VEHICLE PARTS/ACCESSORIES;;;;[42.98333341326679, -87.92639341185313];3358 S 11TH ST #UPPR
152460036;09/03/2015;07:40 AM;6.0;THEFT FROM MOTOR VEHICLE;;;;[42.97010150432782, -87.9044715];430 E WATERFORD AV
152460039;09/03/2015;08:14 AM;6.0;THEFT FROM MOTOR VEHICLE;;;;[42.96770228700431, -87.89755094641939];4238 S WHITNALL AV
152450073;09/02/2015;12:01 PM;6.0;THEFT OF MOTOR VEHICLE PARTS/ACCESSORIES;;;;[42.98898655536962, -87.9300739773503];3050 S 14TH ST
152450174;09/02/2015;09:00 PM;6.0;THEFT FROM MOTOR VEHICLE;;;;[43.00108253318128, -87.90619033236193];320 E SMITH ST
152440024;09/01/2015;05:15 AM;6.0;THEFT FROM MOTOR VEHICLE;;;;[42.98635858673322, -87.92398751543632];3205 S 9TH PL
152720164;09/29/2015;11:10 PM;7.0;THEFT OF MOTOR VEHICLE PARTS/ACCESSORIES;;;;[43.071425664723876, -87.95850638631792];2876 N 36TH ST
152710059;09/28/2015;12:01 PM;3.0;THEFT OF MOTOR VEHICLE PARTS/ACCESSORIES;;;;[43.066045486005976, -87.94763083236194];2700 W CLARKE ST
152710113;09/28/2015;04:59 PM;3.0;THEFT FROM MOTOR VEHICLE;;;;[43.05348140218695, -87.94721070843673];2624 W LISBON AV
152690075;09/26/2015;12:50 PM;3.0;THEFT FROM BUILDING;;;;[43.06353468665241, -87.92868646915599];2468 N TEUTONIA AV
152670079;09/24/2015;02:34 PM;7.0;THEFT OF MOTOR VEHICLE PARTS/ACCESSORIES;;;;[43.070678664723886, -87.95851538631791];2842 N 36TH ST
152660141;09/23/2015;06:02 PM;3.0;THEFT FROM MOTOR VEHICLE;;;;[43.05350850874257, -87.92707152986304];1747 N 12TH ST
152650119;09/22/2015;05:00 PM;3.0;THEFT FROM BUILDING;;;;[43.06143621039449, -87.9450432029281];2345 N 25TH ST
152640035;09/21/2015;08:22 AM;3.0;THEFT FROM MOTOR VEHICLE;;;;[43.0530474970858, -87.94880059925535];1711 N 28TH ST
152620111;09/19/2015;03:21 PM;3.0;THEFT FROM MOTOR VEHICLE;;;;[43.06092267110245, -87.97610606768698];2314 N 50TH ST
152610064;09/18/2015;10:35 AM;5.0;THEFT FROM MOTOR VEHICLE;;;;[43.06791379187922, -87.93877163741945];2100 W CENTER ST
152600127;09/17/2015;05:21 PM;3.0;THEFT OF MOTOR VEHICLE PARTS/ACCESSORIES;;;;[43.05447430836876, -87.93020800892508];1376 W FOND DU LAC AV
152590031;09/16/2015;07:45 AM;3.0;THEFT FROM MOTOR VEHICLE;;;;[43.06635781993092, -87.92395601507266];2630 N 10TH ST
152590059;09/16/2015;12:09 PM;3.0;THEFT FROM MOTOR VEHICLE;;;;[43.067231245628705, -87.9609654190665];2650 N 38TH ST
152580137;09/15/2015;04:30 PM;3.0;THEFT FROM MOTOR VEHICLE;DESTRUCTION/DAMAGE/VANDALISM OF PROPERTY;;;[43.06059753563411, -87.956811];3433 W NORTH AV
152580139;09/15/2015;05:49 PM;3.0;THEFT OF MOTOR VEHICLE PARTS/ACCESSORIES;;;;[43.06221671130884, -87.92275170541352];900 W MEINECKE AV
152570030;09/14/2015;06:43 AM;3.0;THEFT OF MOTOR VEHICLE PARTS/ACCESSORIES;;;;[43.064514136274454, -87.9761844190665];2506 N 50TH ST
152570052;09/14/2015;08:23 AM;3.0;THEFT OF MOTOR VEHICLE PARTS/ACCESSORIES;;;;[43.06592666472389, -87.96332491185314];2576 N 40TH ST
152570092;09/14/2015;01:11 PM;5.0;THEFT OF MOTOR VEHICLE PARTS/ACCESSORIES;;;;[43.06908516180968, -87.93121388631792];2762 N 15TH ST
152570135;09/14/2015;10:00 PM;5.0;THEFT FROM BUILDING;;;;[43.069464525102525, -87.92772236081134];1303 W HADLEY ST
152550080;09/12/2015;02:07 PM;3.0;THEFT OF MOTOR VEHICLE PARTS/ACCESSORIES;;;;[43.05676500000001, -87.96463538631792];2010 N 41ST ST
152530050;09/10/2015;10:42 AM;7.0;THEFT FROM MOTOR VEHICLE;;;;[43.06881499417162, -87.95974494460172];2740 N 37TH ST
152530150;09/10/2015;09:30 PM;3.0;THEFT OF MOTOR VEHICLE PARTS/ACCESSORIES;;;;[43.06731300000001, -87.96449236078269];2658 N 41ST ST
152520093;09/09/2015;01:57 PM;3.0;THEFT FROM BUILDING;;;;[43.06429521400615, -87.94876221400614];2800 W WRIGHT ST #415
152520117;09/09/2015;05:49 PM;3.0;THEFT OF MOTOR VEHICLE PARTS/ACCESSORIES;;;;[43.06249447097812, -87.95002293962226];2900 W MEINECKE AV
152520123;09/09/2015;06:23 PM;3.0;THEFT FROM MOTOR VEHICLE;;;;[43.060362091200695, -87.9318353459174];1535 W NORTH AV
152510080;09/08/2015;11:41 AM;3.0;THEFT FROM MOTOR VEHICLE;;;;[43.06357813627446, -87.97116293738836];2450 N 46TH ST
152500096;09/07/2015;11:52 AM;3.0;THEFT FROM MOTOR VEHICLE;;;;[43.05516334390313, -87.96218692853022];3830 W LISBON AV
152500131;09/07/2015;05:13 PM;3.0;THEFT FROM MOTOR VEHICLE;;;;[43.06169783819033, -87.9700616281088];2353 N 45TH ST
152490090;09/06/2015;01:00 PM;5.0;THEFT OF MOTOR VEHICLE PARTS/ACCESSORIES;;;;[43.0699052514571, -87.92397163200395];2823 N 10TH ST
152480073;09/05/2015;11:52 AM;3.0;THEFT FROM MOTOR VEHICLE;;;;[43.05872268194922, -87.96931858116464];4404 W LISBON AV
152480081;09/05/2015;12:09 PM;3.0;THEFT FROM MOTOR VEHICLE;;;;[43.064138785993876, -87.95529171400614];3301 W WRIGHT ST
152470029;09/04/2015;07:20 AM;3.0;THEFT FROM MOTOR VEHICLE;;;;[43.05292158090484, -87.94991491185313];1700 N 29TH ST
152470043;09/04/2015;08:57 AM;7.0;THEFT OF MOTOR VEHICLE PARTS/ACCESSORIES;;;;[43.070498664723885, -87.95735386799605];2832 N 35TH ST
152470092;09/04/2015;02:16 PM;3.0;THEFT FROM MOTOR VEHICLE;;;;[43.03888818172833, -87.96085635057489];3734 W WISCONSIN AV
152470110;09/04/2015;03:00 PM;3.0;THEFT FROM BUILDING;;;;[43.05249900000001, -87.96358441906649];1702 N 40TH ST
152450024;09/02/2015;03:39 AM;3.0;THEFT FROM MOTOR VEHICLE;THEFT OF MOTOR VEHICLE PARTS/ACCESSORIES;;;[43.06006874300297, -87.93819299803809];2000 W FOND DU LAC AV
152450071;09/02/2015;08:36 AM;3.0;THEFT FROM MOTOR VEHICLE;;;;[43.05853841909516, -87.96234958093349];2149 N 39TH ST
152450083;09/02/2015;11:38 AM;3.0;THEFT FROM BUILDING;;;;[43.06525486929412, -87.94527650279862];2502 W TAMARACK ST #102
152450115;09/02/2015;05:03 PM;7.0;THEFT FROM BUILDING;;;;[43.06985983236194, -87.96096957372015];2803 N 38TH ST
152730032;09/30/2015;09:06 AM;4.0;THEFT OF MOTOR VEHICLE PARTS/ACCESSORIES;;;;[43.12072870191585, -88.02597109925536];5655 N 91ST ST
152730119;09/30/2015;05:30 PM;4.0;THEFT FROM BUILDING;;;;[43.126795505049905, -88.01271972300768];8135 W FLORIST AV
152700136;09/27/2015;07:22 PM;7.0;THEFT FROM MOTOR VEHICLE;;;;[43.09019448289703, -87.97647325010728];5020 W FOND DU LAC AV
152690122;09/26/2015;04:43 PM;7.0;THEFT FROM BUILDING;;;;[43.10486549321934, -87.98920982653355];6212 W HAMPTON AV #1
152680080;09/25/2015;01:08 PM;4.0;THEFT OF MOTOR VEHICLE PARTS/ACCESSORIES;;;;[43.11818887515466, -87.99471591729171];6717 W SHERIDAN AV
152660133;09/23/2015;05:45 PM;4.0;THEFT OF MOTOR VEHICLE PARTS/ACCESSORIES;;;;[43.113769927604075, -88.00470864837415];7510 W CALDWELL AV
152650028;09/22/2015;06:12 AM;7.0;THEFT OF MOTOR VEHICLE PARTS/ACCESSORIES;;;;[43.09722552986306, -88.00404316763806];7328 W CONGRESS ST
152650138;09/22/2015;06:29 PM;7.0;THEFT FROM BUILDING;;;;[43.09266700582839, -87.99703956261163];4139 N 68TH ST
152640083;09/21/2015;11:42 AM;7.0;THEFT OF MOTOR VEHICLE PARTS/ACCESSORIES;;;;[43.11168397446477, -88.01697064311246];5159 N 85TH ST
152640171;09/21/2015;06:35 PM;4.0;THEFT OF MOTOR VEHICLE PARTS/ACCESSORIES;;;;[43.11205827479985, -87.97916217798361];5330 W VILLARD AV
152640227;09/21/2015;11:53 PM;4.0;THEFT FROM MOTOR VEHICLE;;;;[43.12358050462416, -88.03065361370274];5848 N 95TH CT
152630094;09/20/2015;01:49 PM;7.0;THEFT FROM MOTOR VEHICLE;;;;[43.10244041909516, -87.9955063607827];4670 N 67TH ST
152620128;09/19/2015;05:08 PM;4.0;THEFT FROM MOTOR VEHICLE;;;;[43.11752798003336, -88.03199264305512];9632 W APPLETON AV
152600119;09/17/2015;04:07 PM;4.0;THEFT FROM MOTOR VEHICLE;;;;[43.123160522649684, -88.03409047446478];9732 W CARMEN AV
152590097;09/16/2015;04:20 PM;4.0;THEFT FROM BUILDING;;;;[43.11808534729536, -87.99620734729535];5501 N 68TH ST
152580130;09/15/2015;03:21 PM;4.0;THEFT FROM BUILDING;;;;[43.133979234912665, -88.00229933402325];7301 W MILL RD
152570163;09/14/2015;07:41 PM;4.0;THEFT FROM BUILDING;;;;[43.132536898521295, -88.01565446777578];6317 N 84TH ST
152550082;09/12/2015;02:19 PM;7.0;THEFT FROM MOTOR VEHICLE;;;;[43.09579900582838, -87.9869386392173];4323 N 60TH ST
152550092;09/12/2015;04:04 PM;7.0;THEFT OF MOTOR VEHICLE PARTS/ACCESSORIES;;;;[43.09005545325738, -87.99226272300767];6400 W CAPITOL DR
152540049;09/11/2015;08:29 AM;7.0;THEFT FROM MOTOR VEHICLE;;;;[43.106004167638076, -88.0032981503258];4845 N 73RD ST
152520019;09/09/2015;07:03 AM;7.0;THEFT FROM MOTOR VEHICLE;;;;[43.090613413266794, -88.00058236078269];4026 N 71ST ST
152510097;09/08/2015;01:17 PM;7.0;THEFT OF MOTOR VEHICLE PARTS/ACCESSORIES;;;;[43.09791884514387, -87.98821524949518];6108 W MEDFORD AV
152510104;09/08/2015;01:09 PM;4.0;THEFT FROM BUILDING;;;;[43.12556932944776, -88.00584234246082];5902 N 76TH ST
152490050;09/06/2015;08:18 AM;7.0;THEFT FROM BUILDING;;;;[43.107372838190315, -87.9887690809335];4911 N 62ND ST
152470082;09/04/2015;01:51 PM;7.0;THEFT FROM MOTOR VEHICLE;;;;[43.09819107799066, -88.00447760646873];4443 N 74TH ST
152460070;09/03/2015;12:23 PM;4.0;THEFT OF MOTOR VEHICLE PARTS/ACCESSORIES;;;;[43.11572177537278, -88.02653364232484];9141 W CUSTER AV
152440041;09/01/2015;09:26 AM;7.0;THEFT FROM MOTOR VEHICLE;;;;[43.09493366472387, -88.00186115753918];4261 N 72ND ST
152440045;09/01/2015;10:23 AM;7.0;THEFT OF MOTOR VEHICLE PARTS/ACCESSORIES;;;;[43.096482335276136, -87.99067963200395];4347 N 63RD ST
152440076;09/01/2015;01:19 PM;7.0;THEFT OF MOTOR VEHICLE PARTS/ACCESSORIES;;;;[43.09149566472388, -87.98814535688754];4070 N 61ST ST
152730031;09/30/2015;07:51 AM;1.0;THEFT FROM MOTOR VEHICLE;;;;[43.064505922009346, -87.88555240795799];2532 N MURRAY AV
152730036;09/30/2015;09:04 AM;1.0;THEFT FROM MOTOR VEHICLE;;;;[43.07743925728548, -87.87673805539828];3285 N HACKETT AV
152730051;09/30/2015;11:30 AM;5.0;THEFT OF MOTOR VEHICLE PARTS/ACCESSORIES;;;;[43.06385249321932, -87.89989008090484];912 E WRIGHT ST
152730058;09/30/2015;10:31 AM;1.0;THEFT FROM MOTOR VEHICLE;;;;[43.04683388214729, -87.89758289845985];1133 E KNAPP ST
152730061;09/30/2015;12:33 PM;1.0;THEFT FROM BUILDING;;;;[43.04573451601326, -87.90036358673322];924 E JUNEAU AV
152730087;09/30/2015;02:35 PM;5.0;THEFT FROM MOTOR VEHICLE;;;;[43.06150677407814, -87.90417808093349];2357 N BOOTH ST
152730100;09/30/2015;03:59 PM;1.0;THEFT FROM BUILDING;;;;[43.0465253366611, -87.90864058540556];1245 N BROADWAY
152720078;09/29/2015;01:41 PM;1.0;THEFT FROM MOTOR VEHICLE;;;;[43.05418308964741, -87.89492642627985];1756 N ARLINGTON PL
152720085;09/29/2015;02:15 PM;5.0;THEFT OF MOTOR VEHICLE PARTS/ACCESSORIES;;;;[43.06326266472388, -87.90532592627986];2454 N HOLTON ST
152720150;09/29/2015;09:02 PM;5.0;THEFT FROM MOTOR VEHICLE;;;;[43.06140050291418, -87.90038386799604];2354 N BREMEN ST
152710010;09/28/2015;12:20 AM;5.0;THEFT FROM BUILDING;;;;[43.064064, -87.90160535746448];2500 N FRATNEY ST
152710022;09/28/2015;08:41 AM;5.0;THEFT FROM MOTOR VEHICLE;;;;[43.0807571559813, -87.90130398456367];3444 N FRATNEY ST
152710032;09/28/2015;09:52 AM;5.0;THEFT OF MOTOR VEHICLE PARTS/ACCESSORIES;;;;[43.080825975702965, -87.89627365233416];3430 N DOUSMAN ST
152710133;09/28/2015;07:49 PM;1.0;THEFT FROM BUILDING;;;;[43.06021820882375, -87.88867875];1732 E NORTH AV
152700125;09/27/2015;06:56 PM;1.0;THEFT OF MOTOR VEHICLE PARTS/ACCESSORIES;;;;[43.07161572300768, -87.88293440406287];2930 N MARYLAND AV
152700127;09/27/2015;05:59 PM;1.0;THEFT FROM MOTOR VEHICLE;;;;[43.07342458673324, -87.88173863532217];3031 N FARWELL AV
152670131;09/25/2015;06:36 PM;1.0;THEFT FROM BUILDING;;;;[43.058976033873755, -87.88493557343168];2211 N PROSPECT AV
152680064;09/25/2015;11:41 AM;5.0;THEFT OF MOTOR VEHICLE PARTS/ACCESSORIES;;;;[43.06478416763807, -87.90409487520941];2540 N BOOTH ST
152680083;09/25/2015;11:37 AM;1.0;THEFT FROM MOTOR VEHICLE;;;;[43.057378789918495, -87.89305029476591];1354 E BOYLSTON ST
152670043;09/24/2015;09:40 AM;5.0;THEFT OF MOTOR VEHICLE PARTS/ACCESSORIES;;;;[43.07410741326677, -87.90271592627985];3052 N PIERCE ST
152670096;09/24/2015;05:14 PM;1.0;THEFT OF MOTOR VEHICLE PARTS/ACCESSORIES;;;;[43.04738051947003, -87.91195455736575];1323 N EDISON ST
152670109;09/24/2015;05:12 PM;1.0;THEFT FROM MOTOR VEHICLE;;;;[43.056171827370285, -87.88724866457964];1918 E LAFAYETTE PL
152670110;09/24/2015;06:25 PM;1.0;THEFT FROM BUILDING;;;;[43.07100549841346, -87.89037351832185];1615 E LOCUST ST
152660167;09/23/2015;08:20 PM;1.0;THEFT FROM BUILDING;;;;[43.05001028614276, -87.89665063630352];1518 N WARREN AV
152650048;09/22/2015;09:37 AM;5.0;THEFT OF MOTOR VEHICLE PARTS/ACCESSORIES;;;;[43.07063240743841, -87.90028644460172];2862 N BREMEN ST
152650120;09/22/2015;05:01 PM;1.0;THEFT FROM BUILDING;;;;[43.04818452986307, -87.90425197446477];600 E OGDEN AV
152650127;09/22/2015;05:19 PM;5.0;THEFT FROM MOTOR VEHICLE;;;;[43.080928994171614, -87.9024834190665];3452 N PIERCE ST
152650137;09/22/2015;06:17 PM;1.0;THEFT FROM BUILDING;;;;[43.07222817346644, -87.88176905539827];2955 N FARWELL AV
152630038;09/20/2015;08:33 AM;5.0;THEFT FROM MOTOR VEHICLE;;;;[43.078839904524216, -87.90256547735031];3318 N PIERCE ST
152630046;09/20/2015;09:33 AM;5.0;THEFT FROM MOTOR VEHICLE;;;;[43.06882533527613, -87.90284863200395];2761 N PIERCE ST
152630088;09/20/2015;01:00 PM;1.0;THEFT FROM BUILDING;;;;[43.07358633527613, -87.8792615809335];3035 N STOWELL AV
152630113;09/20/2015;03:41 PM;1.0;THEFT FROM MOTOR VEHICLE;;;;[43.046165814618405, -87.90358834801775];1233 N VAN BUREN ST
152630124;09/20/2015;04:07 PM;1.0;THEFT FROM BUILDING;;;;[43.0493604767734, -87.90469204053886];605 E LYON ST
152630148;09/20/2015;08:37 PM;1.0;THEFT FROM BUILDING;;;;[43.05949221036997, -87.88601746751122];2214 N FARWELL AV
152620184;09/19/2015;10:45 PM;5.0;THEFT FROM MOTOR VEHICLE;;;;[43.060626502914204, -87.90037642296163];2316 N BREMEN ST
152610048;09/18/2015;11:17 AM;1.0;THEFT OF MOTOR VEHICLE PARTS/ACCESSORIES;;;;[43.050402148191026, -87.8963276967513];1550 N WARREN AV
152600118;09/17/2015;02:21 PM;1.0;THEFT FROM MOTOR VEHICLE;;;;[43.0543360076921, -87.89674741923174];1145 E HAMILTON ST
152600143;09/17/2015;04:35 PM;5.0;THEFT FROM BUILDING;;;;[43.06021448211084, -87.8989902485429];1000 E NORTH AV
152590021;09/16/2015;04:32 AM;1.0;THEFT FROM MOTOR VEHICLE;;;;[43.049758547082924, -87.8997464759552];1533 N ASTOR ST
152590056;09/16/2015;11:47 AM;1.0;THEFT FROM MOTOR VEHICLE;;;;[43.05267841326679, -87.90208337520941];1686 N CASS ST
152580048;09/15/2015;07:46 AM;1.0;THEFT FROM MOTOR VEHICLE;;;;[43.05048949899038, -87.89875047016561];1027 E PLEASANT ST
152580051;09/15/2015;07:49 AM;1.0;THEFT FROM MOTOR VEHICLE;;;;[43.049859073206164, -87.90774468568196];1551 N WATER ST
152580094;09/15/2015;12:36 PM;1.0;THEFT FROM MOTOR VEHICLE;;;;[43.06814941326678, -87.883014407958];2734 N MARYLAND AV
152570044;09/14/2015;07:32 AM;1.0;THEFT FROM MOTOR VEHICLE;;;;[43.06213774854291, -87.88678337520942];2434 N CRAMER ST
152570114;09/14/2015;03:22 PM;1.0;THEFT OF MOTOR VEHICLE PARTS/ACCESSORIES;;;;[43.07617677111784, -87.88281842409212];3202 N MARYLAND AV
152570127;09/14/2015;05:09 PM;5.0;THEFT FROM MOTOR VEHICLE;;;;[43.06291255536962, -87.90409587131427];2442 N BOOTH ST
152570154;09/14/2015;05:33 PM;1.0;THEFT FROM MOTOR VEHICLE;;;;[43.044995094244996, -87.91236001870202];1550 N EDISON ST #516
152560055;09/13/2015;08:58 AM;1.0;THEFT FROM MOTOR VEHICLE;;;;[43.06662816180969, -87.88055537520941];2620 N PROSPECT AV
152560097;09/13/2015;01:17 PM;1.0;THEFT OF MOTOR VEHICLE PARTS/ACCESSORIES;;;;[43.06629516180968, -87.88554438242276];2604 N MURRAY AV #101
152560124;09/13/2015;03:57 PM;1.0;THEFT OF MOTOR VEHICLE PARTS/ACCESSORIES;;;;[43.052025370002944, -87.90207892048312];1660 N CASS ST
152560155;09/13/2015;08:46 PM;1.0;THEFT FROM BUILDING;;;;[43.0465253366611, -87.90864058540556];1245 N BROADWAY
152570021;09/13/2015;11:36 PM;5.0;THEFT FROM BUILDING;;;;[43.06564146047075, -87.89677183236194];1132 E CLARKE ST #LWR
152550072;09/12/2015;12:37 PM;1.0;THEFT FROM BUILDING;;;;[43.059246033873755, -87.8846735989669];2217 N PROSPECT AV #310
152540051;09/11/2015;07:30 AM;1.0;THEFT FROM MOTOR VEHICLE;;;;[43.04930027950248, -87.8957853346123];1475 N FARWELL AV
152540064;09/11/2015;09:21 AM;1.0;THEFT FROM MOTOR VEHICLE;;;;[43.047225, -87.8969034190665];1300 N FRANKLIN PL
152540073;09/11/2015;09:50 AM;1.0;THEFT FROM MOTOR VEHICLE;;;;[43.054566301271166, -87.89229212357482];1500 E ROYALL PL
152540098;09/11/2015;11:41 AM;1.0;THEFT FROM MOTOR VEHICLE;;;;[43.05971583845012, -87.88412930180638];2244 N PROSPECT AV
152530058;09/10/2015;11:39 AM;5.0;THEFT OF MOTOR VEHICLE PARTS/ACCESSORIES;;;;[43.07005959256162, -87.90158757372015];2833 N FRATNEY ST
152530107;09/10/2015;04:26 PM;1.0;THEFT FROM MOTOR VEHICLE;;;;[43.04943619512372, -87.90063982926804];906 E LYON ST
152530122;09/10/2015;04:46 PM;1.0;THEFT FROM MOTOR VEHICLE;;;;[43.04573451601326, -87.90036358673322];924 E JUNEAU AV #524
152530126;09/10/2015;07:17 PM;5.0;THEFT FROM MOTOR VEHICLE;;;;[43.06440655536963, -87.89659488963613];2528 N DOUSMAN ST
152530147;09/10/2015;09:23 PM;1.0;THEFT FROM BUILDING;;;;[43.06085244221907, -87.8797688518676];2323 N LAKE DR
152500032;09/09/2015;09:53 PM;1.0;THEFT FROM BUILDING;;;;[43.06015452986306, -87.8870925];1832 E NORTH AV
152520034;09/09/2015;09:39 AM;1.0;THEFT OF MOTOR VEHICLE PARTS/ACCESSORIES;;;;[43.069191539529264, -87.885693];1931 E NEWBERRY BL
152520075;09/09/2015;01:58 PM;1.0;THEFT FROM MOTOR VEHICLE;;;;[43.046165814618405, -87.90358834801775];1233 N VAN BUREN ST
152520083;09/09/2015;03:01 PM;5.0;THEFT FROM MOTOR VEHICLE;;;;[43.07419830391251, -87.90150387131426];3062 N FRATNEY ST
152520155;09/09/2015;08:32 PM;1.0;THEFT FROM MOTOR VEHICLE;;;;[43.057517227047065, -87.88799266544501];2037 N FARWELL AV
152510023;09/08/2015;06:30 AM;5.0;THEFT OF MOTOR VEHICLE PARTS/ACCESSORIES;;;;[43.07512708190191, -87.90146464655012];3120 N FRATNEY ST
152510048;09/08/2015;08:10 AM;1.0;THEFT OF MOTOR VEHICLE PARTS/ACCESSORIES;;;;[43.05248924562872, -87.89958587520941];1680 N ASTOR ST
152510058;09/08/2015;10:40 AM;5.0;THEFT FROM MOTOR VEHICLE;;;;[43.07979783430327, -87.89882366012347];3400 N WEIL ST
152510088;09/08/2015;12:47 PM;5.0;THEFT FROM BUILDING;;;;[43.06133549075093, -87.89928298770512];2363 N WEIL ST
152510096;09/08/2015;01:14 PM;1.0;THEFT FROM BUILDING;;;;[43.080361994171625, -87.87775637520942];3436 N DOWNER AV
152510132;09/08/2015;04:32 PM;1.0;THEFT FROM MOTOR VEHICLE;;;;[43.067834664723875, -87.88670492627985];2716 N CRAMER ST
152510215;09/08/2015;10:03 PM;1.0;THEFT FROM MOTOR VEHICLE;;;;[43.06580456971135, -87.8781403622951];2589 N DOWNER AV
152500054;09/07/2015;08:40 AM;5.0;THEFT FROM MOTOR VEHICLE;;;;[43.062551664723884, -87.90409292627986];2420 N BOOTH ST
152500101;09/07/2015;12:55 PM;1.0;THEFT FROM MOTOR VEHICLE;;;;[43.0556849308892, -87.89238752216492];1856 N CAMBRIDGE AV
152490024;09/06/2015;01:09 AM;1.0;THEFT FROM MOTOR VEHICLE;;;;[43.04581534801775, -87.90358834801775];1201 N VAN BUREN ST
152480060;09/05/2015;10:09 AM;1.0;THEFT FROM MOTOR VEHICLE;;;;[43.07704032361937, -87.8755159773503];3264 N SUMMIT AV
152470027;09/04/2015;06:07 AM;5.0;THEFT FROM MOTOR VEHICLE;;;;[43.062182444630395, -87.90417907703836];2403 N BOOTH ST
152470049;09/04/2015;09:47 AM;1.0;THEFT FROM MOTOR VEHICLE;;;;[43.066601413266795, -87.88796442959809];2618 N OAKLAND AV
152470060;09/04/2015;11:12 AM;5.0;THEFT FROM MOTOR VEHICLE;;;;[43.06276766472388, -87.90409292627986];2430 N BOOTH ST
152470063;09/04/2015;11:53 AM;5.0;THEFT OF MOTOR VEHICLE PARTS/ACCESSORIES;;;;[43.06834833527614, -87.90411860646873];2737 N BOOTH ST
152470096;09/04/2015;04:07 PM;1.0;THEFT FROM MOTOR VEHICLE;;;;[43.06613802831716, -87.87801333705501];2600 N DOWNER AV
152460099;09/03/2015;03:15 PM;5.0;THEFT FROM MOTOR VEHICLE;;;;[43.07475047547438, -87.89932094892954];930 E BURLEIGH ST
152460103;09/03/2015;04:28 PM;1.0;THEFT FROM MOTOR VEHICLE;;;;[43.05861489177092, -87.88354575939161];2233 N SUMMIT AV
152450086;09/02/2015;01:35 PM;1.0;THEFT FROM BUILDING;;;;[43.051489248975585, -87.90600333449673];1635 N WATER ST
152450106;09/02/2015;04:57 PM;1.0;THEFT FROM MOTOR VEHICLE;;;;[43.05713277298161, -87.88679992754926];1834 E WINDSOR PL
152450180;09/02/2015;09:56 PM;1.0;THEFT OF MOTOR VEHICLE PARTS/ACCESSORIES;;;;[43.070896551069005, -87.87440716490752];2909 E LOCUST ST
152440180;09/01/2015;10:34 PM;1.0;THEFT FROM MOTOR VEHICLE;;;;[43.05343898167815, -87.89491589295436];1720 N ARLINGTON PL
152730029;09/30/2015;06:39 AM;1.0;THEFT FROM MOTOR VEHICLE;;;;[43.04223252629164, -87.90182577847034];840 N CASS ST
152730079;09/30/2015;02:05 PM;3.0;THEFT OF MOTOR VEHICLE PARTS/ACCESSORIES;;;;[43.03369948600596, -87.9538725];3132 W MT VERNON AV
152720016;09/29/2015;01:31 AM;1.0;THEFT FROM BUILDING;;;;[43.042897925623286, -87.92094609014762];749 W STATE ST
152720075;09/29/2015;01:30 PM;1.0;THEFT FROM BUILDING;;;;[43.04365992062437, -87.91610749163186];1001 N 4TH ST
152720100;09/29/2015;04:21 PM;3.0;THEFT OF MOTOR VEHICLE PARTS/ACCESSORIES;;;;[43.041967878989, -87.93783301399404];912 N 20TH ST
152720111;09/29/2015;04:21 PM;1.0;THEFT FROM MOTOR VEHICLE;;;;[43.04171052484275, -87.90678617343778];820 N MILWAUKEE ST
152710004;09/28/2015;12:38 AM;3.0;THEFT OF MOTOR VEHICLE PARTS/ACCESSORIES;;;;[43.04167149105494, -87.94058026977895];2200 W KILBOURN AV
152710012;09/28/2015;03:40 AM;1.0;THEFT FROM MOTOR VEHICLE;;;;[43.03837780964198, -87.91299604323149];670 N 2ND ST
152710071;09/28/2015;11:32 AM;3.0;THEFT FROM MOTOR VEHICLE;;;;[43.044732670552264, -87.93538809146509];1127 N 18TH ST #308
152710135;09/28/2015;07:58 PM;3.0;THEFT FROM MOTOR VEHICLE;;;;[43.04167149105494, -87.94058026977895];2200 W KILBOURN AV
152700006;09/27/2015;12:31 AM;1.0;THEFT FROM MOTOR VEHICLE;;;;[43.04377968665241, -87.90832396915599];1000 N BROADWAY
152700007;09/27/2015;01:01 AM;1.0;THEFT FROM MOTOR VEHICLE;;;;[43.044012659732225, -87.9107436656475];1000 N WATER ST
152700053;09/27/2015;10:47 AM;1.0;THEFT FROM MOTOR VEHICLE;;;;[43.0391629057481, -87.90396779323027];710 N JACKSON ST
152700056;09/27/2015;10:32 AM;1.0;THEFT OF MOTOR VEHICLE PARTS/ACCESSORIES;;;;[43.04013397675593, -87.90497544348725];530 E MASON ST
152700079;09/27/2015;01:45 PM;3.0;THEFT OF MOTOR VEHICLE PARTS/ACCESSORIES;;;;[43.03679361226844, -87.93549905539827];531 N 18TH ST
152630003;09/26/2015;05:38 AM;1.0;THEFT FROM MOTOR VEHICLE;;;;[43.04376210117199, -87.91217520090636];1004 N EDISON ST
152690032;09/26/2015;06:09 AM;3.0;THEFT OF MOTOR VEHICLE PARTS/ACCESSORIES;;;;[43.0500075212074, -87.93981016763806];2125 W CHERRY ST
152680070;09/25/2015;12:23 PM;1.0;THEFT FROM BUILDING;;;;[43.031121906169, -87.90773482627375];273 E ERIE ST
152680098;09/25/2015;02:24 PM;1.0;THEFT FROM COIN-OPPERATED MACHINES;;;;[43.0387804800916, -87.9184609228174];509 W WISCONSIN AV
152630029;09/24/2015;07:03 AM;1.0;THEFT FROM MOTOR VEHICLE;;;;[43.039040940485, -87.9078573880966];715 N BROADWAY
152670095;09/24/2015;02:18 PM;3.0;THEFT FROM BUILDING;;;;[43.0432794893242, -87.941862];2316 W STATE ST #4
152670117;09/24/2015;06:03 PM;1.0;THEFT FROM BUILDING;;;;[43.031121906169, -87.90773482627375];273 E ERIE ST
152670144;09/24/2015;09:46 PM;1.0;THEFT FROM MOTOR VEHICLE;THEFT OF MOTOR VEHICLE PARTS/ACCESSORIES;;;[43.04129681501496, -87.91619399999999];401 W KILBOURN AV
152660101;09/23/2015;03:08 PM;3.0;THEFT FROM MOTOR VEHICLE;;;;[43.048675950612385, -87.9431620541178];2414 W VLIET ST
152650060;09/22/2015;10:15 AM;3.0;THEFT FROM MOTOR VEHICLE;;;;[43.037658031363605, -87.95046155539828];601 N 29TH ST
152650083;09/22/2015;10:54 AM;1.0;THEFT FROM MOTOR VEHICLE;;;;[43.03670591984796, -87.907480758566];534 N BROADWAY
152640032;09/21/2015;07:04 AM;1.0;THEFT FROM MOTOR VEHICLE;;;;[43.045201099919204, -87.90091379430457];1114 N MARSHALL ST
152640106;09/21/2015;02:04 PM;3.0;THEFT FROM BUILDING;;;;[43.04034245772946, -87.93601216763805];1820 W WELLS ST
152630021;09/20/2015;01:41 AM;1.0;THEFT FROM MOTOR VEHICLE;;;;[43.04384130717135, -87.90843216424295];1025 N BROADWAY
152630085;09/20/2015;12:03 PM;1.0;THEFT FROM MOTOR VEHICLE;;;;[43.041305815003504, -87.91688438678345];415 W KILBOURN AV
152640001;09/20/2015;10:51 PM;1.0;THEFT FROM MOTOR VEHICLE;;;;[43.04515575437128, -87.9160805809335];1137 N 4TH ST
152620092;09/19/2015;01:01 PM;1.0;THEFT FROM MOTOR VEHICLE;;;;[43.04265514818396, -87.90630193582925];450 E KILBOURN AV
152620100;09/19/2015;02:42 PM;3.0;THEFT FROM BUILDING;;;;[43.04444546162459, -87.941583];2300 W HIGHLAND AV
152620164;09/19/2015;09:11 PM;1.0;THEFT FROM MOTOR VEHICLE;;;;[43.0428255212074, -87.89986112225176];923 E KILBOURN AV
152600045;09/17/2015;09:25 AM;1.0;THEFT FROM BUILDING;;;;[43.041443826245114, -87.91012248574616];815 N WATER ST
152600065;09/17/2015;11:18 AM;3.0;THEFT FROM BUILDING;;;;[43.03768500000001, -87.9354139440248];638 N 18TH ST
152600169;09/17/2015;09:22 PM;1.0;THEFT FROM MOTOR VEHICLE;;;;[43.03219293881441, -87.90456689580986];175 N JEFFERSON ST
152590020;09/16/2015;03:49 AM;1.0;THEFT FROM MOTOR VEHICLE;;;;[43.04562434396415, -87.90061763488973];925 E JUNEAU AV
152590037;09/16/2015;09:33 AM;1.0;THEFT FROM MOTOR VEHICLE;;;;[43.04351649708582, -87.91448755929342];1023 N OLD WORLD THIRD ST
152590044;09/16/2015;09:48 AM;1.0;THEFT FROM MOTOR VEHICLE;;;;[43.04564066451786, -87.8996069750446];1003 E JUNEAU AV
152590080;09/16/2015;02:18 PM;3.0;THEFT OF MOTOR VEHICLE PARTS/ACCESSORIES;;;;[43.045222589312765, -87.95516515196826];1146 N 33RD ST
152590082;09/16/2015;08:28 AM;1.0;THEFT OF MOTOR VEHICLE PARTS/ACCESSORIES;;;;[43.03745103165439, -87.90890215633449];600 N WATER ST
152580020;09/15/2015;02:47 AM;3.0;THEFT FROM MOTOR VEHICLE;;;;[43.03862948845881, -87.94858049999999];2725 W WISCONSIN AV
152580040;09/15/2015;08:17 AM;3.0;THEFT FROM MOTOR VEHICLE;;;;[43.034814511541185, -87.95684233236193];3406 W ST PAUL AV
152580084;09/15/2015;10:18 AM;3.0;THEFT FROM BUILDING;;;;[43.03867449120011, -87.95614193060769];3401 W WISCONSIN AV
152580103;09/15/2015;02:52 PM;3.0;THEFT FROM BUILDING;;;;[43.03814400000002, -87.94503011757723];639 N 25TH ST
152580123;09/15/2015;02:18 PM;1.0;THEFT FROM BUILDING;;;;[43.04683800000001, -87.92441062089544];1243 N 10TH ST #100
152570159;09/14/2015;04:19 PM;1.0;THEFT FROM BUILDING;;;;[43.045563292569085, -87.9120743613487];125 E JUNEAU AV
152560019;09/13/2015;02:12 AM;1.0;THEFT OF MOTOR VEHICLE PARTS/ACCESSORIES;;;;[43.04035690150485, -87.91445079531033];812 N OLD WORLD THIRD ST
152560118;09/13/2015;03:31 PM;1.0;THEFT FROM MOTOR VEHICLE;;;;[43.040040453412374, -87.89845463734252];745 N LINCOLN MEMORIAL DR
152550010;09/12/2015;12:46 AM;1.0;THEFT FROM MOTOR VEHICLE;;;;[43.042408909310254, -87.90556777097753];501 E KILBOURN AV
152550063;09/12/2015;11:57 AM;3.0;THEFT OF MOTOR VEHICLE PARTS/ACCESSORIES;;;;[43.04557883819032, -87.95062106650677];1143 N 29TH ST
152550109;09/12/2015;06:17 PM;3.0;THEFT FROM BUILDING;;;;[43.04032947879261, -87.95611246335626];3330 W WELLS ST
152550142;09/12/2015;10:43 PM;1.0;THEFT FROM MOTOR VEHICLE;;;;[43.03465953563411, -87.91672445804656];433 W ST PAUL AV
152540074;09/11/2015;11:04 AM;3.0;THEFT FROM MOTOR VEHICLE;;;;[43.04073045569322, -87.93658784205022];830 N 19TH ST
152540081;09/11/2015;08:08 AM;1.0;THEFT FROM BUILDING;;;;[43.03877454948392, -87.91940194463038];611 W WISCONSIN AV #716
152530067;09/10/2015;11:13 AM;1.0;THEFT FROM MOTOR VEHICLE;;;;[43.03312115098963, -87.90583631926287];212 N MILWAUKEE ST
152530137;09/10/2015;07:34 PM;1.0;THEFT FROM BUILDING;;;;[43.03882747215618, -87.91516349999999];310 W WISCONSIN AV
152520044;09/09/2015;11:01 AM;3.0;THEFT OF MOTOR VEHICLE PARTS/ACCESSORIES;;;;[43.04036446339903, -87.95079140194356];2900 W WELLS ST
152520069;09/09/2015;01:13 PM;1.0;THEFT FROM BUILDING;;;;[43.039337668330546, -87.90921886262902];731 N WATER ST
152510028;09/08/2015;07:48 AM;3.0;THEFT OF MOTOR VEHICLE PARTS/ACCESSORIES;;;;[43.042416192651544, -87.94487147929898];938 N 25TH ST
152510030;09/08/2015;07:52 AM;3.0;THEFT FROM MOTOR VEHICLE;;;;[43.050502017470464, -87.93374065508394];1514 N 17TH ST
152510045;09/08/2015;08:18 AM;1.0;THEFT FROM MOTOR VEHICLE;;;;[43.03312115098963, -87.90583631926287];212 N MILWAUKEE ST
152510062;09/08/2015;11:16 AM;3.0;THEFT FROM MOTOR VEHICLE;;;;[43.05139254674262, -87.94223058090483];2325 W GALENA ST
152510190;09/08/2015;08:36 PM;1.0;THEFT OF MOTOR VEHICLE PARTS/ACCESSORIES;;;;[43.043136420508795, -87.92232137607479];800 W STATE ST
152500019;09/07/2015;01:30 AM;3.0;THEFT FROM MOTOR VEHICLE;;;;[43.03861549177702, -87.94235216472387];2323 W WISCONSIN AV
152500020;09/07/2015;01:30 AM;3.0;THEFT FROM MOTOR VEHICLE;;;;[43.03861549177702, -87.94235216472387];2323 W WISCONSIN AV
152500063;09/07/2015;09:27 AM;3.0;THEFT FROM MOTOR VEHICLE;;;;[43.038605476773384, -87.943302];2401 W WISCONSIN AV
152490037;09/06/2015;03:42 AM;1.0;THEFT FROM MOTOR VEHICLE;;;;[43.03951048098566, -87.90411014019826];731 N JACKSON ST
152490074;09/06/2015;10:01 AM;1.0;THEFT OF MOTOR VEHICLE PARTS/ACCESSORIES;;;;[43.03312115098963, -87.90583631926287];212 N MILWAUKEE ST
152490078;09/06/2015;11:15 AM;1.0;THEFT OF MOTOR VEHICLE PARTS/ACCESSORIES;;;;[43.03951048098566, -87.90411014019826];731 N JACKSON ST
152480019;09/05/2015;01:19 AM;1.0;THEFT FROM MOTOR VEHICLE;;;;[43.036784371631406, -87.90892003805736];543 N WATER ST
152480101;09/05/2015;02:33 PM;1.0;THEFT FROM BUILDING;;;;[43.04490383819032, -87.91448861757722];1125 N OLD WORLD THIRD ST
152480145;09/05/2015;07:46 PM;3.0;THEFT FROM BUILDING;;;;[43.038825181648335, -87.94779468164833];2700 W WISCONSIN AV
152470030;09/04/2015;07:30 AM;1.0;THEFT OF MOTOR VEHICLE PARTS/ACCESSORIES;;;;[43.04956097723475, -87.89385157977966];1522 N PROSPECT AV
152470111;09/04/2015;04:24 PM;1.0;THEFT FROM MOTOR VEHICLE;;;;[43.042573274136394, -87.92306801990838];901 N 9TH ST
152460080;09/03/2015;01:53 PM;1.0;THEFT FROM BUILDING;;;;[43.04300749437316, -87.92088280099833];700 W STATE ST
152460149;09/03/2015;08:25 PM;3.0;THEFT FROM BUILDING;;;;[43.038605476773384, -87.943302];2401 W WISCONSIN AV
152440007;09/01/2015;01:02 AM;1.0;THEFT FROM MOTOR VEHICLE;;;;[43.04368603052689, -87.91226073552983];1005 N EDISON ST
152440053;09/01/2015;09:45 AM;3.0;THEFT FROM BUILDING;;;;[43.04722952842077, -87.9557715];3311 W MC KINLEY BL
152440064;09/01/2015;12:04 PM;3.0;THEFT OF MOTOR VEHICLE PARTS/ACCESSORIES;;;;[43.04102257323117, -87.93156741953699];837 N 15TH ST
152720036;09/29/2015;09:16 AM;7.0;THEFT FROM BUILDING;;;;[43.0897764532574, -88.04747344763243];10700 W CAPITOL DR
152720178;09/29/2015;09:17 PM;4.0;THEFT OF MOTOR VEHICLE PARTS/ACCESSORIES;;;;[43.12252249725964, -88.05837934817363];11701 W CARMEN AV
152710036;09/28/2015;10:12 AM;4.0;THEFT FROM MOTOR VEHICLE;;;;[43.12745621732354, -88.02577058049987];6055 N 91ST ST
152690052;09/26/2015;08:37 AM;7.0;THEFT FROM MOTOR VEHICLE;;;;[43.076572795169966, -88.01349445902845];3156 N 81ST ST
152680035;09/25/2015;08:32 AM;7.0;THEFT FROM MOTOR VEHICLE;;;;[43.08516900000001, -88.03539338631792];3746 N 98TH ST
152680067;09/25/2015;12:01 PM;4.0;THEFT FROM BUILDING;;;;[43.12745621732354, -88.02577058049987];6055 N 91ST ST
152670048;09/24/2015;08:44 AM;7.0;THEFT FROM MOTOR VEHICLE;THEFT OF MOTOR VEHICLE PARTS/ACCESSORIES;;;[43.08246623397196, -88.03546406116934];3500 N 98TH ST
152660030;09/23/2015;06:52 AM;7.0;THEFT FROM MOTOR VEHICLE;;;;[43.084545184321335, -88.0261427189724];9116 W LISBON AV
152660043;09/23/2015;07:59 AM;7.0;THEFT FROM MOTOR VEHICLE;;;;[43.09719843686875, -88.03846890899626];10040 W CONGRESS ST
152650039;09/22/2015;08:45 AM;7.0;THEFT FROM MOTOR VEHICLE;;;;[43.07920200000001, -88.01500061757723];3311 N 82ND ST
152650102;09/22/2015;03:49 PM;7.0;THEFT FROM MOTOR VEHICLE;;;;[43.06798647879261, -88.01188250291419];7914 W CENTER ST
152650141;09/22/2015;06:52 PM;7.0;THEFT OF MOTOR VEHICLE PARTS/ACCESSORIES;;;;[43.08748183236193, -88.00861063921731];3855 N 77TH ST
152640090;09/21/2015;12:00 PM;7.0;THEFT FROM MOTOR VEHICLE;;;;[43.087716167638064, -88.0073990809335];3867 N 76TH ST
152630074;09/20/2015;12:27 PM;4.0;THEFT FROM MOTOR VEHICLE;;;;[43.12812748600598, -88.06056266472388];11900 W KAUL AV
152620027;09/19/2015;03:38 AM;7.0;THEFT OF MOTOR VEHICLE PARTS/ACCESSORIES;;;;[43.098817767961286, -88.02467174170492];8949 W PALMETTO CT
152620179;09/19/2015;10:39 PM;7.0;THEFT OF MOTOR VEHICLE PARTS/ACCESSORIES;;;;[43.10491554674263, -88.00987041618096];7811 W HAMPTON AV
152630005;09/19/2015;07:07 PM;4.0;THEFT FROM MOTOR VEHICLE;;;;[43.15408916296352, -88.0551039163548];11600 W PARK PL
152600017;09/17/2015;02:06 AM;7.0;THEFT FROM MOTOR VEHICLE;;;;[43.10348250043269, -88.016832];8350 W DERBY PL #1
152600114;09/17/2015;03:55 PM;7.0;THEFT OF MOTOR VEHICLE PARTS/ACCESSORIES;;;;[43.08828299999999, -88.01237162147237];3909 N 80TH ST
152590023;09/16/2015;05:53 AM;7.0;THEFT FROM MOTOR VEHICLE;;;;[43.08988648600598, -88.01922289355993];8500 W CAPITOL DR
152590043;09/16/2015;10:04 AM;4.0;THEFT FROM MOTOR VEHICLE;;;;[43.126284356536736, -88.0342470767075];9802 W MENOMONEE PARK CT
152590061;09/16/2015;10:17 AM;4.0;THEFT FROM BUILDING;;;;[43.11211046624181, -88.04203191618096];10337 W VILLARD AV #LWR
152590067;09/16/2015;01:22 PM;7.0;THEFT FROM MOTOR VEHICLE;;;;[43.07493457507647, -88.01357495960536];3074 N 81ST ST
152590151;09/16/2015;09:18 PM;7.0;THEFT OF MOTOR VEHICLE PARTS/ACCESSORIES;;;;[43.08963548499728, -88.02409980391252];8901 W CAPITOL DR
152580028;09/15/2015;05:19 AM;7.0;THEFT FROM MOTOR VEHICLE;;;;[43.070949586733235, -88.00752763200394];2849 N 76TH ST
152570048;09/14/2015;08:59 AM;7.0;THEFT OF MOTOR VEHICLE PARTS/ACCESSORIES;;;;[43.09596782653355, -88.01737337520942];4330 N 84TH ST
152570155;09/14/2015;07:01 PM;7.0;THEFT FROM BUILDING;;;;[43.075279502163454, -88.01877405107045];8400 W BURLEIGH ST
152560039;09/13/2015;05:51 AM;7.0;THEFT FROM MOTOR VEHICLE;THEFT OF MOTOR VEHICLE PARTS/ACCESSORIES;;;[43.068521460470755, -88.03186136081135];9536 W LORRAINE PL
152560039;09/13/2015;05:51 AM;7.0;THEFT FROM MOTOR VEHICLE;;;;[43.068521460470755, -88.03186136081135];9536 W LORRAINE PL
152560051;09/13/2015;09:40 AM;7.0;THEFT FROM MOTOR VEHICLE;;;;[43.06914997446478, -88.02628110257359];2765 N 91ST ST
152560114;09/13/2015;04:36 PM;4.0;THEFT FROM MOTOR VEHICLE;;;;[43.10505570313288, -88.03760182116355];10000 W HAMPTON AV
152560119;09/13/2015;04:51 PM;7.0;THEFT FROM MOTOR VEHICLE;;;;[43.10408627781254, -88.01522067246735];8300 W APPLETON AV
152530091;09/10/2015;02:38 PM;7.0;THEFT FROM BUILDING;;;;[43.075051513994026, -88.02200208090484];8719 W BURLEIGH ST
152500057;09/07/2015;08:53 AM;7.0;THEFT FROM MOTOR VEHICLE;;;;[43.06919400000001, -88.02743236799604];2764 N 92ND ST
152480116;09/05/2015;04:34 PM;4.0;THEFT FROM MOTOR VEHICLE;;;;[43.104862542847485, -88.0340805];9705 W HAMPTON AV
152490002;09/05/2015;11:40 PM;4.0;THEFT OF MOTOR VEHICLE PARTS/ACCESSORIES;;;;[43.11928746667356, -88.0541305881182];11310 W SILVER SPRING RD
152450067;09/02/2015;11:42 AM;7.0;THEFT FROM MOTOR VEHICLE;;;;[43.089584749515446, -88.02414957036368];8919 W CAPITOL DR
152450117;09/02/2015;05:09 PM;4.0;THEFT FROM MOTOR VEHICLE;;;;[43.128478811010304, -88.0342898452881];6087 N DENMARK ST
152440044;09/01/2015;10:17 AM;7.0;THEFT FROM MOTOR VEHICLE;;;;[43.07406227699232, -88.01486289353127];3028 N 82ND ST
152440077;09/01/2015;01:32 PM;4.0;THEFT OF MOTOR VEHICLE PARTS/ACCESSORIES;;;;[43.11956558721596, -88.04117286836671];10330 W SILVER SPRING DR
152440131;09/01/2015;06:42 PM;4.0;THEFT FROM MOTOR VEHICLE;;;;[43.11952346162458, -88.03964152553522];10202 W SILVER SPRING DR
152730030;09/30/2015;09:01 AM;5.0;THEFT FROM BUILDING;;;;[43.065749227372095, -87.90617909554078];424 E CLARKE ST
152730096;09/30/2015;03:46 PM;5.0;THEFT FROM BUILDING;;;;[43.07834076793285, -87.90716008348417];331 E CONCORDIA AV #2
152720055;09/29/2015;11:21 AM;5.0;THEFT OF MOTOR VEHICLE PARTS/ACCESSORIES;;;;[43.07960599417163, -87.90941757372015];3355 N PALMER ST
152710017;09/28/2015;07:00 AM;5.0;THEFT FROM MOTOR VEHICLE;;;;[43.05646148211082, -87.90652349999999];408 E BROWN ST
152700062;09/27/2015;11:05 AM;5.0;THEFT FROM MOTOR VEHICLE;;;;[43.075163479369536, -87.94137222300768];2320 W BURLEIGH ST
152700076;09/27/2015;01:20 PM;5.0;THEFT OF MOTOR VEHICLE PARTS/ACCESSORIES;;;;[43.070084444630396, -87.91697058482863];2829 N 5TH ST
152700101;09/27/2015;04:30 PM;5.0;THEFT OF MOTOR VEHICLE PARTS/ACCESSORIES;;;;[43.069788419095175, -87.91698064311245];2813 N 5TH ST
152690074;09/26/2015;12:15 PM;5.0;THEFT FROM MOTOR VEHICLE;;;;[43.064199167638066, -87.90779863200395];2511 N RICHARDS ST
152680066;09/25/2015;12:00 PM;5.0;THEFT OF MOTOR VEHICLE PARTS/ACCESSORIES;;;;[43.07826423980035, -87.91379395181508];3278 N 3RD ST
152680134;09/25/2015;05:32 PM;5.0;THEFT FROM MOTOR VEHICLE;;;;[43.05604513627446, -87.91417240795799];1936 N MARTIN L KING JR DR
152670036;09/24/2015;08:52 AM;5.0;THEFT OF MOTOR VEHICLE PARTS/ACCESSORIES;;;;[43.07697886372554, -87.9262381392173];3221 N 12TH ST
152670108;09/24/2015;06:16 PM;5.0;THEFT OF MOTOR VEHICLE PARTS/ACCESSORIES;;;;[43.07590438424017, -87.93736489864754];2000 W HOPKINS ST
152660052;09/23/2015;09:46 AM;5.0;THEFT OF MOTOR VEHICLE PARTS/ACCESSORIES;;;;[43.063253696087486, -87.91110057372015];2459 N 1ST ST
152660074;09/23/2015;11:59 AM;5.0;THEFT FROM MOTOR VEHICLE;;;;[43.08001283819033, -87.93730063200395];3355 N 20TH ST
152660149;09/23/2015;06:31 PM;5.0;THEFT OF MOTOR VEHICLE PARTS/ACCESSORIES;;;;[43.087598717179304, -87.91839544070658];3878 N 6TH ST
152640074;09/21/2015;11:16 AM;5.0;THEFT FROM MOTOR VEHICLE;;;;[43.08161948124546, -87.924222];1017 W KEEFE AV
152640105;09/21/2015;01:49 PM;5.0;THEFT FROM MOTOR VEHICLE;;;;[43.05454180099832, -87.90833296292358];1830 N HUBBARD ST
152640144;09/21/2015;03:43 PM;5.0;THEFT FROM BUILDING;;;;[43.079014486005974, -87.93017130391252];1508 W CONCORDIA AV
152640167;09/21/2015;03:52 PM;5.0;THEFT FROM MOTOR VEHICLE;;;;[43.07800454954125, -87.90386589353128];3266 N BOOTH ST
152640223;09/21/2015;10:49 PM;5.0;THEFT FROM MOTOR VEHICLE;;;;[43.059672974464775, -87.90403587852764];2230 N BOOTH ST
152630118;09/20/2015;04:08 PM;5.0;THEFT FROM MOTOR VEHICLE;;;;[43.07887109547579, -87.9026380226497];3321 N PIERCE ST
152630158;09/20/2015;07:32 PM;5.0;THEFT FROM BUILDING;;;;[43.08204654674262, -87.91145027699231];121 W KEEFE AV
152620049;09/19/2015;08:56 AM;5.0;THEFT OF MOTOR VEHICLE PARTS/ACCESSORIES;;;;[43.07147974854291, -87.92249541574827];2904 N 9TH ST
152620094;09/19/2015;12:13 PM;5.0;THEFT OF MOTOR VEHICLE PARTS/ACCESSORIES;;;;[43.07751036663973, -87.90517954818492];3241 N HOLTON ST
152620123;09/19/2015;04:17 PM;5.0;THEFT FROM MOTOR VEHICLE;;;;[43.08820494503442, -87.90964439295436];3900 N PALMER ST
152610031;09/18/2015;09:47 AM;5.0;THEFT OF MOTOR VEHICLE PARTS/ACCESSORIES;;;;[43.05767320219812, -87.90625937024912];439 E LLOYD ST
152600044;09/17/2015;09:12 AM;5.0;THEFT FROM BUILDING;;;;[43.05521767055225, -87.91869761036386];1901 N 6TH ST
152600056;09/17/2015;11:00 AM;5.0;THEFT OF MOTOR VEHICLE PARTS/ACCESSORIES;;;;[43.08623071717929, -87.94202340463977];3800 N 24TH ST
152600083;09/17/2015;01:01 PM;1.0;THEFT FROM MOTOR VEHICLE;;;;[43.0456845004327, -87.91484227116393];300 W JUNEAU AV
152590150;09/16/2015;08:40 PM;5.0;THEFT FROM MOTOR VEHICLE;;;;[43.05644851399404, -87.91207136081135];125 W BROWN ST
152580041;09/15/2015;08:18 AM;3.0;THEFT OF MOTOR VEHICLE PARTS/ACCESSORIES;;;;[43.069824167638075, -87.91405908482864];2817 N DR MARTIN LUTHER KING JR DR
152570034;09/14/2015;08:02 AM;5.0;THEFT FROM MOTOR VEHICLE;;;;[43.08164136663973, -87.91081804818492];3465 N 1ST ST
152570175;09/14/2015;06:42 PM;5.0;THEFT FROM BUILDING;;;;[43.05764537324781, -87.89936334730439];2050 N COMMERCE ST #106
152560112;09/13/2015;04:22 PM;5.0;THEFT OF MOTOR VEHICLE PARTS/ACCESSORIES;;;;[43.08003799417162, -87.92232541185312];3350 N 9TH ST
152540059;09/11/2015;09:34 AM;5.0;THEFT OF MOTOR VEHICLE PARTS/ACCESSORIES;;;;[43.077472230433955, -87.92624558230935];3241 N 12TH ST
152530079;09/10/2015;01:18 PM;5.0;THEFT FROM MOTOR VEHICLE;;;;[43.08776874271453, -87.91959488631792];3882 N 7TH ST
152510116;09/08/2015;02:54 PM;5.0;THEFT OF MOTOR VEHICLE PARTS/ACCESSORIES;;;;[43.07520616763807, -87.91862764311246];3113 N 6TH ST
152500072;09/07/2015;10:33 AM;5.0;THEFT OF MOTOR VEHICLE PARTS/ACCESSORIES;;;;[43.07040016763807, -87.91249585688755];2844 N 2ND ST
152490069;09/06/2015;09:57 AM;5.0;THEFT FROM MOTOR VEHICLE;;;;[43.070795245628716, -87.93673441185312];2852 N 19TH ST
152490077;09/06/2015;11:26 AM;5.0;THEFT FROM MOTOR VEHICLE;;;;[43.05783141551223, -87.91084417638456];116 E LLOYD ST
152490091;09/06/2015;01:12 PM;5.0;THEFT FROM MOTOR VEHICLE;;;;[43.0570884970858, -87.91111390074464];2026 N 1ST ST
152490110;09/06/2015;04:16 PM;5.0;THEFT FROM BUILDING;;;;[43.079453968636386, -87.9094196281088];3351 N PALMER ST
152480097;09/05/2015;02:13 PM;5.0;THEFT FROM MOTOR VEHICLE;;;;[43.09352934615349, -87.92106001312864];4155 N PORT WASHINGTON AV
152460086;09/04/2015;11:34 AM;5.0;THEFT OF MOTOR VEHICLE PARTS/ACCESSORIES;;;;[43.08858383342327, -87.899076271191];3900 N HUMBOLDT BL
152460043;09/03/2015;09:01 AM;5.0;THEFT FROM MOTOR VEHICLE;;;;[43.08679967176745, -87.89742813251151];3828 N HUMBOLDT BL
152460124;09/03/2015;06:14 PM;5.0;THEFT FROM BUILDING;;;;[43.05518646768412, -87.9155415];338 W RESERVOIR AV
152450149;09/02/2015;03:57 PM;5.0;THEFT FROM BUILDING;;;;[43.07341558673323, -87.90651163200396];3019-A N BUFFUM ST
152450172;09/02/2015;08:16 PM;5.0;THEFT FROM MOTOR VEHICLE;;;;[43.07640846878063, -87.93227729014963];3166 N TEUTONIA AV
152440128;09/01/2015;07:26 PM;5.0;THEFT OF MOTOR VEHICLE PARTS/ACCESSORIES;;;;[43.07918349708581, -87.93222541185312];3300 N 17TH ST
152730052;09/30/2015;11:31 AM;7.0;THEFT OF MOTOR VEHICLE PARTS/ACCESSORIES;;;;[43.08863349708582, -87.96530491185312];3928 N 42ND ST
152730101;09/30/2015;04:01 PM;5.0;THEFT OF MOTOR VEHICLE PARTS/ACCESSORIES;;;;[43.079868502914195, -87.94967809925535];3331 N 29TH ST
153200115;09/30/2015;03:34 PM;5.0;THEFT FROM MOTOR VEHICLE;;;;[43.0807412200935, -87.94712538963614];3378 N 27TH ST
152720035;09/29/2015;07:53 AM;7.0;THEFT FROM MOTOR VEHICLE;;;;[43.072361413266776, -87.96985538631792];2936 N 45TH ST
152720129;09/29/2015;07:00 PM;7.0;THEFT OF MOTOR VEHICLE PARTS/ACCESSORIES;;;;[43.08447667055225, -87.9596675809335];3701 N 37TH ST
152700082;09/27/2015;01:58 PM;7.0;THEFT OF MOTOR VEHICLE PARTS/ACCESSORIES;;;;[43.09266658673323, -87.96717965753918];4149 N SHERMAN BL
152700098;09/27/2015;04:06 PM;5.0;THEFT FROM MOTOR VEHICLE;;;;[43.0862115004327, -87.949314];2830 W VIENNA AV
152700102;09/27/2015;04:32 PM;7.0;THEFT OF MOTOR VEHICLE PARTS/ACCESSORIES;;;;[43.08323475437129, -87.95846757372014];3531 N 36TH ST
152700111;09/27/2015;05:20 PM;7.0;THEFT FROM MOTOR VEHICLE;;;;[43.103975668878824, -87.95971645256489];4767 N HOPKINS ST
152700170;09/27/2015;10:24 PM;7.0;THEFT FROM MOTOR VEHICLE;;;;[43.08036316763807, -87.96081161757722];3355 N 38TH ST
152700176;09/27/2015;08:36 PM;7.0;THEFT FROM MOTOR VEHICLE;;;;[43.072512606861515, -87.95401728806742];3201 W FOND DU LAC AV
152690048;09/26/2015;06:37 AM;7.0;THEFT FROM BUILDING;;;;[43.087832329447735, -87.96700541517136];3890 N SHERMAN BL #5
152680031;09/25/2015;07:50 AM;5.0;THEFT OF MOTOR VEHICLE PARTS/ACCESSORIES;;;;[43.0810112200935, -87.9471144190665];3388 N 27TH ST
152680063;09/25/2015;11:40 AM;7.0;THEFT OF MOTOR VEHICLE PARTS/ACCESSORIES;;;;[43.09859686372553, -87.97937809925536];4461 N 53RD ST
152680104;09/25/2015;03:18 PM;7.0;THEFT OF MOTOR VEHICLE PARTS/ACCESSORIES;;;;[43.091765413266785, -87.96523635356932];4102 N 42ND ST
152670002;09/24/2015;12:23 AM;5.0;THEFT OF MOTOR VEHICLE PARTS/ACCESSORIES;;;;[43.06897000582839, -87.94489812479058];2749 N 25TH ST
152670059;09/24/2015;11:46 AM;5.0;THEFT OF MOTOR VEHICLE PARTS/ACCESSORIES;;;;[43.06865316180969, -87.94605391185313];2734 N 26TH ST
152670106;09/24/2015;06:04 PM;5.0;THEFT OF MOTOR VEHICLE PARTS/ACCESSORIES;;;;[43.077230717179305, -87.94721638299968];3200 N 27TH ST
152670107;09/24/2015;05:35 PM;5.0;THEFT FROM BUILDING;;;;[43.07732851364012, -87.95216254007212];3227 N 31ST ST
152650049;09/22/2015;08:04 AM;7.0;THEFT OF MOTOR VEHICLE PARTS/ACCESSORIES;;;;[43.092323245628705, -87.97101638631791];4130 N 46TH ST
152640173;09/21/2015;05:15 PM;7.0;THEFT FROM MOTOR VEHICLE;;;;[43.07197441326679, -87.97479638631792];2912 N 49TH ST
152630128;09/20/2015;05:23 PM;5.0;THEFT FROM MOTOR VEHICLE;;;;[43.073910167638076, -87.94858057703836];3027 N 28TH ST
152630156;09/20/2015;07:30 PM;5.0;THEFT FROM MOTOR VEHICLE;;;;[43.070580773965354, -87.94243411319879];2851 N 24TH ST
152630170;09/20/2015;11:08 PM;7.0;THEFT OF MOTOR VEHICLE PARTS/ACCESSORIES;;;;[43.07797732944775, -87.97842487910455];3240 N 52ND ST
152620083;09/19/2015;01:30 PM;7.0;THEFT FROM BUILDING;;;;[43.0693821618097, -87.97113639353127];2766 N 46TH ST
152610030;09/18/2015;09:24 AM;7.0;THEFT OF MOTOR VEHICLE PARTS/ACCESSORIES;;;;[43.1012072200935, -87.97050535688754];4622 N 46TH ST
152600052;09/17/2015;10:24 AM;5.0;THEFT FROM BUILDING;;;;[43.07575458090486, -87.94595491185314];3122 N 26TH ST
152580068;09/15/2015;11:05 AM;7.0;THEFT FROM MOTOR VEHICLE;;;;[43.08299899417162, -87.96081761036386];3519 N 38TH ST
152570055;09/14/2015;09:47 AM;5.0;THEFT OF MOTOR VEHICLE PARTS/ACCESSORIES;;;;[43.076940539529254, -87.94324391909515];2429 W AUER AV
152570082;09/14/2015;12:20 PM;5.0;THEFT OF MOTOR VEHICLE PARTS/ACCESSORIES;;;;[43.07786899417161, -87.9484464190665];3236 N 28TH ST
152570136;09/14/2015;05:58 PM;7.0;THEFT FROM BUILDING;;;;[43.10228641326677, -87.96029641185314];4672 N 38TH ST
152570139;09/14/2015;06:06 PM;7.0;THEFT FROM MOTOR VEHICLE;;;;[43.097280817179545, -87.97945168718412];5300 W CONGRESS ST
152570141;09/14/2015;06:12 PM;7.0;THEFT OF MOTOR VEHICLE PARTS/ACCESSORIES;;;;[43.0838287543713, -87.95845963200395];3627 N 36TH ST
152570203;09/14/2015;10:45 PM;7.0;THEFT FROM MOTOR VEHICLE;THEFT OF MOTOR VEHICLE PARTS/ACCESSORIES;;;[43.099838161809686, -87.96387285356933];4540 N 41ST ST
152540062;09/11/2015;10:08 AM;7.0;THEFT FROM MOTOR VEHICLE;;;;[43.09188358673322, -87.9631010809335];4109 N 40TH ST
152530033;09/10/2015;08:22 AM;7.0;THEFT FROM MOTOR VEHICLE;;;;[43.11137783819032, -87.97879762089545];5159 N 53RD ST
152530112;09/10/2015;05:13 PM;7.0;THEFT OF MOTOR VEHICLE PARTS/ACCESSORIES;;;;[43.0828927543713, -87.95847763200395];3515 N 36TH ST
152510150;09/08/2015;05:38 PM;7.0;THEFT FROM MOTOR VEHICLE;;;;[43.08605184846211, -87.97124518789316];4600 W FOND DU LAC AV
152500179;09/07/2015;10:13 PM;7.0;THEFT OF MOTOR VEHICLE PARTS/ACCESSORIES;;;;[43.10109975437129, -87.96158165753917];4613 N 39TH ST
152490051;09/06/2015;08:23 AM;5.0;THEFT OF MOTOR VEHICLE PARTS/ACCESSORIES;;;;[43.07523749321934, -87.94619958090485];2602 W BURLEIGH ST
152480146;09/05/2015;07:08 PM;7.0;THEFT FROM BUILDING;;;;[43.104580535634135, -87.97495049999999];4925 W HAMPTON AV
152470134;09/04/2015;08:29 PM;7.0;THEFT OF MOTOR VEHICLE PARTS/ACCESSORIES;;;;[43.08581741909515, -87.96084162479058];3769 N 38TH ST
152460053;09/03/2015;09:51 AM;7.0;THEFT FROM BUILDING;;;;[43.104580535634135, -87.97495049999999];4925 W HAMPTON AV
152450068;09/02/2015;10:13 AM;7.0;THEFT FROM MOTOR VEHICLE;THEFT OF MOTOR VEHICLE PARTS/ACCESSORIES;;;[43.0980477171793, -87.96511238631791];4438 N 42ND ST
152450092;09/02/2015;02:10 PM;7.0;THEFT FROM BUILDING;;;;[43.102619245628716, -87.97786391517137];4702 N 52ND ST
152450156;09/02/2015;08:18 PM;5.0;THEFT FROM MOTOR VEHICLE;THEFT OF MOTOR VEHICLE PARTS/ACCESSORIES;;;[43.07162965060927, -87.94987428834713];2900 W LOCUST ST
152730034;09/30/2015;09:23 AM;2.0;THEFT FROM BUILDING;;;;[43.019568083819024, -87.95516104818492];1119 S 33RD ST
152730060;09/30/2015;09:42 AM;3.0;THEFT FROM BUILDING;;;;[43.03135846840618, -87.93513344445749];1721 W CANAL ST
152730095;09/30/2015;03:25 PM;2.0;THEFT FROM MOTOR VEHICLE;;;;[43.00856951543634, -87.94470104385708];2430 W ROGERS ST
152730106;09/30/2015;04:51 PM;6.0;THEFT OF MOTOR VEHICLE PARTS/ACCESSORIES;;;;[42.98858948831365, -87.94943116290527];2900 W OKLAHOMA AV
152720028;09/29/2015;05:33 AM;2.0;THEFT OF MOTOR VEHICLE PARTS/ACCESSORIES;;;;[43.02084608381904, -87.95028109925535];1003 S 29TH ST
152720059;09/29/2015;11:39 AM;2.0;THEFT OF MOTOR VEHICLE PARTS/ACCESSORIES;;;;[43.01394802728666, -87.96092857233033];3737 W LAPHAM ST
152720126;09/29/2015;06:40 PM;2.0;THEFT FROM BUILDING;;;;[43.01177581265509, -87.95769006708369];1711 S 35TH ST
152710030;09/28/2015;09:32 AM;2.0;BURGLARY/BREAKING AND ENTERING;THEFT FROM MOTOR VEHICLE;;;[43.004196838190325, -87.95294051543632];2227 S 31ST ST
152710069;09/28/2015;12:34 PM;3.0;THEFT OF MOTOR VEHICLE PARTS/ACCESSORIES;;;;[43.03135846840618, -87.93513344445749];1721 W CANAL ST
152710097;09/28/2015;04:34 PM;6.0;THEFT OF MOTOR VEHICLE PARTS/ACCESSORIES;;;;[42.990717182930176, -87.96545564859412];4040 W FOREST HOME AV
152690043;09/26/2015;08:34 AM;2.0;THEFT FROM MOTOR VEHICLE;;;;[43.00215241326677, -87.94924547013694];2342 S 28TH ST
152690079;09/26/2015;12:18 PM;2.0;THEFT FROM BUILDING;;;;[43.01683484605655, -87.95153415394347];3001 W GREENFIELD AV
152690123;09/26/2015;01:11 PM;2.0;THEFT OF MOTOR VEHICLE PARTS/ACCESSORIES;;;;[43.01024629996056, -87.95412108372683];3201 W BURNHAM ST
152690157;09/26/2015;08:52 PM;3.0;THEFT FROM BUILDING;;;;[43.03135846840618, -87.93513344445749];1721 W CANAL ST
152660116;09/23/2015;07:08 PM;6.0;THEFT FROM BUILDING;;;;[42.98858948831365, -87.94943116290527];2900 W OKLAHOMA AV
152660156;09/23/2015;06:03 PM;6.0;THEFT FROM MOTOR VEHICLE;;;;[42.98858948831365, -87.94943116290527];2900 W OKLAHOMA AV
152660204;09/23/2015;08:38 PM;2.0;THEFT FROM BUILDING;;;;[43.01245748845881, -87.94594383527613];2525 W MITCHELL ST
152640070;09/21/2015;11:04 AM;2.0;THEFT OF MOTOR VEHICLE PARTS/ACCESSORIES;;;;[43.00532966472389, -87.94509489353128];2160 S 25TH ST
152640198;09/21/2015;08:25 PM;2.0;THEFT FROM BUILDING;;;;[43.0235704205088, -87.95975292062437];3628 W PIERCE ST
152610051;09/18/2015;11:29 AM;2.0;THEFT OF MOTOR VEHICLE PARTS/ACCESSORIES;;;;[43.01521099417161, -87.95642294849686];1530 S 34TH ST
152600129;09/17/2015;05:31 PM;2.0;THEFT OF MOTOR VEHICLE PARTS/ACCESSORIES;;;;[43.011341161809696, -87.9527259190665];1746 S 31ST ST
152600161;09/17/2015;06:35 PM;2.0;THEFT OF MOTOR VEHICLE PARTS/ACCESSORIES;;;;[43.00851498850939, -87.93815821324051];2000 W ROGERS ST
152590024;09/16/2015;04:42 AM;2.0;THEFT FROM MOTOR VEHICLE;THEFT OF MOTOR VEHICLE PARTS/ACCESSORIES;;;[43.00653583236195, -87.94922543738835];2104 S 28TH ST
152590058;09/16/2015;11:39 AM;2.0;THEFT FROM BUILDING;;;;[43.023582000000005, -87.94639158482863];723 S 26TH ST
152590128;09/16/2015;06:51 PM;2.0;THEFT OF MOTOR VEHICLE PARTS/ACCESSORIES;;;;[43.011556354982986, -87.95398590016771];1712 S 32ND ST
152580024;09/15/2015;04:23 AM;2.0;THEFT FROM MOTOR VEHICLE;;;;[43.004751539529245, -87.93867183527612];2011 W GRANT ST
152570074;09/14/2015;11:37 AM;2.0;THEFT FROM MOTOR VEHICLE;;;;[43.01839799999999, -87.94362858482863];1229 S 24TH ST
152570077;09/14/2015;11:54 AM;6.0;THEFT FROM MOTOR VEHICLE;;;;[42.994177606440076, -87.95669491906649];2764 S 34TH ST
152570079;09/14/2015;12:14 PM;2.0;THEFT OF MOTOR VEHICLE PARTS/ACCESSORIES;;;;[43.02385470364712, -87.94792756010713];729 S LAYTON BL
152560085;09/13/2015;12:57 PM;2.0;THEFT OF MOTOR VEHICLE PARTS/ACCESSORIES;;;;[43.01009932944774, -87.94503239021306];1908 S 25TH ST
152570017;09/13/2015;08:38 PM;2.0;THEFT FROM MOTOR VEHICLE;;;;[43.01696754674262, -87.94299149999999];2321 W GREENFIELD AV
152550045;09/12/2015;02:58 AM;2.0;THEFT FROM BUILDING;;;;[43.00737375437129, -87.95413857372014];2049 S 32ND ST
152550050;09/12/2015;02:58 AM;2.0;THEFT FROM BUILDING;;;;[43.00737375437129, -87.95413857372014];2049 S 32ND ST
152550079;09/12/2015;01:58 PM;2.0;THEFT OF MOTOR VEHICLE PARTS/ACCESSORIES;;;;[43.01031248124544, -87.94333383527612];2333 W BURNHAM ST
152530072;09/10/2015;12:57 PM;2.0;THEFT OF MOTOR VEHICLE PARTS/ACCESSORIES;;;;[43.007497627531876, -87.93808509781306];2040 S 20TH ST
152530155;09/10/2015;09:55 PM;3.0;THEFT FROM BUILDING;;;;[43.03135846840618, -87.93513344445749];1721 W CANAL ST
152520017;09/09/2015;06:17 AM;2.0;THEFT FROM MOTOR VEHICLE;THEFT OF MOTOR VEHICLE PARTS/ACCESSORIES;;;[43.016010504327845, -87.93968383236194];2100 W ORCHARD ST
152520097;09/09/2015;07:10 PM;6.0;THEFT FROM BUILDING;;;;[42.9908781609443, -87.95172757181649];2901 W KINNICKINNIC RIVER PK #300
152510125;09/08/2015;03:04 PM;2.0;THEFT OF MOTOR VEHICLE PARTS/ACCESSORIES;;;;[43.00312951485941, -87.94269997446477];2300 W LINCOLN AV
152730012;09/30/2015;05:35 AM;4.0;THEFT OF MOTOR VEHICLE PARTS/ACCESSORIES;;;;[43.155252104910865, -88.00490439901388];7550 N 76TH ST
152730116;09/30/2015;05:47 PM;4.0;THEFT FROM MOTOR VEHICLE;;;;[43.17798949163186, -88.00744330252755];7800 W BROWN DEER RD
152730123;09/30/2015;06:22 PM;4.0;THEFT FROM MOTOR VEHICLE;;;;[43.17250852039933, -88.04510011449015];8549 N 107TH ST
152730160;09/30/2015;09:26 PM;4.0;THEFT FROM BUILDING;;;;[43.177628641297225, -88.01567364129723];8501 W BROWN DEER RD
152720054;09/29/2015;11:18 AM;4.0;THEFT OF MOTOR VEHICLE PARTS/ACCESSORIES;;;;[43.11745551067582, -87.981561];5501 W SHERIDAN AV
152720143;09/29/2015;07:12 PM;4.0;THEFT FROM MOTOR VEHICLE;;;;[43.17886435359801, -88.02852508061638];8930 N 95TH ST
152720161;09/29/2015;02:16 PM;4.0;THEFT FROM BUILDING;;;;[43.13450664418032, -87.98565302689154];6426 N 60TH CT
152700044;09/27/2015;09:58 AM;4.0;THEFT OF MOTOR VEHICLE PARTS/ACCESSORIES;;;;[43.17698678100302, -88.00415837203542];8730 N 76TH PL
152700155;09/27/2015;06:42 PM;4.0;THEFT FROM MOTOR VEHICLE;;;;[43.13311446047076, -87.97904116763806];5320 W WOOLWORTH AV
152680056;09/25/2015;10:56 AM;4.0;THEFT FROM MOTOR VEHICLE;;;;[43.14056015820292, -87.99903610788316];6767 N INDUSTRIAL RD
152680181;09/25/2015;04:03 PM;4.0;THEFT OF MOTOR VEHICLE PARTS/ACCESSORIES;;;;[43.13776945856617, -87.99305432589932];6600 N INDUSTRIAL RD
152680187;09/25/2015;04:52 PM;4.0;THEFT FROM BUILDING;;;;[43.13427647547439, -88.01755262378097];8526 W MILL RD
152660144;09/23/2015;06:12 PM;4.0;THEFT FROM MOTOR VEHICLE;;;;[43.17766363822149, -88.01168947572921];8207 W BROWN DEER RD
152650055;09/22/2015;10:01 AM;4.0;THEFT OF MOTOR VEHICLE PARTS/ACCESSORIES;;;;[43.1873150854104, -88.00272019893026];9227 N 75TH ST
152650068;09/22/2015;11:40 AM;4.0;THEFT OF MOTOR VEHICLE PARTS/ACCESSORIES;;;;[43.17915407216228, -88.02866743559936];8990 N 95TH ST
152650090;09/22/2015;08:05 AM;4.0;THEFT OF MOTOR VEHICLE PARTS/ACCESSORIES;;;;[43.17445253396068, -88.02726612095276];9301 W HEATHER AV
152650118;09/22/2015;04:54 PM;4.0;THEFT FROM MOTOR VEHICLE;THEFT OF MOTOR VEHICLE PARTS/ACCESSORIES;;;[43.14188953171602, -87.97804582001416];6850 N 53RD ST
152640031;09/21/2015;02:43 AM;4.0;THEFT FROM BUILDING;;;;[43.14241108520401, -88.00540238458716];6800 N 76TH ST
152630116;09/20/2015;04:04 PM;4.0;THEFT FROM MOTOR VEHICLE;;;;[43.16165824528295, -88.04439287621996];7992 N 107TH ST
152620178;09/19/2015;11:09 AM;4.0;THEFT FROM BUILDING;;;;[43.16565427116393, -88.04429237795071];8140 N 107TH ST
152620193;09/19/2015;08:57 PM;4.0;THEFT FROM MOTOR VEHICLE;;;;[43.17425046681874, -88.00822994892954];7821 W HEATHER AV
152610042;09/18/2015;08:27 AM;4.0;THEFT FROM MOTOR VEHICLE;;;;[43.14880047229946, -88.01396020933078];8300 W GOOD HOPE RD
152600106;09/17/2015;12:44 PM;4.0;THEFT FROM MOTOR VEHICLE;;;;[43.14557979558252, -87.97893588969742];7035 N PRESIDIO DR #A
152580046;09/15/2015;08:39 AM;4.0;THEFT OF MOTOR VEHICLE PARTS/ACCESSORIES;;;;[43.17445253396068, -88.02726612095276];9301 W HEATHER AV
152580109;09/15/2015;03:15 PM;4.0;THEFT FROM BUILDING;;;;[43.184798530637735, -88.00450228693765];9125 N 76TH ST #34B
152570050;09/14/2015;09:09 AM;4.0;THEFT FROM MOTOR VEHICLE;;;;[43.18522197042635, -87.99735169591365];9223 N 70TH ST
152550021;09/12/2015;03:04 AM;4.0;THEFT FROM BUILDING;;;;[43.17250852039933, -88.04510011449015];8565 N 107TH ST
152550071;09/12/2015;01:23 PM;4.0;THEFT FROM MOTOR VEHICLE;;;;[43.14850529724829, -88.01531306874628];8299 W GOOD HOPE RD
152550073;09/12/2015;01:33 PM;4.0;THEFT FROM MOTOR VEHICLE;;;;[43.14851240261789, -88.01440713412266];8235 W GOOD HOPE RD
152550101;09/12/2015;01:37 PM;4.0;THEFT FROM MOTOR VEHICLE;;;;[43.18773786574477, -88.00219589096285];7470 W GLENBROOK RD #123
152540055;09/11/2015;09:18 AM;4.0;THEFT FROM MOTOR VEHICLE;;;;[43.160099971694805, -87.98500062103874];7837-A N 60TH ST
152510175;09/08/2015;07:37 PM;4.0;THEFT OF MOTOR VEHICLE PARTS/ACCESSORIES;;;;[43.14056646047076, -88.01229402997862];8120 W CASPER ST
152520007;09/08/2015;10:10 PM;4.0;THEFT FROM MOTOR VEHICLE;;;;[43.18914862656231, -88.00460704756632];7619 W GLENBROOK RD
152490150;09/06/2015;06:31 PM;4.0;THEFT FROM BUILDING;;;;[43.14755738773155, -88.00527532356205];7130 N 76TH ST
152490157;09/06/2015;07:41 PM;4.0;THEFT FROM MOTOR VEHICLE;;;;[43.16118416319467, -88.00462336626529];7878 N 76TH ST
152490165;09/06/2015;12:44 PM;4.0;THEFT FROM BUILDING;;;;[43.14855647114749, -88.00273354677127];7401 W GOOD HOPE RD
152490176;09/06/2015;10:02 PM;4.0;THEFT OF MOTOR VEHICLE PARTS/ACCESSORIES;;;;[43.1452892200935, -87.98550336020578];7040 N 60TH ST
152480118;09/05/2015;04:12 PM;4.0;THEFT FROM COIN-OPPERATED MACHINES;DESTRUCTION/DAMAGE/VANDALISM OF PROPERTY;;;[43.17844561166286, -88.04246567069649];10501 W BROWN DEER RD
152470076;09/04/2015;10:27 AM;4.0;THEFT FROM MOTOR VEHICLE;;;;[43.14841958455556, -87.9924408138193];6555 W GOOD HOPE RD
152460007;09/03/2015;01:10 AM;4.0;THEFT FROM MOTOR VEHICLE;;;;[43.12809747879262, -87.98957066472387];6300 W KAUL AV
152460167;09/03/2015;09:53 PM;4.0;THEFT FROM MOTOR VEHICLE;;;;[43.116560797441046, -87.98744134731001];5421 N 61ST ST
152460056;09/02/2015;09:58 AM;4.0;THEFT FROM BUILDING;;;;[43.15963709619401, -87.98493144472818];7798 N 60TH ST
152440098;09/01/2015;03:34 PM;4.0;THEFT FROM MOTOR VEHICLE;;;;[43.115681460470746, -87.984261];5716 W CUSTER AV
